Kundennummer;Rechnungsnummer;Datum;Markt;Warengruppe;Position;Art. Nr.;Menge;Gewicht;Einheit;Artikelbezeichnung;Preis;Positionspreis;MwSt;EAN;Pfand;Aktion;MwSt. Code;Detailrichtpreis;
90032159;64131386;2026-08-12;BGH;Früchte + Gemüse;10;000079;-19;;St;Ifco LiftLock;3.2;-60.8;0;2000007960008;0;0;0;;
90032159;64131386;2026-08-12;BGH;Food;10;511410;1;;Ds;Economy Sweet Corn - Maiskörner, 6 x 2,125 kg;5.14;30.84;0.80184;7610034526075;0;0;1;;
90032159;64131386;2026-08-12;BGH;Nearfood;10;975792;3;;Pk;Quality Einweghandschuhe Nitril, Grösse L, schwarz, 100 St;9.64;28.92;2.34252;7610034546639;0;0;2;;
90032159;64131386;2026-08-12;BGH;Food;20;511101;2;;Gl;Quality Kapernäpfel mit Stiel, 1,695 kg;21.7;43.4;1.1284;7610034524897;0;0;1;;
90032159;64131386;2026-08-12;BGH;Nonfood;20;991237;1;;Pk;Backstar Backpapier GN 1/1 53 x 32,5 cm Pack zu 300 Bogen;31.29;31.29;2.53449;7610222012854;0;0;2;;
90032159;64131386;2026-08-12;BGH;Food;30;512280;2;;Bt;Quality Pfeffer schwarz ganz, 800 g;19.78;39.56;1.02856;7610034518285;0;0;1;;
90032159;64131386;2026-08-12;BGH;Nonfood;30;991228;2;;Rl;Jet-Cut Frischhaltefolie PE Refill 45 cm x 500 m;27.25;54.5;4.4145;7610222701741;0;0;2;;
90032159;64131386;2026-08-12;BGH;Früchte + Gemüse;40;000079;5;;St;Ifco LiftLock;3.2;16;0;2000007960008;0;0;0;;
90032159;64131386;2026-08-12;BGH;Food;40;345771;1;;Bt;American Sandwich Toast nature, 7 x 825 g;4.8;33.6;0.8736;83228850000596;0;0;1;;
90032159;64131386;2026-08-12;BGH;Food;50;349611;1;;Kt;Hardy's Hüppen Topolinos, 300 Stück;26.7;26.7;0.6942;7610666001025;0;1;1;;
90032159;64131386;2026-08-12;BGH;Food;60;565650;1;;Kt;Heinz Tomato Ketchup, Beutel Cube, 100 x 20 g;14.99;14.99;0.38974;5413226100075;0;1;1;;
90032159;64131386;2026-08-12;BGH;Food;70;510190;1;;Kt;Quality Mayonnaise Portionen, 100 x 17 g;22.2;22.2;0.5772;7610034516588;0;0;1;;
90032159;64131386;2026-08-12;BGH;Food;80;399030;2;;Gl;Pommery Senf Meaux, 500 g;11.81;23.62;0.61412;3158697781010;0;0;1;;
90032159;64131386;2026-08-12;BGH;Food;90;201530;2;;Fl;Sriracha Hot Chilli Sauce, 815 g;5.39;10.78;0.28028;016229912420;0;0;1;;
90032159;64131386;2026-08-12;BGH;Food;100;512801;1;;Gl;Peppadew Wilde Paprika gefüllt mit Frischkäse, 2 x 1,5 kg;33.9;67.8;1.7628;16007788003293;0;1;1;;
90032159;64131386;2026-08-12;BGH;Food;110;100431;2;;Fl;Blaze Balsamicosauce, dickflüssig, 380 ml;9.51;19.02;0.49452;8015352303909;0;0;1;;
90032159;64131386;2026-08-12;BGH;Food;120;428120;1;;Fl;Nectaflor Blütenhonig, 2,8 kg;30.22;30.22;0.78572;7610184010080;0;0;1;;
90032159;64131386;2026-08-12;BGH;Food;130;100080;1;;Lt;Quality Rapsöl, 20 l;3.52;70.4;1.8304;7610034515147;0;0;1;;
90032159;64131386;2026-08-12;BGH;Food;140;345330;1;;Sa;Mangini Noccioletto, Haselnüsse mit Milchschokolade überzogen, 1 kg;22.99;22.99;0.59774;8004203103393;0;1;1;;
90032159;64131386;2026-08-12;BGH;Molkerei/Backwaren;150;013702;1;3.305;kg;Quality Raclette, eckig, 1/2 Laib ca. 3,2 kg;10.93;36.12365;0.9392149;2953272999993;0;0;1;;
90032159;64131386;2026-08-12;BGH;Molkerei/Backwaren;160;010455;1;2.013;kg;Cremo Greyerzer AOP, classic, ca. 2 kg;16.91;34.03983;0.88503558;2987945999997;0;0;1;;
90032159;64131386;2026-08-12;BGH;Molkerei/Backwaren;170;016781;4;;Sc;Quality Grana Padano DOP, Flocken, 500 g;9.77;39.08;1.01608;2001678190008;0;0;7;;
90032159;64131386;2026-08-12;BGH;Molkerei/Backwaren;180;016601;2;;kg;Quality Grana Padano DOP, gerieben, 1 kg;16.24;32.48;0.84448;4388040340352;0;0;7;;
90032159;64131386;2026-08-12;BGH;Molkerei/Backwaren;190;019481;3;;Be;Galbani Mascarpone, 500 g;7.73;23.19;0.60294;8000430171013;0;0;1;;
90032159;64131386;2026-08-12;BGH;Molkerei/Backwaren;200;024440;1;;Tp;Quality Vollrahm 35%, UHT, 12 x 1 l;5.9;70.8;1.8408;7610034505315;0;0;1;;
90032159;64131386;2026-08-12;BGH;Molkerei/Backwaren;210;022600;1;;Tp;Quality Vollmilch 3,5%, UHT, 12 x 1 l;1.28;15.36;0.39936;7610034507807;0;0;1;;
90032159;64131386;2026-08-12;BGH;Molkerei/Backwaren;220;096261;3;;Pk;Quality Vollei flüssig Import, Bodenhaltung, pasteurisiert, 1 kg;6.9;20.7;0.5382;7610034507609;0;0;1;;
90032159;64131386;2026-08-12;BGH;Molkerei/Backwaren;230;019372;4;;St;Soignon Bûche de chèvre, Weichkäse, 1 kg;16.47;65.88;1.71288;3523237481000;0;0;1;;
90032159;64131386;2026-08-12;BGH;Molkerei/Backwaren;240;010131;1;;Pk;Berner Alphobelkäse AOP, gerollt, 600 g;27.95;27.95;0.7267;7600400001121;0;0;1;;
90032159;64131386;2026-08-12;BGH;Früchte + Gemüse;250;042780;7;;St;Kopfsalat rot / grün, gemischt, 8 St;2.62;146.72;3.81472;7613399056126;0;0;7;;
90032159;64131386;2026-08-12;BGH;Früchte + Gemüse;251;000079;7;;St;Ifco LiftLock;3.2;22.4;0;2000007960008;0;0;0;;
90032159;64131386;2026-08-12;BGH;Früchte + Gemüse;260;044611;1;;kg;Rüebli / Karotten Gastro, gewaschen, Inland, 10 kg;2.02;20.2;0.5252;7628072012832;0;0;1;;
90032159;64131386;2026-08-12;BGH;Früchte + Gemüse;261;000079;1;;St;Ifco LiftLock;3.2;3.2;0;2000007960008;0;0;0;;
90032159;64131386;2026-08-12;BGH;Früchte + Gemüse;270;045708;1;;kg;Zucchetti CH, 5 kg;2.62;13.1;0.3406;7610632980538;0;0;1;;
90032159;64131386;2026-08-12;BGH;Früchte + Gemüse;271;000079;1;;St;Ifco LiftLock;3.2;3.2;0;2000007960008;0;0;0;;
90032159;64131386;2026-08-12;BGH;Früchte + Gemüse;280;049127;2;;Kt;Champignons braun, frisch, 1 kg;9.22;18.44;0.47944;7610473014843;0;0;1;;
90032159;64131386;2026-08-12;BGH;Früchte + Gemüse;290;040972;2;;kg;Cherry Rispentomaten, 3 kg;9.82;58.92;1.53192;7610632984666;0;0;1;;
90032159;64131386;2026-08-12;BGH;Früchte + Gemüse;291;000079;2;;St;Ifco LiftLock;3.2;6.4;0;2000007960008;0;0;0;;
90032159;64131386;2026-08-12;BGH;Früchte + Gemüse;300;046594;2;;Be;Avocado Purée / Guacamole, 500 g;6.9;13.8;0.3588;8436008521063;0;0;1;;
90032159;64131386;2026-08-12;BGH;Früchte + Gemüse;310;044549;1;;kg;Rucola / Rauke, 1 kg;14.04;14.04;0.36504;7610632992456;0;0;1;;
90032159;64131386;2026-08-12;BGH;Früchte + Gemüse;320;045005;1;3;kg;Spinat, 3 kg;7.74;23.22;0.60372;2904065999997;0;0;1;;
90032159;64131386;2026-08-12;BGH;Früchte + Gemüse;321;000079;1;;St;Ifco LiftLock;3.2;3.2;0;2000007960008;0;0;0;;
90032159;64131386;2026-08-12;BGH;Früchte + Gemüse;330;045042;1;;kg;Jung-Spinat ungewaschen, 1 kg;18.98;18.98;0.49348;7610514851017;0;0;1;;
90032159;64131386;2026-08-12;BGH;Früchte + Gemüse;340;046990;1;;Sc;Brombeeren, CH, 250 g;6.43;6.43;0.16718;7610632050064;0;0;7;;
90032159;64131386;2026-08-12;BGH;Früchte + Gemüse;350;047420;1;;Sc;Johannisbeeren, CH, 250 g;5;5;0.13;7610632050071;0;0;7;;
90032159;64131386;2026-08-12;BGH;Früchte + Gemüse;360;041229;1;;Bt;Dill, 250 g;8.81;8.81;0.22906;7610632971932;0;0;1;;
90032159;64131386;2026-08-12;BGH;Metzgerei;370;081540;1;3.404;kg;Quality Bratspeck ohne Schwarte, ohne Knorpel, 1/1, ca. 3 kg;12.99;44.21796;1.14966696;2945670999996;0;1;1;;
90032159;64131386;2026-08-12;BGH;Metzgerei;380;002409;3;3.294;kg;Rinds-Filetspitz Kopf II, ca. 1,5 kg;39.9;131.4306;3.4171956;97610100000006;0;0;1;;
90032159;64131386;2026-08-12;BGH;Früchte + Gemüse;390;000079;1;;St;Ifco LiftLock;3.2;3.2;0;2000007960008;0;0;0;;
90032159;64131386;2026-08-12;BGH;Früchte + Gemüse;400;000079;2;;St;Ifco LiftLock;3.2;6.4;0;2000007960008;0;0;0;;
90032159;64126994;2026-08-10;BGH;Food;10;213411;2;;kg;Economy Spaghetti, 5 kg;1.59;15.9;0.4134;4388040200779;0;0;1;;
90032159;64126994;2026-08-10;BGH;Food;20;564040;1;;Gl;Bosco d'oro Carpaccio, aus Sommertrüffeln, schwarz, 45 g;18.93;18.93;0.49218;8032680690549;0;0;1;;
90032159;64126994;2026-08-10;BGH;Food;30;125410;1;;Lt;Economy Olivenöl extra vergine Spanien, 5 l;8.2;41;1.066;8413080025689;0;0;1;;
90032159;64126994;2026-08-10;BGH;Food;40;391251;1;;Ke;Economy Salat-Mayonnaise, 9,4 kg;29.44;29.44;0.76544;7610034511705;0;0;1;;
90032159;64126994;2026-08-10;BGH;Food;50;345330;1;;Sa;Mangini Noccioletto, Haselnüsse mit Milchschokolade überzogen, 1 kg;22.99;22.99;0.59774;8004203103393;0;1;1;;
90032159;64126994;2026-08-10;BGH;Food;60;100080;1;;Lt;Quality Rapsöl, 20 l;3.52;70.4;1.8304;7610034515147;0;0;1;;
90032159;64126994;2026-08-10;BGH;Food;70;448060;2;;Ds;Hilcona Randensalat gewürfelt, 3 kg;15.25;30.5;0.793;7610227328127;0;0;1;;
90032159;64126994;2026-08-10;BGH;Food;80;111410;1;;Pk;Quality Zuckersticks schwarz, 1000 x 5 g;16.72;16.72;0.43472;7610034510647;0;0;1;;
90032159;64126994;2026-08-10;BGH;Food;90;580230;3;;Bt;Le Dragon Panko Paniermehl, 1 kg;6.67;20.01;0.52026;7613324116680;0;0;1;;
90032159;64126994;2026-08-10;BGH;Food;100;102971;1;;kg;Economy Paniermehl, 5 kg;2.24;11.2;0.2912;4388040255021;0;0;1;;
90032159;64126994;2026-08-10;BGH;Food;110;591117;2;;Ke;Valenzi Wildpreiselbeeren, 2 kg;15.01;30.02;0.78052;4100240150094;0;0;1;;
90032159;64126994;2026-08-10;BGH;Molkerei/Backwaren;120;013702;2;6.615;kg;Quality Raclette, eckig, 1/2 Laib ca. 3,2 kg;10.93;72.30195;1.8798507;2953272999993;0;0;1;;
90032159;64126994;2026-08-10;BGH;Molkerei/Backwaren;130;010455;1;2.303;kg;Cremo Greyerzer AOP, classic, ca. 2 kg;16.91;38.94373;1.01253698;2987945999997;0;0;1;;
90032159;64126994;2026-08-10;BGH;Molkerei/Backwaren;140;022600;1;;Tp;Quality Vollmilch 3,5%, UHT, 12 x 1 l;1.28;15.36;0.39936;7610034507807;0;0;1;;
90032159;64126994;2026-08-10;BGH;Molkerei/Backwaren;150;014641;15;;Be;Premium Burrata, 2 x 125 g;5.39;80.85;2.1021;7610034511026;0;0;1;;
90032159;64126994;2026-08-10;BGH;Molkerei/Backwaren;160;019372;3;;St;Soignon Bûche de chèvre, Weichkäse, 1 kg;16.47;49.41;1.28466;3523237481000;0;0;1;;
90032159;64126994;2026-08-10;BGH;Molkerei/Backwaren;170;010131;1;;Pk;Berner Alphobelkäse AOP, gerollt, 600 g;27.95;27.95;0.7267;7600400001121;0;0;1;;
90032159;64126994;2026-08-10;BGH;Molkerei/Backwaren;180;010843;1;1.005;kg;Emmi Luzerner Rahmkäse, 1/4 Laib ca. 1,1 kg;22.29;22.40145;0.5824377;2900223999991;0;0;1;;
90032159;64126994;2026-08-10;BGH;Molkerei/Backwaren;190;024790;1;;Ds;Floralp Vollrahm 35%, ohne Zucker, UHT, 6 x 500 g;6.4;38.4;0.9984;7612300013173;0;1;7;;
90032159;64126994;2026-08-10;BGH;Molkerei/Backwaren;200;025040;2;;Kt;Quality Kaffeerahm Portionen 15%, UHT, 200 x 12 g;11.3;22.6;0.5876;7610034505124;0;0;1;;
90032159;64126994;2026-08-10;BGH;Metzgerei;360;055710;1;;kg;Bell Pulled Beef tiefgekühlt, 4 x 1 kg;25.9;103.6;2.6936;7610162275326;0;0;1;;
90032159;64126994;2026-08-10;BGH;Metzgerei;400;087443;2;1.009;kg;Appenzeller Mostbröckli 1/2, IGP, ca. 500 g;63.9;64.4751;1.6763526;2976861999990;0;0;1;;
90032159;64126994;2026-08-10;BGH;Früchte + Gemüse;440;000079;2;;St;Ifco LiftLock;3.2;6.4;0;2000007960008;0;0;0;;
90032159;64125501;2026-08-08;BGH;Früchte + Gemüse;10;000079;-24;;St;Ifco LiftLock;3.2;-76.8;0;2000007960008;0;0;0;;
90032159;64125501;2026-08-08;BGH;Früchte + Gemüse;210;044107;1;;kg;Peperoni Tricolor, Import, 5 kg;4.88;24.4;0.6344;7610632977132;0;0;1;;
90032159;64125501;2026-08-08;BGH;Früchte + Gemüse;211;000079;1;;St;Ifco LiftLock;3.2;3.2;0;2000007960008;0;0;0;;
90032159;64125501;2026-08-08;BGH;Früchte + Gemüse;220;042780;7;;St;Kopfsalat rot / grün, gemischt, 8 St;2.5;140;3.64;7613399056126;0;0;7;;
90032159;64125501;2026-08-08;BGH;Früchte + Gemüse;221;000079;7;;St;Ifco LiftLock;3.2;22.4;0;2000007960008;0;0;0;;
90032159;64125501;2026-08-08;BGH;Früchte + Gemüse;230;044720;2;;Bd;Salbei Bund, 80 g;4.22;8.44;0.21944;7610632942598;0;0;1;;
90032159;64125501;2026-08-08;BGH;Früchte + Gemüse;240;043598;1;;Bt;Minze, 250 g;8.81;8.81;0.22906;7610632977873;0;0;1;;
90032159;64125501;2026-08-08;BGH;Früchte + Gemüse;250;040674;1;6;kg;Broccoli, ca. 6 kg;5.47;32.82;0.85332;2903734999993;0;0;1;;
90032159;64125501;2026-08-08;BGH;Früchte + Gemüse;251;000079;1;;St;Ifco LiftLock;3.2;3.2;0;2000007960008;0;0;0;;
90032159;64125501;2026-08-08;BGH;Früchte + Gemüse;260;048827;1;;kg;Zitronen, 6 kg;2.74;16.44;0.42744;7610632320723;0;0;1;;
90032159;64125501;2026-08-08;BGH;Früchte + Gemüse;261;000079;1;;St;Ifco LiftLock;3.2;3.2;0;2000007960008;0;0;0;;
90032159;64125501;2026-08-08;BGH;Früchte + Gemüse;270;040454;1;6;kg;Blumenkohl, ca. 7,5 kg;4.52;27.12;0.70512;2903704999992;0;0;1;;
90032159;64125501;2026-08-08;BGH;Früchte + Gemüse;271;000079;1;;St;Ifco LiftLock;3.2;3.2;0;2000007960008;0;0;0;;
90032159;64125501;2026-08-08;BGH;Früchte + Gemüse;280;047972;1;19.67;kg;Wassermelone Dumara, 2 Stück zu ca. 9 kg;1.25;24.5875;0.639275;2917234999995;0;1;1;;
90032159;64125501;2026-08-08;BGH;Früchte + Gemüse;290;040258;1;;kg;Auberginen, 5 kg;3.65;18.25;0.4745;7610632977057;0;1;1;;
90032159;64125501;2026-08-08;BGH;Früchte + Gemüse;291;000079;1;;St;Ifco LiftLock;3.2;3.2;0;2000007960008;0;0;0;;
90032159;64125501;2026-08-08;BGH;Früchte + Gemüse;300;046990;2;;Sc;Brombeeren, CH, 250 g;6.43;12.86;0.33436;7610632050064;0;0;7;;
90032159;64125501;2026-08-08;BGH;Früchte + Gemüse;310;047420;1;;Sc;Johannisbeeren, CH, 250 g;5;5;0.13;7610632050071;0;0;7;;
90032159;64125501;2026-08-08;BGH;Früchte + Gemüse;320;044861;2;3.47;kg;Knollensellerie gepackt, 3 St ca. 2,4 kg;3.33;11.5551;0.3004326;2904751999997;0;0;1;;
90032159;64125501;2026-08-08;BGH;Früchte + Gemüse;330;040972;2;;kg;Cherry Rispentomaten, 3 kg;9.46;56.76;1.47576;7610632984666;0;0;1;;
90032159;64125501;2026-08-08;BGH;Früchte + Gemüse;331;000079;2;;St;Ifco LiftLock;3.2;6.4;0;2000007960008;0;0;0;;
90032159;64125501;2026-08-08;BGH;Früchte + Gemüse;340;049127;3;;Kt;Champignons braun, frisch, 1 kg;9.22;27.66;0.71916;7610473014843;0;0;1;;
90032159;64125501;2026-08-08;BGH;Früchte + Gemüse;350;045208;1;;kg;Tomaten, rund, 6 kg;4.05;24.3;0.6318;7610632980576;0;0;1;;
90032159;64125501;2026-08-08;BGH;Früchte + Gemüse;351;000079;1;;St;Ifco LiftLock;3.2;3.2;0;2000007960008;0;0;0;;
90032159;64125501;2026-08-08;BGH;Metzgerei;370;002576;2;5.302;kg;Poulet Schenkel Geschnetzeltes, ca. 2.5 kg;16.9;89.6038;2.3296988;2942251999994;0;0;1;;
90032159;64125501;2026-08-08;BGH;Metzgerei;380;002109;1;3.718;kg;Schweins-Nierstück, lang, ca. 3 kg;14.9;55.3982;1.4403532;97610011597893;0;0;1;;
90032159;64125501;2026-08-08;BGH;Metzgerei;410;086713;2;3.641;kg;Bell Schwarzwald Rohschinken 1/2 ca. 1,5 kg;21.5;78.2815;2.035319;2992423999994;0;0;1;;
90032159;64125501;2026-08-08;BGH;Metzgerei;420;002081;2;5.312;kg;Rinds-Hohrücken, ohne Deckel, ca. 2,5 kg;40.9;217.2608;5.6487808;97610011014239;0;0;1;;
90032159;64125501;2026-08-08;BGH;Früchte + Gemüse;430;000079;1;;St;Ifco LiftLock;3.2;3.2;0;2000007960008;0;0;0;;
90032159;64119518;2026-08-05;BGH;Früchte + Gemüse;10;000079;-35;;St;Ifco LiftLock;3.2;-112;0;2000007960008;0;0;0;;
90032159;64119518;2026-08-05;BGH;Food;10;345771;1;;Bt;American Sandwich Toast nature, 7 x 825 g;4.8;33.6;0.8736;83228850000596;0;0;1;;
90032159;64119518;2026-08-05;BGH;Food;10;391251;2;;Ke;Economy Salat-Mayonnaise, 9,4 kg;29.44;58.88;1.53088;7610034511705;0;0;1;;
90032159;64119518;2026-08-05;BGH;Nearfood;10;992830;2;;Kt;Quality Handtuch W-Falz, 2-lagig, weiss, 15 x 125 St;34.39;68.78;5.57118;7610034509610;0;0;3;;
90032159;64119518;2026-08-05;BGH;Food;20;209170;1;;kg;Quality Tagliatelle, 4-Ei, 6 mm, 5 kg;6.26;31.3;0.8138;7610034522718;0;0;1;;
90032159;64119518;2026-08-05;BGH;Food;20;249021;2;;Ds;Quality Apfelmus, gezuckert, 2.585kg;5.95;11.9;0.3094;7610034536869;0;1;1;;
90032159;64119518;2026-08-05;BGH;Food;20;565650;2;;Kt;Heinz Tomato Ketchup, Beutel Cube, 100 x 20 g;19.72;39.44;1.02544;5413226100075;0;0;1;;
90032159;64119518;2026-08-05;BGH;Nearfood;20;992093;1;;Pk;Quality Toilettenpapier, 4-lagig, weiss, 160 Blatt, 24 Rl;16.54;16.54;1.33974;7610034532120;0;0;3;;
90032159;64119518;2026-08-05;BGH;Food;30;510190;2;;Kt;Quality Mayonnaise Portionen, 100 x 17 g;22.2;44.4;1.1544;7610034516588;0;0;1;;
90032159;64119518;2026-08-05;BGH;Nonfood;30;991261;2;;Pk;Alustar Alubox mit Deckel Take Away 0,9 l Pack zu 25 Stück;11.76;23.52;1.90512;7610222701468;0;0;2;;
90032159;64119518;2026-08-05;BGH;Food;40;512440;1;;Bt;Quality Röstzwiebeln, 500 g;5.76;5.76;0.14976;4388040277375;0;0;1;;
90032159;64119518;2026-08-05;BGH;Nonfood;40;930230;2;;Pk;VC999 Vakuumbeutel, 90 µm, 180 x 260 mm, Pack zu 100 Stück;11.14;22.28;1.80468;7640144910211;0;0;2;;
90032159;64119518;2026-08-05;BGH;Früchte + Gemüse;50;000079;3;;St;Ifco LiftLock;3.2;9.6;0;2000007960008;0;0;0;;
90032159;64119518;2026-08-05;BGH;Food;50;100080;1;;Lt;Quality Rapsöl, 20 l;3.52;70.4;1.8304;7610034515147;0;0;1;;
90032159;64119518;2026-08-05;BGH;Food;60;115081;1;;Lt;Quality Frito 2000 Gold, Frittieröl, 20 l;3.99;79.8;2.0748;7610034515079;0;1;1;;
90032159;64119518;2026-08-05;BGH;Food;70;399030;2;;Gl;Pommery Senf Meaux, 500 g;11.81;23.62;0.61412;3158697781010;0;0;1;;
90032159;64119518;2026-08-05;BGH;Food;80;564040;1;;Gl;Bosco d'oro Carpaccio, aus Sommertrüffeln, schwarz, 45 g;18.93;18.93;0.49218;8032680690549;0;0;1;;
90032159;64119518;2026-08-05;BGH;Food;90;345330;1;;Sa;Mangini Noccioletto, Haselnüsse mit Milchschokolade überzogen, 1 kg;28.48;28.48;0.74048;8004203103393;0;0;1;;
90032159;64119518;2026-08-05;BGH;Food;100;235140;1;;Sa;Riso Gallo Arborio, 5 kg;34.58;34.58;0.89908;8001420000870;0;0;1;;
90032159;64119518;2026-08-05;BGH;Food;110;448060;1;;Ds;Hilcona Randensalat gewürfelt, 3 kg;15.25;15.25;0.3965;7610227328127;0;0;1;;
90032159;64119518;2026-08-05;BGH;Food;130;510560;1;;Gl;Quality Gurken Längsschnitt, 6 x 1,6 kg;10.57;63.42;1.64892;7610034525436;0;0;1;;
90032159;64119518;2026-08-05;BGH;Food;140;511101;1;;Gl;Quality Kapernäpfel mit Stiel, 1,695 kg;21.7;21.7;0.5642;7610034524897;0;0;1;;
90032159;64119518;2026-08-05;BGH;Wein;150;639240;1;;Bx;Montagne Belle Allure Vin Rouge, 10 l BiB;22;22;1.782;7610593204872;0;0;3;;
90032159;64119518;2026-08-05;BGH;Molkerei/Backwaren;160;022600;1;;Tp;Quality Vollmilch 3,5%, UHT, 12 x 1 l;1.28;15.36;0.39936;7610034507807;0;0;1;;
90032159;64119518;2026-08-05;BGH;Molkerei/Backwaren;170;027310;1;;kg;Economy Butter, 10 x 1 kg;13.35;133.5;3.471;7610034508224;0;0;1;;
90032159;64119518;2026-08-05;BGH;Molkerei/Backwaren;180;027210;2;;Kt;Emmi Premium Butterportionen, Becher, 96 x 10 g;21.67;43.34;1.12684;7610900146291;0;0;1;;
90032159;64119518;2026-08-05;BGH;Molkerei/Backwaren;190;010455;1;2.276;kg;Cremo Greyerzer AOP, classic, ca. 2 kg;14.8;33.6848;0.8758048;2987945999997;0;1;1;;
90032159;64119518;2026-08-05;BGH;Molkerei/Backwaren;200;019372;3;;St;Soignon Bûche de chèvre, Weichkäse, 1 kg;16.47;49.41;1.28466;3523237481000;0;0;1;;
90032159;64119518;2026-08-05;BGH;Molkerei/Backwaren;210;010131;1;;Pk;Berner Alphobelkäse AOP, gerollt, 600 g;27.95;27.95;0.7267;7600400001121;0;0;1;;
90032159;64119518;2026-08-05;BGH;Molkerei/Backwaren;220;096261;4;;Pk;Quality Vollei flüssig Import, Bodenhaltung, pasteurisiert, 1 kg;6.9;27.6;0.7176;7610034507609;0;0;1;;
90032159;64119518;2026-08-05;BGH;Molkerei/Backwaren;230;014641;6;;Be;Premium Burrata, 2 x 125 g;5.39;32.34;0.84084;7610034511026;0;0;1;;
90032159;64119518;2026-08-05;BGH;Molkerei/Backwaren;240;095210;1;;St;Eier Import, Bodenhaltung, 53g+, 90 Stück;0.4;36;0.936;7640104163138;0;0;1;;
90032159;64119518;2026-08-05;BGH;Molkerei/Backwaren;250;025040;1;;Kt;Quality Kaffeerahm Portionen 15%, UHT, 200 x 12 g;11.3;11.3;0.2938;7610034505124;0;0;1;;
90032159;64119518;2026-08-05;BGH;Molkerei/Backwaren;260;012590;1;1.018;kg;Quality Brie Sandwich, 1/1 Laib ca. 1 kg;14.34;14.59812;0.37955112;2986872999995;0;0;1;;
90032159;64119518;2026-08-05;BGH;Molkerei/Backwaren;270;024673;1;;Ke;Quality Crème Fraîche Nature 35%, 2,5 kg;24.76;24.76;0.64376;7610034514973;0;0;1;;
90032159;64119518;2026-08-05;BGH;Molkerei/Backwaren;280;024440;1;;Tp;Quality Vollrahm 35%, UHT, 12 x 1 l;5.9;70.8;1.8408;7610034505315;0;0;1;;
90032159;64119518;2026-08-05;BGH;Früchte + Gemüse;290;044715;8;;St;Salanova Multiblatt assortiert, 8 St;2.68;171.52;4.45952;7610632963678;0;0;1;;
90032159;64119518;2026-08-05;BGH;Früchte + Gemüse;291;000079;8;;St;Ifco LiftLock;3.2;25.6;0;2000007960008;0;0;0;;
90032159;64119518;2026-08-05;BGH;Früchte + Gemüse;300;040972;2;;kg;Cherry Rispentomaten, 3 kg;9.46;56.76;1.47576;7610632984666;0;0;1;;
90032159;64119518;2026-08-05;BGH;Früchte + Gemüse;301;000079;2;;St;Ifco LiftLock;3.2;6.4;0;2000007960008;0;0;0;;
90032159;64119518;2026-08-05;BGH;Früchte + Gemüse;310;045208;1;;kg;Tomaten, rund, 6 kg;4.05;24.3;0.6318;7610632980576;0;0;1;;
90032159;64119518;2026-08-05;BGH;Früchte + Gemüse;311;000079;1;;St;Ifco LiftLock;3.2;3.2;0;2000007960008;0;0;0;;
90032159;64119518;2026-08-05;BGH;Früchte + Gemüse;320;044538;1;;Bt;Rosmarin, 250 g;8.81;8.81;0.22906;7610632969816;0;0;1;;
90032159;64119518;2026-08-05;BGH;Früchte + Gemüse;330;044720;1;;Bd;Salbei Bund, 80 g;4.22;4.22;0.10972;7610632942598;0;0;1;;
90032159;64119518;2026-08-05;BGH;Früchte + Gemüse;340;049127;2;;Kt;Champignons braun, frisch, 1 kg;9.22;18.44;0.47944;7610473014843;0;0;1;;
90032159;64119518;2026-08-05;BGH;Früchte + Gemüse;350;046990;1;;Sc;Brombeeren, CH, 250 g;6.43;6.43;0.16718;7610632050064;0;0;7;;
90032159;64119518;2026-08-05;BGH;Früchte + Gemüse;360;047380;1;;Sc;Himbeeren, CH, 250 g;6.6;6.6;0.1716;7610632050019;0;0;1;;
90032159;64119518;2026-08-05;BGH;Früchte + Gemüse;370;047420;1;;Sc;Johannisbeeren, CH, 250 g;5;5;0.13;7610632050071;0;0;7;;
90032159;64119518;2026-08-05;BGH;Früchte + Gemüse;380;041217;1;;Bd;Cipollotte / Bundzwiebeln, gepackt, 2 Bund, ca. 3 St;2.5;5;0.13;7610632974995;0;0;1;;
90032159;64119518;2026-08-05;BGH;Früchte + Gemüse;390;045882;1;;kg;Zwiebeln gross, 10 kg;2.08;20.8;0.5408;7628072003557;0;0;7;;
90032159;64119518;2026-08-05;BGH;Früchte + Gemüse;391;000079;1;;St;Ifco LiftLock;3.2;3.2;0;2000007960008;0;0;0;;
90032159;64119518;2026-08-05;BGH;Früchte + Gemüse;400;044549;1;;kg;Rucola / Rauke, 1 kg;14.04;14.04;0.36504;7610632992456;0;0;1;;
90032159;64119518;2026-08-05;BGH;Früchte + Gemüse;410;043600;1;0.445;kg;Meerrettich, Stück zu ca. 200 g;15.83;7.04435;0.1831531;2903750999991;0;0;1;;
90032159;64119518;2026-08-05;BGH;Früchte + Gemüse;420;045042;1;;kg;Jung-Spinat ungewaschen, 1 kg;18.98;18.98;0.49348;7610514851017;0;0;1;;
90032159;64119518;2026-08-05;BGH;Früchte + Gemüse;430;045005;1;3;kg;Spinat, 3 kg;7.74;23.22;0.60372;2904065999997;0;0;1;;
90032159;64119518;2026-08-05;BGH;Früchte + Gemüse;431;000079;1;;St;Ifco LiftLock;3.2;3.2;0;2000007960008;0;0;0;;
90032159;64119518;2026-08-05;BGH;Früchte + Gemüse;440;048827;1;;kg;Zitronen, 6 kg;2.74;16.44;0.42744;7610632320723;0;0;1;;
90032159;64119518;2026-08-05;BGH;Früchte + Gemüse;441;000079;1;;St;Ifco LiftLock;3.2;3.2;0;2000007960008;0;0;0;;
90032159;64119518;2026-08-05;BGH;Früchte + Gemüse;450;040674;1;6;kg;Broccoli, ca. 6 kg;5.47;32.82;0.85332;2903734999993;0;0;1;;
90032159;64119518;2026-08-05;BGH;Früchte + Gemüse;451;000079;1;;St;Ifco LiftLock;3.2;3.2;0;2000007960008;0;0;0;;
90032159;64119518;2026-08-05;BGH;Früchte + Gemüse;460;040454;1;6;kg;Blumenkohl, ca. 7,5 kg;4.52;27.12;0.70512;2903704999992;0;0;1;;
90032159;64119518;2026-08-05;BGH;Früchte + Gemüse;461;000079;1;;St;Ifco LiftLock;3.2;3.2;0;2000007960008;0;0;0;;
90032159;64119518;2026-08-05;BGH;Früchte + Gemüse;470;044861;2;3.675;kg;Knollensellerie gepackt, 3 St ca. 2,4 kg;3.33;12.23775;0.3181815;2904751999997;0;0;1;;
90032159;64119518;2026-08-05;BGH;Früchte + Gemüse;480;048130;1;;kg;Orangen blond, gepackt, ca. 2 kg;2.56;5.12;0.13312;7613399009115;0;0;7;;
90032159;64119518;2026-08-05;BGH;Früchte + Gemüse;490;041556;3;;Ne;Eschalotten, gepackt, 1 kg;4.17;12.51;0.32526;7610632974964;0;0;1;;
90032159;64119518;2026-08-05;BGH;Früchte + Gemüse;500;044664;1;5;kg;Karotten Pfälzer gelb gewaschen, 5 kg;2.86;14.3;0.3718;2992584999994;0;0;1;;
90032159;64119518;2026-08-05;BGH;Früchte + Gemüse;501;000079;1;;St;Ifco LiftLock;3.2;3.2;0;2000007960008;0;0;0;;
90032159;64119518;2026-08-05;BGH;Früchte + Gemüse;510;044611;1;;kg;Rüebli / Karotten Gastro, gewaschen, Inland, 10 kg;2.02;20.2;0.5252;7628072012832;0;0;1;;
90032159;64119518;2026-08-05;BGH;Früchte + Gemüse;511;000079;1;;St;Ifco LiftLock;3.2;3.2;0;2000007960008;0;0;0;;
90032159;64119518;2026-08-05;BGH;Früchte + Gemüse;520;040258;1;;kg;Auberginen, 5 kg;3.65;18.25;0.4745;7610632977057;0;1;1;;
90032159;64119518;2026-08-05;BGH;Früchte + Gemüse;521;000079;1;;St;Ifco LiftLock;3.2;3.2;0;2000007960008;0;0;0;;
90032159;64119518;2026-08-05;BGH;Früchte + Gemüse;530;045708;1;;kg;Zucchetti CH, 5 kg;2.74;13.7;0.3562;7610632980538;0;0;1;;
90032159;64119518;2026-08-05;BGH;Früchte + Gemüse;531;000079;1;;St;Ifco LiftLock;3.2;3.2;0;2000007960008;0;0;0;;
90032159;64119518;2026-08-05;BGH;Früchte + Gemüse;550;044006;1;;Sc;Peperoncini grün, 500 g;5.89;5.89;0.15314;7610632961308;0;0;1;;
90032159;64119518;2026-08-05;BGH;Früchte + Gemüse;560;040329;1;;Bt;Basilikum, 1 kg;29.69;29.69;0.77194;7610632989975;0;0;1;;
90032159;64119518;2026-08-05;BGH;Früchte + Gemüse;570;044747;1;;Bd;Schnittlauch gebündelt, 2 Bund à 100 g;5.71;11.42;0.29692;7640108600066;0;0;1;;
90032159;64119518;2026-08-05;BGH;Metzgerei;580;086713;2;3.891;kg;Bell Schwarzwald Rohschinken 1/2 ca. 1,5 kg;21.5;83.6565;2.175069;2992423999994;0;0;1;;
90032159;64119518;2026-08-05;BGH;Metzgerei;590;081540;1;2.784;kg;Quality Bratspeck ohne Schwarte, ohne Knorpel, 1/1, ca. 3 kg;16.5;45.936;1.194336;2945670999996;0;0;1;;
90032159;64119518;2026-08-05;BGH;Metzgerei;600;002081;2;5.649;kg;Rinds-Hohrücken, ohne Deckel, ca. 2,5 kg;40.9;231.0441;6.0071466;97610011014239;0;0;1;;
90032159;64119518;2026-08-05;BGH;Metzgerei;610;002409;2;3.062;kg;Rinds-Filetspitz Kopf II, ca. 1,5 kg;39.9;122.1738;3.1765188;97610100000006;0;0;1;;
90032159;64119518;2026-08-05;BGH;Metzgerei;620;086133;1;1.385;kg;Quality Bündnerfleisch Eckstück, Deutschland/Österreich, 1/2 ca. 1,5 kg;59.5;82.4075;2.142595;2965474999992;0;0;1;;
90032159;64119518;2026-08-05;BGH;Metzgerei;640;085662;1;0.928;kg;Bauernspeck schwarz 1/2 ohne Schwarte/Knorpel, ca. 900g;30.9;28.6752;0.7455552;2943444999999;0;0;1;;
90032159;64119518;2026-08-05;BGH;Metzgerei;650;068141;1;;kg;Economy ASC Crevetten Black Tiger, easy peel, entdarmt, 8/12, tiefgekühlt, 1 kg;18.9;18.9;0.4914;7610034523524;0;0;7;;
90032159;64119518;2026-08-05;BGH;Metzgerei;660;073346;1;;Pa;Quality Cervelas, 6 x 200 g;2.05;12.3;0.3198;7610162216091;0;0;1;;
90032159;64119518;2026-08-05;BGH;Früchte + Gemüse;670;000079;1;;St;Ifco LiftLock;3.2;3.2;0;2000007960008;0;0;0;;
90032159;64119518;2026-08-05;BGH;Früchte + Gemüse;680;000079;2;;St;Ifco LiftLock;3.2;6.4;0;2000007960008;0;0;0;;
90032159;64103914;2026-07-29;BGH;Früchte + Gemüse;10;000079;-29;;St;Ifco LiftLock;3.2;-92.8;0;2000007960008;0;0;0;;
90032159;64103914;2026-07-29;BGH;Früchte + Gemüse;10;045005;2;6;kg;Spinat, 3 kg;7.74;46.44;1.20744;2904065999997;0;0;1;;
90032159;64103914;2026-07-29;BGH;Food;10;115081;1;;Lt;Quality Frito 2000 Gold, Frittieröl, 20 l;4.96;99.2;2.5792;7610034515079;0;0;1;;
90032159;64103914;2026-07-29;BGH;Nearfood;10;975792;3;;Pk;Quality Einweghandschuhe Nitril, Grösse L, schwarz, 100 St;8.9;26.7;2.1627;7610034546639;0;0;2;;
90032159;64103914;2026-07-29;BGH;Früchte + Gemüse;11;000079;2;;St;Ifco LiftLock;3.2;6.4;0;2000007960008;0;0;0;;
90032159;64103914;2026-07-29;BGH;Food;20;235140;1;;Sa;Riso Gallo Arborio, 5 kg;34.58;34.58;0.89908;8001420000870;0;0;1;;
90032159;64103914;2026-07-29;BGH;Nearfood;20;993320;1;;Rl;Quality Wischtücher Midi, 2-lagig, weiss, 450 Blatt, 6 Rl;5.19;31.14;2.52234;7610034546196;0;1;3;;
90032159;64103914;2026-07-29;BGH;Food;30;511101;1;;Gl;Quality Kapernäpfel mit Stiel, 1,695 kg;21.7;21.7;0.5642;7610034524897;0;0;1;;
90032159;64103914;2026-07-29;BGH;Nonfood;30;991261;2;;Pk;Alustar Alubox mit Deckel Take Away 0,9 l Pack zu 25 Stück;11.76;23.52;1.90512;7610222701468;0;0;2;;
90032159;64103914;2026-07-29;BGH;Food;40;448060;2;;Ds;Hilcona Randensalat gewürfelt, 3 kg;11.75;23.5;0.611;7610227328127;0;1;1;;
90032159;64103914;2026-07-29;BGH;Nonfood;40;930430;1;;Pk;VC999 Vakuumbeutel, 90 µm, 300 x 400 mm, Pack zu 100 Stück;25.98;25.98;2.10438;7640144910266;0;0;2;;
90032159;64103914;2026-07-29;BGH;Food;50;681681;1;;Fl;Hero Topping Caramel, 1 kg;8.5;8.5;0.221;7614200101769;0;0;1;;
90032159;64103914;2026-07-29;BGH;Nonfood;50;930230;1;;Pk;VC999 Vakuumbeutel, 90 µm, 180 x 260 mm, Pack zu 100 Stück;11.14;11.14;0.90234;7640144910211;0;0;2;;
90032159;64103914;2026-07-29;BGH;Food;60;349611;1;;Kt;Hardy's Hüppen Topolinos, 300 Stück;33.5;33.5;0.871;7610666001025;0;0;1;;
90032159;64103914;2026-07-29;BGH;Nonfood;60;901180;1;;Pk;VC999 Vakuumbeutel kochfest 90 µm, 200 x 300 mm, Pack zu 100 Stück;24.58;24.58;1.99098;7640144910075;0;0;2;;
90032159;64103914;2026-07-29;BGH;Food;70;345771;1;;Bt;American Sandwich Toast nature, 7 x 825 g;3.95;27.65;0.7189;83228850000596;0;1;1;;
90032159;64103914;2026-07-29;BGH;Food;80;590015;1;;Bt;Agrano Pulver für Crème Vanille, 2 kg zum kalt anrühren;19.78;19.78;0.51428;7612709002426;0;0;1;;
90032159;64103914;2026-07-29;BGH;Food;90;595490;2;;Ds;Quality MSC Thon hell Yellowfin, solid, in Sonnenblumenöl, 1,88 kg;20.28;40.56;1.05456;7610034529724;0;0;1;;
90032159;64103914;2026-07-29;BGH;Food;100;209170;1;;kg;Quality Tagliatelle, 4-Ei, 6 mm, 5 kg;6.26;31.3;0.8138;7610034522718;0;0;1;;
90032159;64103914;2026-07-29;BGH;Food;110;100431;1;;Fl;Blaze Balsamicosauce, dickflüssig, 380 ml;9.51;9.51;0.24726;8015352303909;0;0;1;;
90032159;64103914;2026-07-29;BGH;Food;120;564040;1;;Gl;Bosco d'oro Carpaccio, aus Sommertrüffeln, schwarz, 45 g;18.93;18.93;0.49218;8032680690549;0;0;1;;
90032159;64103914;2026-07-29;BGH;Molkerei/Backwaren;130;013702;2;6.89;kg;Quality Raclette, eckig, 1/2 Laib ca. 3,2 kg;10.93;75.3077;1.9580002;2953272999993;0;0;1;;
90032159;64103914;2026-07-29;BGH;Molkerei/Backwaren;140;010455;1;2.152;kg;Cremo Greyerzer AOP, classic, ca. 2 kg;16.91;36.39032;0.94614832;2987945999997;0;0;1;;
90032159;64103914;2026-07-29;BGH;Molkerei/Backwaren;150;024440;1;;Tp;Quality Vollrahm 35%, UHT, 12 x 1 l;5.9;70.8;1.8408;7610034505315;0;0;1;;
90032159;64103914;2026-07-29;BGH;Molkerei/Backwaren;160;096261;1;;Pk;Quality Vollei flüssig Import, Bodenhaltung, pasteurisiert, 1 kg;6.9;6.9;0.1794;7610034507609;0;0;1;;
90032159;64103914;2026-07-29;BGH;Molkerei/Backwaren;170;018780;1;;Be;Züger Mascarpone, 6 x 500 g;4.14;24.84;0.64584;7640101091274;0;1;1;;
90032159;64103914;2026-07-29;BGH;Molkerei/Backwaren;180;097284;1;;Rl;Quality Blätterteig, palmfrei, ausgewallt, 170 x 42 cm, 2,5 kg;20.05;20.05;0.5213;7610815088570;0;0;1;;
90032159;64103914;2026-07-29;BGH;Molkerei/Backwaren;190;096271;1;;Pk;Quality Eigelb flüssig Import, Bodenhaltung, pasteurisiert, 1 kg;11.3;11.3;0.2938;7610034508835;0;0;1;;
90032159;64103914;2026-07-29;BGH;Früchte + Gemüse;200;044715;6;;St;Salanova Multiblatt assortiert, 8 St;1.99;95.52;2.48352;7610632963678;0;1;1;;
90032159;64103914;2026-07-29;BGH;Früchte + Gemüse;201;000079;6;;St;Ifco LiftLock;3.2;19.2;0;2000007960008;0;0;0;;
90032159;64103914;2026-07-29;BGH;Früchte + Gemüse;210;040674;1;6;kg;Broccoli, ca. 6 kg;5.47;32.82;0.85332;2903734999993;0;0;1;;
90032159;64103914;2026-07-29;BGH;Früchte + Gemüse;211;000079;1;;St;Ifco LiftLock;3.2;3.2;0;2000007960008;0;0;0;;
90032159;64103914;2026-07-29;BGH;Früchte + Gemüse;220;040454;1;6;kg;Blumenkohl, ca. 7,5 kg;4.64;27.84;0.72384;2903704999992;0;0;1;;
90032159;64103914;2026-07-29;BGH;Früchte + Gemüse;221;000079;1;;St;Ifco LiftLock;3.2;3.2;0;2000007960008;0;0;0;;
90032159;64103914;2026-07-29;BGH;Früchte + Gemüse;230;045708;1;;kg;Zucchetti CH, 5 kg;2.74;13.7;0.3562;7610632980538;0;0;1;;
90032159;64103914;2026-07-29;BGH;Früchte + Gemüse;231;000079;1;;St;Ifco LiftLock;3.2;3.2;0;2000007960008;0;0;0;;
90032159;64103914;2026-07-29;BGH;Früchte + Gemüse;240;048827;1;;kg;Zitronen, 6 kg;2.92;17.52;0.45552;7610632320723;0;0;1;;
90032159;64103914;2026-07-29;BGH;Früchte + Gemüse;241;000079;1;;St;Ifco LiftLock;3.2;3.2;0;2000007960008;0;0;0;;
90032159;64103914;2026-07-29;BGH;Früchte + Gemüse;250;040972;1;;kg;Cherry Rispentomaten, 3 kg;9.46;28.38;0.73788;7610632984666;0;0;1;;
90032159;64103914;2026-07-29;BGH;Früchte + Gemüse;251;000079;1;;St;Ifco LiftLock;3.2;3.2;0;2000007960008;0;0;0;;
90032159;64103914;2026-07-29;BGH;Früchte + Gemüse;260;044107;1;;kg;Peperoni Tricolor, Import, 5 kg;4.34;21.7;0.5642;7610632977132;0;0;1;;
90032159;64103914;2026-07-29;BGH;Früchte + Gemüse;261;000079;1;;St;Ifco LiftLock;3.2;3.2;0;2000007960008;0;0;0;;
90032159;64103914;2026-07-29;BGH;Früchte + Gemüse;270;046594;2;;Be;Avocado Purée / Guacamole, 500 g;6.9;13.8;0.3588;8436008521063;0;0;1;;
90032159;64103914;2026-07-29;BGH;Früchte + Gemüse;280;046990;1;;Sc;Brombeeren, CH, 250 g;6.31;6.31;0.16406;7610632050064;0;0;7;;
90032159;64103914;2026-07-29;BGH;Früchte + Gemüse;290;047380;1;;Sc;Himbeeren, CH, 250 g;6.72;6.72;0.17472;7610632050019;0;0;1;;
90032159;64103914;2026-07-29;BGH;Metzgerei;300;073346;2;;Pa;Quality Cervelas, 6 x 200 g;2.05;24.6;0.6396;7610162216091;0;0;1;;
90032159;64103914;2026-07-29;BGH;Metzgerei;310;002081;1;2.577;kg;Rinds-Hohrücken, ohne Deckel, ca. 2,5 kg;40.9;105.3993;2.7403818;97610011014239;0;0;1;;
90032159;64103914;2026-07-29;BGH;Metzgerei;320;081540;1;4.276;kg;Quality Bratspeck ohne Schwarte, ohne Knorpel, 1/1, ca. 3 kg;16.5;70.554;1.834404;2945670999996;0;0;1;;
90032159;64103914;2026-07-29;BGH;Metzgerei;330;086713;1;1.791;kg;Bell Schwarzwald Rohschinken 1/2 ca. 1,5 kg;16.99;30.42909;0.79115634;2992423999994;0;1;1;;
90032159;64103914;2026-07-29;BGH;Metzgerei;340;068141;1;;kg;Economy ASC Crevetten Black Tiger, easy peel, entdarmt, 8/12, tiefgekühlt, 1 kg;18.9;18.9;0.4914;7610034523524;0;0;7;;
90032159;64103914;2026-07-29;BGH;Früchte + Gemüse;350;000079;3;;St;Ifco LiftLock;3.2;9.6;0;2000007960008;0;0;0;;
90032159;64103914;2026-07-29;BGH;Früchte + Gemüse;360;000079;3;;St;Ifco LiftLock;3.2;9.6;0;2000007960008;0;0;0;;
90032159;64098299;2026-07-25;BGH;Früchte + Gemüse;10;000079;-18;;St;Ifco LiftLock;3.2;-57.6;0;2000007960008;0;0;0;;
90032159;64098299;2026-07-25;BGH;Metzgerei;10;001057;4;12.498;kg;Rinds-Entrecote II, enthäutet, gesteakt, ca. 3.3 kg;32.99;412.30902;10.72003452;97610011315633;0;0;1;;
90032159;64098299;2026-07-25;BGH;Food;10;111410;1;;Pk;Quality Zuckersticks schwarz, 1000 x 5 g;16.72;16.72;0.43472;7610034510647;0;0;1;;
90032159;64098299;2026-07-25;BGH;Food;20;110060;1;;Pk;Feinkristallzucker, 10 x 1 kg;1.37;13.7;0.3562;7610034510661;0;0;1;;
90032159;64098299;2026-07-25;BGH;Food;30;564040;1;;Gl;Bosco d'oro Carpaccio, aus Sommertrüffeln, schwarz, 45 g;18.93;18.93;0.49218;8032680690549;0;0;1;;
90032159;64098299;2026-07-25;BGH;Food;40;391251;2;;Ke;Economy Salat-Mayonnaise, 9,4 kg;28.95;57.9;1.5054;7610034511705;0;0;1;;
90032159;64098299;2026-07-25;BGH;Food;50;391322;1;;Ds;Economy Cornichons, mittelfein, 6 x 2,9 kg;12.37;74.22;1.92972;7610034524149;0;0;1;;
90032159;64098299;2026-07-25;BGH;Food;60;125410;1;;Lt;Economy Olivenöl extra vergine Spanien, 5 l;8.2;41;1.066;8413080025689;0;0;1;;
90032159;64098299;2026-07-25;BGH;Food;70;391241;1;;Ke;Economy Senf mild, 5,25 kg;10.68;10.68;0.27768;7610034512641;0;0;1;;
90032159;64098299;2026-07-25;BGH;Food;80;565650;1;;Kt;Heinz Tomato Ketchup, Beutel Cube, 100 x 20 g;19.72;19.72;0.51272;5413226100075;0;0;1;;
90032159;64098299;2026-07-25;BGH;Food;90;345330;1;;Sa;Mangini Noccioletto, Haselnüsse mit Milchschokolade überzogen, 1 kg;28.48;28.48;0.74048;8004203103393;0;0;1;;
90032159;64098299;2026-07-25;BGH;Food;100;511101;1;;Gl;Quality Kapernäpfel mit Stiel, 1,695 kg;21.7;21.7;0.5642;7610034524897;0;0;1;;
90032159;64098299;2026-07-25;BGH;Food;110;235440;1;;Lt;Quality Weissweinessig 4.5°, 10 l;2.84;28.4;0.7384;7610034516724;0;0;1;;
90032159;64098299;2026-07-25;BGH;Food;120;100080;1;;Lt;Quality Rapsöl, 20 l;3.52;70.4;1.8304;7610034515147;0;0;1;;
90032159;64098299;2026-07-25;BGH;Getränke;130;625830;1;;Fl;Quality Grenadinesirup, Pack zu 6 Flaschen x 1 l;2.69;16.14;0.41964;7610034510050;0;1;1;;
90032159;64098299;2026-07-25;BGH;Getränke;140;681131;3;;Fl;Quality Himbeer-Sirup, Flasche zu 1 l;3.65;10.95;0.2847;7610034509757;0;1;1;;
90032159;64098299;2026-07-25;BGH;Molkerei/Backwaren;150;018780;1;;Be;Züger Mascarpone, 6 x 500 g;4.14;24.84;0.64584;7640101091274;0;1;1;;
90032159;64098299;2026-07-25;BGH;Molkerei/Backwaren;160;096261;4;;Pk;Quality Vollei flüssig Import, Bodenhaltung, pasteurisiert, 1 kg;6.9;27.6;0.7176;7610034507609;0;0;1;;
90032159;64098299;2026-07-25;BGH;Molkerei/Backwaren;170;096271;2;;Pk;Quality Eigelb flüssig Import, Bodenhaltung, pasteurisiert, 1 kg;11.3;22.6;0.5876;7610034508835;0;0;1;;
90032159;64098299;2026-07-25;BGH;Molkerei/Backwaren;180;013702;1;3.255;kg;Quality Raclette, eckig, 1/2 Laib ca. 3,2 kg;10.93;35.57715;0.9250059;2953272999993;0;0;1;;
90032159;64098299;2026-07-25;BGH;Molkerei/Backwaren;190;010455;1;2.274;kg;Cremo Greyerzer AOP, classic, ca. 2 kg;16.91;38.45334;0.99978684;2987945999997;0;0;1;;
90032159;64098299;2026-07-25;BGH;Molkerei/Backwaren;200;014641;6;;Be;Premium Burrata, 2 x 125 g;5.39;32.34;0.84084;7610034511026;0;0;1;;
90032159;64098299;2026-07-25;BGH;Molkerei/Backwaren;210;016781;1;;Sc;Quality Grana Padano DOP, Flocken, 500 g;9.77;9.77;0.25402;2001678190008;0;0;7;;
90032159;64098299;2026-07-25;BGH;Molkerei/Backwaren;220;016601;2;;kg;Quality Grana Padano DOP, gerieben, 1 kg;16.24;32.48;0.84448;4388040340352;0;0;7;;
90032159;64098299;2026-07-25;BGH;Molkerei/Backwaren;230;019372;4;;St;Soignon Bûche de chèvre, Weichkäse, 1 kg;16.47;65.88;1.71288;3523237481000;0;0;1;;
90032159;64098299;2026-07-25;BGH;Molkerei/Backwaren;240;022600;1;;Tp;Quality Vollmilch 3,5%, UHT, 12 x 1 l;1.28;15.36;0.39936;7610034507807;0;0;1;;
90032159;64098299;2026-07-25;BGH;Molkerei/Backwaren;250;025040;1;;Kt;Quality Kaffeerahm Portionen 15%, UHT, 200 x 12 g;11.3;11.3;0.2938;7610034505124;0;0;1;;
90032159;64098299;2026-07-25;BGH;Früchte + Gemüse;260;046990;2;;Sc;Brombeeren, CH, 250 g;6.31;12.62;0.32812;7610632050064;0;0;7;;
90032159;64098299;2026-07-25;BGH;Früchte + Gemüse;270;047380;2;;Sc;Himbeeren, CH, 250 g;6.72;13.44;0.34944;7610632050019;0;0;1;;
90032159;64098299;2026-07-25;BGH;Früchte + Gemüse;280;047420;2;;Sc;Johannisbeeren, CH, 250 g;5.36;10.72;0.27872;7610632050071;0;0;7;;
90032159;64098299;2026-07-25;BGH;Früchte + Gemüse;290;044549;1;;kg;Rucola / Rauke, 1 kg;13.45;13.45;0.3497;7610632992456;0;0;1;;
90032159;64098299;2026-07-25;BGH;Früchte + Gemüse;300;040401;1;;kg;Baked Potatoes, festkochend, 10 kg;1.65;16.5;0.429;7628072012900;0;1;1;;
90032159;64098299;2026-07-25;BGH;Früchte + Gemüse;301;000079;1;;St;Ifco LiftLock;3.2;3.2;0;2000007960008;0;0;0;;
90032159;64098299;2026-07-25;BGH;Früchte + Gemüse;310;043600;1;0.33;kg;Meerrettich, Stück zu ca. 200 g;15.83;5.2239;0.1358214;2903750999991;0;0;1;;
90032159;64098299;2026-07-25;BGH;Früchte + Gemüse;320;040329;1;;Bt;Basilikum, 1 kg;29.69;29.69;0.77194;7610632989975;0;0;1;;
90032159;64098299;2026-07-25;BGH;Früchte + Gemüse;330;044715;4;;St;Salanova Multiblatt assortiert, 8 St;1.99;63.68;1.65568;7610632963678;0;1;1;;
90032159;64098299;2026-07-25;BGH;Früchte + Gemüse;331;000079;4;;St;Ifco LiftLock;3.2;12.8;0;2000007960008;0;0;0;;
90032159;64098299;2026-07-25;BGH;Früchte + Gemüse;340;045186;1;;Bd;Thymian Bund, 80 g;4.22;4.22;0.10972;7610632942604;0;0;1;;
90032159;64098299;2026-07-25;BGH;Früchte + Gemüse;350;049127;2;;Kt;Champignons braun, frisch, 1 kg;9.22;18.44;0.47944;7610473014843;0;0;1;;
90032159;64098299;2026-07-25;BGH;Früchte + Gemüse;360;041556;3;;Ne;Eschalotten, gepackt, 1 kg;4.17;12.51;0.32526;7610632974964;0;0;1;;
90032159;64098299;2026-07-25;BGH;Früchte + Gemüse;370;048827;1;;kg;Zitronen, 6 kg;2.92;17.52;0.45552;7610632320723;0;0;1;;
90032159;64098299;2026-07-25;BGH;Früchte + Gemüse;371;000079;1;;St;Ifco LiftLock;3.2;3.2;0;2000007960008;0;0;0;;
90032159;64098299;2026-07-25;BGH;Früchte + Gemüse;380;047753;2;2;kg;Limetten / Limes, ca. 1 kg;4.7;9.4;0.2444;2905053999999;0;0;1;;
90032159;64098299;2026-07-25;BGH;Früchte + Gemüse;390;044861;2;3.92;kg;Knollensellerie gepackt, 3 St ca. 2,4 kg;2.92;11.4464;0.2976064;2904751999997;0;0;1;;
90032159;64098299;2026-07-25;BGH;Früchte + Gemüse;400;042360;4;4.364;kg;Kabis weiss mittel gefilmt, Stück, ca. 1 kg;3.45;15.0558;0.3914508;2904690999997;0;0;1;;
90032159;64098299;2026-07-25;BGH;Früchte + Gemüse;410;044611;1;;kg;Rüebli / Karotten Gastro, gewaschen, Inland, 10 kg;2.08;20.8;0.5408;7628072012832;0;0;1;;
90032159;64098299;2026-07-25;BGH;Früchte + Gemüse;411;000079;1;;St;Ifco LiftLock;3.2;3.2;0;2000007960008;0;0;0;;
90032159;64098299;2026-07-25;BGH;Metzgerei;420;087443;2;0.821;kg;Appenzeller Mostbröckli 1/2, IGP, ca. 500 g;52.99;43.50479;1.13112454;2976861999990;0;1;1;;
90032159;64098299;2026-07-25;BGH;Metzgerei;430;002409;2;3.093;kg;Rinds-Filetspitz Kopf II, ca. 1,5 kg;39.9;123.4107;3.2086782;97610100000006;0;0;1;;
90032159;64098299;2026-07-25;BGH;Metzgerei;440;002081;2;4.987;kg;Rinds-Hohrücken, ohne Deckel, ca. 2,5 kg;40.9;203.9683;5.3031758;97610011014239;0;0;1;;
90032159;64098299;2026-07-25;BGH;Früchte + Gemüse;450;000079;11;;St;Ifco LiftLock;3.2;35.2;0;2000007960008;0;0;0;;
90032159;64098299;2026-07-25;BGH;Früchte + Gemüse;460;000079;3;;St;Ifco LiftLock;3.2;9.6;0;2000007960008;0;0;0;;
90032159;64092303;2026-07-22;BGH;Früchte + Gemüse;10;000079;-14;;St;Ifco LiftLock;3.2;-44.8;0;2000007960008;0;0;0;;
90032159;64092303;2026-07-22;BGH;Food;10;115081;2;;Lt;Quality Frito 2000 Gold, Frittieröl, 20 l;4.96;198.4;5.1584;7610034515079;0;0;1;;
90032159;64092303;2026-07-22;BGH;Food;10;120031;1;;Ds;Le Saunier de Camargue Fleur de Sel, 1 kg;28.93;28.93;0.75218;3183280010369;0;0;1;;
90032159;64092303;2026-07-22;BGH;Nearfood;10;813141;1;;Bi;Topmatic Plus Geschirrspülmittel, 25 kg;267.69;267.69;21.68289;4028159012190;0;1;2;;
90032159;64092303;2026-07-22;BGH;Molkerei/Backwaren;20;097284;1;;Rl;Quality Blätterteig, palmfrei, ausgewallt, 170 x 42 cm, 2,5 kg;20.05;20.05;0.5213;7610815088570;0;0;1;;
90032159;64092303;2026-07-22;BGH;Food;20;511101;1;;Gl;Quality Kapernäpfel mit Stiel, 1,695 kg;21.7;21.7;0.5642;7610034524897;0;0;1;;
90032159;64092303;2026-07-22;BGH;Food;30;235440;1;;Lt;Quality Weissweinessig 4.5°, 10 l;2.19;21.9;0.5694;7610034516724;0;1;1;;
90032159;64092303;2026-07-22;BGH;Food;40;448060;1;;Ds;Hilcona Randensalat gewürfelt, 3 kg;15.25;15.25;0.3965;7610227328127;0;0;1;;
90032159;64092303;2026-07-22;BGH;Food;50;511410;1;;Ds;Economy Sweet Corn - Maiskörner, 6 x 2,125 kg;5.14;30.84;0.80184;7610034526075;0;0;1;;
90032159;64092303;2026-07-22;BGH;Food;60;590015;1;;Bt;Agrano Pulver für Crème Vanille, 2 kg zum kalt anrühren;19.78;19.78;0.51428;7612709002426;0;0;1;;
90032159;64092303;2026-07-22;BGH;Molkerei/Backwaren;70;022600;1;;Tp;Quality Vollmilch 3,5%, UHT, 12 x 1 l;1.28;15.36;0.39936;7610034507807;0;0;1;;
90032159;64092303;2026-07-22;BGH;Molkerei/Backwaren;80;024790;1;;Ds;Floralp Vollrahm 35%, ohne Zucker, UHT, 6 x 500 g;7.24;43.44;1.12944;7612300013173;0;0;7;;
90032159;64092303;2026-07-22;BGH;Molkerei/Backwaren;90;025040;1;;Kt;Quality Kaffeerahm Portionen 15%, UHT, 200 x 12 g;11.3;11.3;0.2938;7610034505124;0;0;1;;
90032159;64092303;2026-07-22;BGH;Früchte + Gemüse;100;041229;1;;Bt;Dill, 250 g;8.81;8.81;0.22906;7610632971932;0;0;1;;
90032159;64092303;2026-07-22;BGH;Früchte + Gemüse;110;044715;2;;St;Salanova Multiblatt assortiert, 8 St;2.56;40.96;1.06496;7610632963678;0;0;1;;
90032159;64092303;2026-07-22;BGH;Früchte + Gemüse;111;000079;2;;St;Ifco LiftLock;3.2;6.4;0;2000007960008;0;0;0;;
90032159;64092303;2026-07-22;BGH;Früchte + Gemüse;120;044720;1;;Bd;Salbei Bund, 80 g;4.22;4.22;0.10972;7610632942598;0;0;1;;
90032159;64092303;2026-07-22;BGH;Früchte + Gemüse;130;040454;1;6;kg;Blumenkohl, ca. 7,5 kg;4.64;27.84;0.72384;2903704999992;0;0;1;;
90032159;64092303;2026-07-22;BGH;Früchte + Gemüse;131;000079;1;;St;Ifco LiftLock;3.2;3.2;0;2000007960008;0;0;0;;
90032159;64092303;2026-07-22;BGH;Früchte + Gemüse;140;040674;1;6;kg;Broccoli, ca. 6 kg;5.47;32.82;0.85332;2903734999993;0;0;1;;
90032159;64092303;2026-07-22;BGH;Früchte + Gemüse;141;000079;1;;St;Ifco LiftLock;3.2;3.2;0;2000007960008;0;0;0;;
90032159;64092303;2026-07-22;BGH;Metzgerei;150;002409;2;3.09;kg;Rinds-Filetspitz Kopf II, ca. 1,5 kg;39.9;123.291;3.205566;97610100000006;0;0;1;;
90032159;64092303;2026-07-22;BGH;Metzgerei;160;002081;2;5.142;kg;Rinds-Hohrücken, ohne Deckel, ca. 2,5 kg;36.99;190.20258;4.94526708;97610011014239;0;1;1;;
90032159;64092303;2026-07-22;BGH;Metzgerei;170;086713;1;1.858;kg;Bell Schwarzwald Rohschinken 1/2 ca. 1,5 kg;21.5;39.947;1.038622;2992423999994;0;0;1;;
90032159;64092303;2026-07-22;BGH;Früchte + Gemüse;180;000079;2;;St;Ifco LiftLock;3.2;6.4;0;2000007960008;0;0;0;;
90032159;64092303;2026-07-22;BGH;Früchte + Gemüse;190;000079;2;;St;Ifco LiftLock;3.2;6.4;0;2000007960008;0;0;0;;
90032159;64086337;2026-07-18;BGH;Früchte + Gemüse;10;000079;-15;;St;Ifco LiftLock;3.2;-48;0;2000007960008;0;0;0;;
90032159;64086337;2026-07-18;BGH;Food;10;399030;2;;Gl;Pommery Senf Meaux, 500 g;11.81;23.62;0.61412;3158697781010;0;0;1;;
90032159;64086337;2026-07-18;BGH;Food;10;448060;1;;Ds;Hilcona Randensalat gewürfelt, 3 kg;15.25;15.25;0.3965;7610227328127;0;0;1;;
90032159;64086337;2026-07-18;BGH;Food;10;591117;1;;Ke;Valenzi Wildpreiselbeeren, 2 kg;15.01;15.01;0.39026;4100240150094;0;0;1;;
90032159;64086337;2026-07-18;BGH;Molkerei/Backwaren;20;016781;4;;Sc;Quality Grana Padano DOP, Flocken, 500 g;9.77;39.08;1.01608;2001678190008;0;0;7;;
90032159;64086337;2026-07-18;BGH;Food;20;100080;1;;Lt;Quality Rapsöl, 20 l;3.52;70.4;1.8304;7610034515147;0;0;1;;
90032159;64086337;2026-07-18;BGH;Food;20;100431;2;;Fl;Blaze Balsamicosauce, dickflüssig, 380 ml;9.51;19.02;0.49452;8015352303909;0;0;1;;
90032159;64086337;2026-07-18;BGH;Molkerei/Backwaren;30;016601;1;;kg;Quality Grana Padano DOP, gerieben, 1 kg;16.24;16.24;0.42224;4388040340352;0;0;7;;
90032159;64086337;2026-07-18;BGH;Food;30;345771;1;;Bt;American Sandwich Toast nature, 7 x 825 g;4.8;33.6;0.8736;83228850000596;0;0;1;;
90032159;64086337;2026-07-18;BGH;Nearfood;30;992830;1;;Kt;Quality Handtuch W-Falz, 2-lagig, weiss, 15 x 125 St;34.39;34.39;2.78559;7610034509610;0;0;3;;
90032159;64086337;2026-07-18;BGH;Food;40;391251;1;;Ke;Economy Salat-Mayonnaise, 9,4 kg;28.95;28.95;0.7527;7610034511705;0;0;1;;
90032159;64086337;2026-07-18;BGH;Nearfood;40;975792;3;;Pk;Quality Einweghandschuhe Nitril, Grösse L, schwarz, 100 St;8.9;26.7;2.1627;7610034546639;0;0;2;;
90032159;64086337;2026-07-18;BGH;Food;50;565650;1;;Kt;Heinz Tomato Ketchup, Beutel Cube, 100 x 20 g;19.72;19.72;0.51272;5413226100075;0;0;1;;
90032159;64086337;2026-07-18;BGH;Nearfood;50;975802;2;;Pk;Quality Einweghandschuhe Nitril, Grösse XL, schwarz, 100 St;9.97;19.94;1.61514;7610034546646;0;0;2;;
90032159;64086337;2026-07-18;BGH;Früchte + Gemüse;60;000079;3;;St;Ifco LiftLock;3.2;9.6;0;2000007960008;0;0;0;;
90032159;64086337;2026-07-18;BGH;Food;60;125410;1;;Lt;Economy Olivenöl extra vergine Spanien, 5 l;8.2;41;1.066;8413080025689;0;0;1;;
90032159;64086337;2026-07-18;BGH;Food;70;564040;1;;Gl;Bosco d'oro Carpaccio, aus Sommertrüffeln, schwarz, 45 g;18.93;18.93;0.49218;8032680690549;0;0;1;;
90032159;64086337;2026-07-18;BGH;Spirituosen;80;664381;1;;Fl;Rum Escape 7 Mamajuana 28%, 70 cl;24.79;24.79;2.00799;7617700440659;0;0;2;;
90032159;64086337;2026-07-18;BGH;Molkerei/Backwaren;90;014641;8;;Be;Premium Burrata, 2 x 125 g;5.39;43.12;1.12112;7610034511026;0;0;1;;
90032159;64086337;2026-07-18;BGH;Molkerei/Backwaren;100;013702;1;3.465;kg;Quality Raclette, eckig, 1/2 Laib ca. 3,2 kg;10.93;37.87245;0.9846837;2953272999993;0;0;1;;
90032159;64086337;2026-07-18;BGH;Molkerei/Backwaren;110;010455;1;2.216;kg;Cremo Greyerzer AOP, classic, ca. 2 kg;16.91;37.47256;0.97428656;2987945999997;0;0;1;;
90032159;64086337;2026-07-18;BGH;Molkerei/Backwaren;120;024673;1;;Ke;Quality Crème Fraîche Nature 35%, 2,5 kg;21.35;21.35;0.5551;7610034514973;0;1;1;;
90032159;64086337;2026-07-18;BGH;Molkerei/Backwaren;130;026260;1;;kg;Emmi Suisse Yogourt Nature, 3 kg;2.97;8.91;0.23166;7610900127115;0;0;1;;
90032159;64086337;2026-07-18;BGH;Molkerei/Backwaren;140;027310;1;;kg;Economy Butter, 10 x 1 kg;13.35;133.5;3.471;7610034508224;0;0;1;;
90032159;64086337;2026-07-18;BGH;Molkerei/Backwaren;150;024440;1;;Tp;Quality Vollrahm 35%, UHT, 12 x 1 l;5.9;70.8;1.8408;7610034505315;0;0;1;;
90032159;64086337;2026-07-18;BGH;Molkerei/Backwaren;160;019372;2;;St;Soignon Bûche de chèvre, Weichkäse, 1 kg;14.5;29;0.754;3523237481000;0;1;1;;
90032159;64086337;2026-07-18;BGH;Molkerei/Backwaren;170;027210;1;;Kt;Emmi Premium Butterportionen, Becher, 96 x 10 g;20.6;20.6;0.5356;7610900146291;0;1;1;;
90032159;64086337;2026-07-18;BGH;Molkerei/Backwaren;180;012590;2;1.914;kg;Quality Brie Sandwich, 1/1 Laib ca. 1 kg;14.34;27.44676;0.71361576;2986872999995;0;0;1;;
90032159;64086337;2026-07-18;BGH;Früchte + Gemüse;190;044715;6;;St;Salanova Multiblatt assortiert, 8 St;2.56;122.88;3.19488;7610632963678;0;0;1;;
90032159;64086337;2026-07-18;BGH;Früchte + Gemüse;191;000079;6;;St;Ifco LiftLock;3.2;19.2;0;2000007960008;0;0;0;;
90032159;64086337;2026-07-18;BGH;Früchte + Gemüse;200;040454;1;6;kg;Blumenkohl, ca. 7,5 kg;4.74;28.44;0.73944;2903704999992;0;0;1;;
90032159;64086337;2026-07-18;BGH;Früchte + Gemüse;201;000079;1;;St;Ifco LiftLock;3.2;3.2;0;2000007960008;0;0;0;;
90032159;64086337;2026-07-18;BGH;Früchte + Gemüse;210;049127;2;;Kt;Champignons braun, frisch, 1 kg;9.22;18.44;0.47944;7610473014843;0;0;1;;
90032159;64086337;2026-07-18;BGH;Früchte + Gemüse;220;041217;1;;Bd;Cipollotte / Bundzwiebeln, gepackt, 2 Bund, ca. 3 St;2.5;5;0.13;7610632974995;0;0;1;;
90032159;64086337;2026-07-18;BGH;Früchte + Gemüse;230;045882;1;;kg;Zwiebeln gross, 10 kg;2.08;20.8;0.5408;7628072003557;0;0;7;;
90032159;64086337;2026-07-18;BGH;Früchte + Gemüse;231;000079;1;;St;Ifco LiftLock;3.2;3.2;0;2000007960008;0;0;0;;
90032159;64086337;2026-07-18;BGH;Früchte + Gemüse;240;040329;1;;Bt;Basilikum, 1 kg;29.69;29.69;0.77194;7610632989975;0;0;1;;
90032159;64086337;2026-07-18;BGH;Früchte + Gemüse;250;040972;1;;kg;Cherry Rispentomaten, 3 kg;9.46;28.38;0.73788;7610632984666;0;0;1;;
90032159;64086337;2026-07-18;BGH;Früchte + Gemüse;251;000079;1;;St;Ifco LiftLock;3.2;3.2;0;2000007960008;0;0;0;;
90032159;64086337;2026-07-18;BGH;Früchte + Gemüse;260;045208;1;;kg;Tomaten, rund, 6 kg;4.22;25.32;0.65832;7610632980576;0;0;1;;
90032159;64086337;2026-07-18;BGH;Früchte + Gemüse;261;000079;1;;St;Ifco LiftLock;3.2;3.2;0;2000007960008;0;0;0;;
90032159;64086337;2026-07-18;BGH;Früchte + Gemüse;270;044664;1;5;kg;Karotten Pfälzer gelb gewaschen, 5 kg;2.56;12.8;0.3328;2992584999994;0;0;1;;
90032159;64086337;2026-07-18;BGH;Früchte + Gemüse;271;000079;1;;St;Ifco LiftLock;3.2;3.2;0;2000007960008;0;0;0;;
90032159;64086337;2026-07-18;BGH;Früchte + Gemüse;280;044107;1;;kg;Peperoni Tricolor, Import, 5 kg;4.64;23.2;0.6032;7610632977132;0;0;1;;
90032159;64086337;2026-07-18;BGH;Früchte + Gemüse;281;000079;1;;St;Ifco LiftLock;3.2;3.2;0;2000007960008;0;0;0;;
90032159;64086337;2026-07-18;BGH;Früchte + Gemüse;290;040026;1;;Tt;Raclette Kartoffeln, 2,5 kg;5.59;5.59;0.14534;7613399023012;0;0;1;;
90032159;64086337;2026-07-18;BGH;Früchte + Gemüse;300;044538;1;;Bt;Rosmarin, 250 g;8.81;8.81;0.22906;7610632969816;0;0;1;;
90032159;64086337;2026-07-18;BGH;Früchte + Gemüse;310;045708;1;;kg;Zucchetti CH, 5 kg;2.2;11;0.286;7610632980538;0;1;1;;
90032159;64086337;2026-07-18;BGH;Früchte + Gemüse;311;000079;1;;St;Ifco LiftLock;3.2;3.2;0;2000007960008;0;0;0;;
90032159;64086337;2026-07-18;BGH;Früchte + Gemüse;320;044861;2;6.285;kg;Knollensellerie gepackt, 3 St ca. 2,4 kg;2.92;18.3522;0.4771572;2904751999997;0;0;1;;
90032159;64086337;2026-07-18;BGH;Früchte + Gemüse;330;040258;1;;kg;Auberginen, 5 kg;4.28;21.4;0.5564;7610632977057;0;0;1;;
90032159;64086337;2026-07-18;BGH;Früchte + Gemüse;331;000079;1;;St;Ifco LiftLock;3.2;3.2;0;2000007960008;0;0;0;;
90032159;64086337;2026-07-18;BGH;Metzgerei;340;085662;2;1.966;kg;Bauernspeck schwarz 1/2 ohne Schwarte/Knorpel, ca. 900g;30.9;60.7494;1.5794844;2943444999999;0;0;1;;
90032159;64086337;2026-07-18;BGH;Früchte + Gemüse;350;000079;3;;St;Ifco LiftLock;3.2;9.6;0;2000007960008;0;0;0;;
90032159;64080652;2026-07-15;BGH;Früchte + Gemüse;10;000079;-23;;St;Ifco LiftLock;3.2;-73.6;0;2000007960008;0;0;0;;
90032159;64080652;2026-07-15;BGH;Food;10;100080;1;;Lt;Quality Rapsöl, 20 l;3.49;69.8;1.8148;7610034515147;0;1;1;;
90032159;64080652;2026-07-15;BGH;Food;20;349611;1;;Kt;Hardy's Hüppen Topolinos, 300 Stück;33.5;33.5;0.871;7610666001025;0;0;1;;
90032159;64080652;2026-07-15;BGH;Food;30;209170;1;;kg;Quality Tagliatelle, 4-Ei, 6 mm, 5 kg;6.26;31.3;0.8138;7610034522718;0;0;1;;
90032159;64080652;2026-07-15;BGH;Food;40;235140;1;;Sa;Riso Gallo Arborio, 5 kg;34.58;34.58;0.89908;8001420000870;0;0;1;;
90032159;64080652;2026-07-15;BGH;Food;50;448060;1;;Ds;Hilcona Randensalat gewürfelt, 3 kg;15.25;15.25;0.3965;7610227328127;0;0;1;;
90032159;64080652;2026-07-15;BGH;Food;60;372081;1;;Bt;Quality Mandeln gehobelt, 1 kg;15.76;15.76;0.40976;7610034535121;0;0;1;;
90032159;64080652;2026-07-15;BGH;Food;70;348370;1;;Pk;Kambly Bretzeli, 1,35 kg;25.87;25.87;0.67262;7614800124212;0;0;1;;
90032159;64080652;2026-07-15;BGH;Wein;80;639240;1;;Bx;Montagne Belle Allure Vin Rouge, 10 l BiB;22;22;1.782;7610593204872;0;0;3;;
90032159;64080652;2026-07-15;BGH;Molkerei/Backwaren;90;022600;1;;Tp;Quality Vollmilch 3,5%, UHT, 12 x 1 l;1.28;15.36;0.39936;7610034507807;0;0;1;;
90032159;64080652;2026-07-15;BGH;Molkerei/Backwaren;100;096261;2;;Pk;Quality Vollei flüssig Import, Bodenhaltung, pasteurisiert, 1 kg;7.45;14.9;0.3874;7610034507609;0;0;1;;
90032159;64080652;2026-07-15;BGH;Früchte + Gemüse;110;042477;3;;Sc;Kefen Mini-Gemüse, 250 g;5.41;16.23;0.42198;7610632991619;0;0;1;;
90032159;64080652;2026-07-15;BGH;Früchte + Gemüse;120;045042;1;;kg;Jung-Spinat ungewaschen, 1 kg;18.98;18.98;0.49348;7610514851017;0;0;1;;
90032159;64080652;2026-07-15;BGH;Früchte + Gemüse;130;040150;1;0.831;kg;Premium Sweet Potatoes, ca. 1 kg;2.4;1.9944;0.0518544;2973320999997;0;1;1;;
90032159;64080652;2026-07-15;BGH;Früchte + Gemüse;140;040674;1;6;kg;Broccoli, ca. 6 kg;5.06;30.36;0.78936;2903734999993;0;0;1;;
90032159;64080652;2026-07-15;BGH;Früchte + Gemüse;141;000079;1;;St;Ifco LiftLock;3.2;3.2;0;2000007960008;0;0;0;;
90032159;64080652;2026-07-15;BGH;Früchte + Gemüse;150;045708;1;;kg;Zucchetti CH, 5 kg;2.74;13.7;0.3562;7610632980538;0;0;1;;
90032159;64080652;2026-07-15;BGH;Früchte + Gemüse;151;000079;1;;St;Ifco LiftLock;3.2;3.2;0;2000007960008;0;0;0;;
90032159;64080652;2026-07-15;BGH;Früchte + Gemüse;160;040174;1;;kg;Kartoffeln ganz, roh, geschält, festkochend, 5 kg;3.33;16.65;0.4329;7613399037231;0;0;1;;
90032159;64080652;2026-07-15;BGH;Früchte + Gemüse;170;040972;2;;kg;Cherry Rispentomaten, 3 kg;7.5;45;1.17;7610632984666;0;1;1;;
90032159;64080652;2026-07-15;BGH;Früchte + Gemüse;171;000079;2;;St;Ifco LiftLock;3.2;6.4;0;2000007960008;0;0;0;;
90032159;64080652;2026-07-15;BGH;Früchte + Gemüse;180;049127;2;;Kt;Champignons braun, frisch, 1 kg;9.22;18.44;0.47944;7610473014843;0;0;1;;
90032159;64080652;2026-07-15;BGH;Früchte + Gemüse;190;044107;1;;kg;Peperoni Tricolor, Import, 5 kg;3.9;19.5;0.507;7610632977132;0;1;1;;
90032159;64080652;2026-07-15;BGH;Früchte + Gemüse;191;000079;1;;St;Ifco LiftLock;3.2;3.2;0;2000007960008;0;0;0;;
90032159;64080652;2026-07-15;BGH;Früchte + Gemüse;200;048827;1;;kg;Zitronen, 6 kg;2.98;17.88;0.46488;7610632320723;0;0;1;;
90032159;64080652;2026-07-15;BGH;Früchte + Gemüse;201;000079;1;;St;Ifco LiftLock;3.2;3.2;0;2000007960008;0;0;0;;
90032159;64080652;2026-07-15;BGH;Früchte + Gemüse;210;044720;3;;Bd;Salbei Bund, 80 g;4.22;12.66;0.32916;7610632942598;0;0;1;;
90032159;64080652;2026-07-15;BGH;Früchte + Gemüse;220;045186;1;;Bd;Thymian Bund, 80 g;4.22;4.22;0.10972;7610632942604;0;0;1;;
90032159;64080652;2026-07-15;BGH;Früchte + Gemüse;230;043598;1;;Bt;Minze, 250 g;8.81;8.81;0.22906;7610632977873;0;0;1;;
90032159;64080652;2026-07-15;BGH;Metzgerei;240;087443;1;0.613;kg;Appenzeller Mostbröckli 1/2, IGP, ca. 500 g;63.9;39.1707;1.0184382;2976861999990;0;0;1;;
90032159;64080652;2026-07-15;BGH;Metzgerei;250;086713;2;4.003;kg;Bell Schwarzwald Rohschinken 1/2 ca. 1,5 kg;21.5;86.0645;2.237677;2992423999994;0;0;1;;
90032159;64080652;2026-07-15;BGH;Metzgerei;260;086133;1;1.669;kg;Quality Bündnerfleisch Eckstück, Deutschland/Österreich, 1/2 ca. 1,5 kg;59.5;99.3055;2.581943;2965474999992;0;0;1;;
90032159;64080652;2026-07-15;BGH;Früchte + Gemüse;270;000079;1;;St;Ifco LiftLock;3.2;3.2;0;2000007960008;0;0;0;;
90032159;64080652;2026-07-15;BGH;Früchte + Gemüse;280;000079;3;;St;Ifco LiftLock;3.2;9.6;0;2000007960008;0;0;0;;
90032159;64080652;2026-07-15;BGH;Früchte + Gemüse;290;000079;1;;St;Ifco LiftLock;3.2;3.2;0;2000007960008;0;0;0;;
90032159;64074100;2026-07-11;BGH;Früchte + Gemüse;10;000079;-18;;St;Ifco LiftLock;3.2;-57.6;0;2000007960008;0;0;0;;
90032159;64074100;2026-07-11;BGH;Früchte + Gemüse;10;044107;1;;kg;Peperoni Tricolor, Import, 5 kg;3.9;19.5;0.507;7610632977132;0;1;1;;
90032159;64074100;2026-07-11;BGH;Food;10;599280;2;;Ke;Economy Gemüsebouillon, 3kg;18.02;36.04;0.93704;7610034536081;0;0;7;;
90032159;64074100;2026-07-11;BGH;Nonfood;10;999640;4;;Pk;Thermorolle  57/28/8 mm, Pack zu 5 Rollen;4.15;16.6;1.3446;7610588111123;0;0;2;;
90032159;64074100;2026-07-11;BGH;Früchte + Gemüse;11;000079;1;;St;Ifco LiftLock;3.2;3.2;0;2000007960008;0;0;0;;
90032159;64074100;2026-07-11;BGH;Food;20;345771;1;;Bt;American Sandwich Toast nature, 7 x 825 g;4.8;33.6;0.8736;83228850000596;0;0;1;;
90032159;64074100;2026-07-11;BGH;Nonfood;20;999610;3;;Pk;Thermorolle  80/80/12 mm, Pack zu 5 Rollen;9.98;29.94;2.42514;7610588111086;0;0;2;;
90032159;64074100;2026-07-11;BGH;Food;30;100080;1;;Lt;Quality Rapsöl, 20 l;3.49;69.8;1.8148;7610034515147;0;1;1;;
90032159;64074100;2026-07-11;BGH;Nonfood;30;991261;3;;Pk;Alustar Alubox mit Deckel Take Away 0,9 l Pack zu 25 Stück;8.99;26.97;2.18457;7610222701468;0;1;2;;
90032159;64074100;2026-07-11;BGH;Früchte + Gemüse;40;000079;3;;St;Ifco LiftLock;3.2;9.6;0;2000007960008;0;0;0;;
90032159;64074100;2026-07-11;BGH;Food;40;448060;1;;Ds;Hilcona Randensalat gewürfelt, 3 kg;15.25;15.25;0.3965;7610227328127;0;0;1;;
90032159;64074100;2026-07-11;BGH;Food;50;228001;1;;Pk;Weissmehl, 10 x 1 kg;1.7;17;0.442;7610803013430;0;0;1;;
90032159;64074100;2026-07-11;BGH;Food;60;511101;2;;Gl;Quality Kapernäpfel mit Stiel, 1,695 kg;21.7;43.4;1.1284;7610034524897;0;0;1;;
90032159;64074100;2026-07-11;BGH;Food;70;511501;1;;Ds;Economy Oliven schwarz entsteint, 4,25 kg;13.86;13.86;0.36036;4388040253720;0;0;1;;
90032159;64074100;2026-07-11;BGH;Molkerei/Backwaren;80;019710;1;;Be;Granarolo Ricotta, 1,5 kg;10.42;10.42;0.27092;80344353;0;0;1;;
90032159;64074100;2026-07-11;BGH;Molkerei/Backwaren;90;096271;1;;Pk;Quality Eigelb flüssig Import, Bodenhaltung, pasteurisiert, 1 kg;12.05;12.05;0.3133;7610034508835;0;0;1;;
90032159;64074100;2026-07-11;BGH;Molkerei/Backwaren;100;096261;2;;Pk;Quality Vollei flüssig Import, Bodenhaltung, pasteurisiert, 1 kg;7.45;14.9;0.3874;7610034507609;0;0;1;;
90032159;64074100;2026-07-11;BGH;Molkerei/Backwaren;110;019372;5;;St;Soignon Bûche de chèvre, Weichkäse, 1 kg;16.47;82.35;2.1411;3523237481000;0;0;1;;
90032159;64074100;2026-07-11;BGH;Molkerei/Backwaren;120;026260;1;;kg;Emmi Suisse Yogourt Nature, 3 kg;2.97;8.91;0.23166;7610900127115;0;0;1;;
90032159;64074100;2026-07-11;BGH;Molkerei/Backwaren;130;013702;2;6.42;kg;Quality Raclette, eckig, 1/2 Laib ca. 3,2 kg;10.93;70.1706;1.8244356;2953272999993;0;0;1;;
90032159;64074100;2026-07-11;BGH;Molkerei/Backwaren;140;010131;1;;Pk;Berner Alphobelkäse AOP, gerollt, 600 g;27.95;27.95;0.7267;7600400001121;0;0;1;;
90032159;64074100;2026-07-11;BGH;Molkerei/Backwaren;150;010843;1;1.09;kg;Emmi Luzerner Rahmkäse, 1/4 Laib ca. 1,1 kg;22.29;24.2961;0.6316986;2900223999991;0;0;1;;
90032159;64074100;2026-07-11;BGH;Molkerei/Backwaren;160;010455;1;2.198;kg;Cremo Greyerzer AOP, classic, ca. 2 kg;16.91;37.16818;0.96637268;2987945999997;0;0;1;;
90032159;64074100;2026-07-11;BGH;Molkerei/Backwaren;170;016601;2;;kg;Quality Grana Padano DOP, gerieben, 1 kg;16.24;32.48;0.84448;4388040340352;0;0;7;;
90032159;64074100;2026-07-11;BGH;Molkerei/Backwaren;180;025040;2;;Kt;Quality Kaffeerahm Portionen 15%, UHT, 200 x 12 g;11.3;22.6;0.5876;7610034505124;0;0;1;;
90032159;64074100;2026-07-11;BGH;Molkerei/Backwaren;190;027210;1;;Kt;Emmi Premium Butterportionen, Becher, 96 x 10 g;21.67;21.67;0.56342;7610900146291;0;0;1;;
90032159;64074100;2026-07-11;BGH;Früchte + Gemüse;200;045005;2;6;kg;Spinat, 3 kg;7.74;46.44;1.20744;2904065999997;0;0;1;;
90032159;64074100;2026-07-11;BGH;Früchte + Gemüse;201;000079;2;;St;Ifco LiftLock;3.2;6.4;0;2000007960008;0;0;0;;
90032159;64074100;2026-07-11;BGH;Früchte + Gemüse;210;040329;1;;Bt;Basilikum, 1 kg;29.69;29.69;0.77194;7610632989975;0;0;1;;
90032159;64074100;2026-07-11;BGH;Früchte + Gemüse;220;044270;3;;Bt;Radiesli Scheiben, 3 mm, 500 g;8.13;24.39;0.63414;7610514643261;0;0;1;;
90032159;64074100;2026-07-11;BGH;Früchte + Gemüse;230;049127;2;;Kt;Champignons braun, frisch, 1 kg;9.22;18.44;0.47944;7610473014843;0;0;1;;
90032159;64074100;2026-07-11;BGH;Früchte + Gemüse;240;040972;2;;kg;Cherry Rispentomaten, 3 kg;7.5;45;1.17;7610632984666;0;1;1;;
90032159;64074100;2026-07-11;BGH;Früchte + Gemüse;241;000079;2;;St;Ifco LiftLock;3.2;6.4;0;2000007960008;0;0;0;;
90032159;64074100;2026-07-11;BGH;Früchte + Gemüse;250;045208;1;;kg;Tomaten, rund, 6 kg;4.22;25.32;0.65832;7610632980576;0;0;1;;
90032159;64074100;2026-07-11;BGH;Früchte + Gemüse;251;000079;1;;St;Ifco LiftLock;3.2;3.2;0;2000007960008;0;0;0;;
90032159;64074100;2026-07-11;BGH;Früchte + Gemüse;260;040258;1;;kg;Auberginen, 5 kg;4.52;22.6;0.5876;7610632977057;0;0;1;;
90032159;64074100;2026-07-11;BGH;Früchte + Gemüse;261;000079;1;;St;Ifco LiftLock;3.2;3.2;0;2000007960008;0;0;0;;
90032159;64074100;2026-07-11;BGH;Früchte + Gemüse;270;046594;3;;Be;Avocado Purée / Guacamole, 500 g;6.9;20.7;0.5382;8436008521063;0;0;1;;
90032159;64074100;2026-07-11;BGH;Früchte + Gemüse;280;045708;1;;kg;Zucchetti CH, 5 kg;2.5;12.5;0.325;7610632980538;0;0;1;;
90032159;64074100;2026-07-11;BGH;Früchte + Gemüse;281;000079;1;;St;Ifco LiftLock;3.2;3.2;0;2000007960008;0;0;0;;
90032159;64074100;2026-07-11;BGH;Früchte + Gemüse;290;041556;3;;Ne;Eschalotten, gepackt, 1 kg;4.17;12.51;0.32526;7610632974964;0;0;1;;
90032159;64074100;2026-07-11;BGH;Früchte + Gemüse;300;047247;1;;St;Feigen frisch, 6 St;1.9;11.4;0.2964;7610632000922;0;0;1;;
90032159;64074100;2026-07-11;BGH;Früchte + Gemüse;310;044715;10;;St;Salanova Multiblatt assortiert, 8 St;2.44;195.2;5.0752;7610632963678;0;0;1;;
90032159;64074100;2026-07-11;BGH;Früchte + Gemüse;311;000079;10;;St;Ifco LiftLock;3.2;32;0;2000007960008;0;0;0;;
90032159;64074100;2026-07-11;BGH;Früchte + Gemüse;320;040454;1;6;kg;Blumenkohl, ca. 7,5 kg;4.52;27.12;0.70512;2903704999992;0;0;1;;
90032159;64074100;2026-07-11;BGH;Früchte + Gemüse;321;000079;1;;St;Ifco LiftLock;3.2;3.2;0;2000007960008;0;0;0;;
90032159;64074100;2026-07-11;BGH;Früchte + Gemüse;330;044611;1;;kg;Rüebli / Karotten Gastro, gewaschen, Inland, 10 kg;1.75;17.5;0.455;7628072012832;0;1;1;;
90032159;64074100;2026-07-11;BGH;Früchte + Gemüse;331;000079;1;;St;Ifco LiftLock;3.2;3.2;0;2000007960008;0;0;0;;
90032159;64074100;2026-07-11;BGH;Früchte + Gemüse;340;044861;3;7.245;kg;Knollensellerie gepackt, 3 St ca. 2,4 kg;2.92;21.1554;0.5500404;2904751999997;0;0;1;;
90032159;64074100;2026-07-11;BGH;Früchte + Gemüse;350;042303;1;5.335;kg;Kabis rot mittel, ca. 5 kg;2.74;14.6179;0.3800654;2904743999998;0;0;1;;
90032159;64074100;2026-07-11;BGH;Früchte + Gemüse;351;000079;1;;St;Ifco LiftLock;3.2;3.2;0;2000007960008;0;0;0;;
90032159;64074100;2026-07-11;BGH;Früchte + Gemüse;360;042360;3;3.712;kg;Kabis weiss mittel gefilmt, Stück, ca. 1 kg;3.45;12.8064;0.3329664;2904690999997;0;0;1;;
90032159;64074100;2026-07-11;BGH;Metzgerei;370;067691;1;;kg;Economy ASC Cocktail Crevetten Vannamei, gekocht, entdarmt, 100/200, tiefgekühlt, 1 kg;12.5;12.5;0.325;7610034508880;0;0;1;;
90032159;64074100;2026-07-11;BGH;Metzgerei;380;068141;2;;kg;Economy ASC Crevetten Black Tiger, easy peel, entdarmt, 8/12, tiefgekühlt, 1 kg;18.9;37.8;0.9828;7610034523524;0;0;7;;
90032159;64074100;2026-07-11;BGH;Metzgerei;390;086713;2;4.028;kg;Bell Schwarzwald Rohschinken 1/2 ca. 1,5 kg;21.5;86.602;2.251652;2992423999994;0;0;1;;
90032159;64074100;2026-07-11;BGH;Früchte + Gemüse;400;000079;3;;St;Ifco LiftLock;3.2;9.6;0;2000007960008;0;0;0;;
90032159;64074100;2026-07-11;BGH;Früchte + Gemüse;410;000079;1;;St;Ifco LiftLock;3.2;3.2;0;2000007960008;0;0;0;;
90032159;64067840;2026-07-08;BGH;Früchte + Gemüse;10;000079;-23;;St;Ifco LiftLock;3.2;-73.6;0;2000007960008;0;0;0;;
90032159;64067840;2026-07-08;BGH;Food;10;115081;1;;Lt;Quality Frito 2000 Gold, Frittieröl, 20 l;4.96;99.2;2.5792;7610034515079;0;0;1;;
90032159;64067840;2026-07-08;BGH;Food;10;551932;2;;Ds;McCormick Zwiebelpulver, 260 g;7.7;15.4;0.4004;7610071881663;0;1;1;;
90032159;64067840;2026-07-08;BGH;Nearfood;10;813141;1;;Bi;Topmatic Plus Geschirrspülmittel, 25 kg;327.2;327.2;26.5032;4028159012190;0;0;2;;
90032159;64067840;2026-07-08;BGH;Food;20;100080;1;;Lt;Quality Rapsöl, 20 l;3.52;70.4;1.8304;7610034515147;0;0;1;;
90032159;64067840;2026-07-08;BGH;Food;20;580900;1;;Fl;Mae Krua Austernsauce Thailand, 6 dl;4.52;4.52;0.11752;8850038400080;0;0;1;;
90032159;64067840;2026-07-08;BGH;Früchte + Gemüse;30;092815;1;;kg;Picosa Pilzmischung Standard, TK, 2 x 1 kg;8.36;16.72;0.43472;7610473102816;0;0;1;;
90032159;64067840;2026-07-08;BGH;Food;30;510190;2;;Kt;Quality Mayonnaise Portionen, 100 x 17 g;22.2;44.4;1.1544;7610034516588;0;0;1;;
90032159;64067840;2026-07-08;BGH;Food;40;345330;2;;Sa;Mangini Noccioletto, Haselnüsse mit Milchschokolade überzogen, 1 kg;28.53;57.06;1.48356;8004203103393;0;0;1;;
90032159;64067840;2026-07-08;BGH;Food;50;125410;1;;Lt;Economy Olivenöl extra vergine Spanien, 5 l;8.2;41;1.066;8413080025689;0;0;1;;
90032159;64067840;2026-07-08;BGH;Food;60;243580;1;;kg;Zwicky Bulgour, 5 kg;4.65;23.25;0.6045;7610027010246;0;0;1;;
90032159;64067840;2026-07-08;BGH;Food;70;591117;1;;Ke;Valenzi Wildpreiselbeeren, 2 kg;15.01;15.01;0.39026;4100240150094;0;0;1;;
90032159;64067840;2026-07-08;BGH;Food;80;448060;1;;Ds;Hilcona Randensalat gewürfelt, 3 kg;15.25;15.25;0.3965;7610227328127;0;0;1;;
90032159;64067840;2026-07-08;BGH;Food;90;259500;2;;Ds;Knorr Herbmix Italian Dressing, 900 g;31.1;62.2;1.6172;7611100330305;0;0;1;;
90032159;64067840;2026-07-08;BGH;Food;100;345771;1;;Bt;American Sandwich Toast nature, 7 x 825 g;4.8;33.6;0.8736;83228850000596;0;0;1;;
90032159;64067840;2026-07-08;BGH;Molkerei/Backwaren;110;013702;1;3.35;kg;Quality Raclette, eckig, 1/2 Laib ca. 3,2 kg;10.93;36.6155;0.952003;2953272999993;0;0;1;;
90032159;64067840;2026-07-08;BGH;Molkerei/Backwaren;120;019372;5;;St;Soignon Bûche de chèvre, Weichkäse, 1 kg;16.47;82.35;2.1411;3523237481000;0;0;1;;
90032159;64067840;2026-07-08;BGH;Molkerei/Backwaren;130;027310;1;;kg;Economy Butter, 10 x 1 kg;13.35;133.5;3.471;7610034508224;0;0;1;;
90032159;64067840;2026-07-08;BGH;Molkerei/Backwaren;140;014641;10;;Be;Premium Burrata, 2 x 125 g;5.39;53.9;1.4014;7610034511026;0;0;1;;
90032159;64067840;2026-07-08;BGH;Molkerei/Backwaren;150;096261;4;;Pk;Quality Vollei flüssig Import, Bodenhaltung, pasteurisiert, 1 kg;7.45;29.8;0.7748;7610034507609;0;0;1;;
90032159;64067840;2026-07-08;BGH;Molkerei/Backwaren;160;022600;1;;Tp;Quality Vollmilch 3,5%, UHT, 12 x 1 l;1.28;15.36;0.39936;7610034507807;0;0;1;;
90032159;64067840;2026-07-08;BGH;Molkerei/Backwaren;170;025040;1;;Kt;Quality Kaffeerahm Portionen 15%, UHT, 200 x 12 g;11.3;11.3;0.2938;7610034505124;0;0;1;;
90032159;64067840;2026-07-08;BGH;Molkerei/Backwaren;180;024790;1;;Ds;Floralp Vollrahm 35%, ohne Zucker, UHT, 6 x 500 g;7.24;43.44;1.12944;7612300013173;0;0;7;;
90032159;64067840;2026-07-08;BGH;Früchte + Gemüse;190;040026;1;;Tt;Raclette Kartoffeln, 2,5 kg;6.19;6.19;0.16094;7613399023012;0;0;1;;
90032159;64067840;2026-07-08;BGH;Früchte + Gemüse;200;049127;2;;Kt;Champignons braun, frisch, 1 kg;9.22;18.44;0.47944;7610473014843;0;0;1;;
90032159;64067840;2026-07-08;BGH;Früchte + Gemüse;210;004160;1;;kg;Ditzler Asia-Mix Gemüsemischung, TK, 2 x 2,5 kg;6.95;34.75;0.9035;7610247606595;0;0;1;;
90032159;64067840;2026-07-08;BGH;Früchte + Gemüse;220;044549;1;;kg;Rucola / Rauke, 1 kg;13.45;13.45;0.3497;7610632992456;0;0;1;;
90032159;64067840;2026-07-08;BGH;Früchte + Gemüse;230;042020;2;;St;Gurken 400 - 500 g / St, 4 St;1.75;14;0.364;7610632994153;0;1;1;;
90032159;64067840;2026-07-08;BGH;Früchte + Gemüse;240;044715;4;;St;Salanova Multiblatt assortiert, 8 St;1.8;57.6;1.4976;7610632963678;0;1;1;;
90032159;64067840;2026-07-08;BGH;Früchte + Gemüse;241;000079;4;;St;Ifco LiftLock;3.2;12.8;0;2000007960008;0;0;0;;
90032159;64067840;2026-07-08;BGH;Früchte + Gemüse;250;048787;1;;kg;Trauben mix weiss / blau, 5 kg;5.36;26.8;0.6968;7610632261217;0;0;1;;
90032159;64067840;2026-07-08;BGH;Früchte + Gemüse;260;040454;1;6;kg;Blumenkohl, ca. 7,5 kg;4.52;27.12;0.70512;2903704999992;0;0;1;;
90032159;64067840;2026-07-08;BGH;Früchte + Gemüse;261;000079;1;;St;Ifco LiftLock;3.2;3.2;0;2000007960008;0;0;0;;
90032159;64067840;2026-07-08;BGH;Früchte + Gemüse;270;040674;1;6;kg;Broccoli, ca. 6 kg;4.94;29.64;0.77064;2903734999993;0;0;1;;
90032159;64067840;2026-07-08;BGH;Früchte + Gemüse;271;000079;1;;St;Ifco LiftLock;3.2;3.2;0;2000007960008;0;0;0;;
90032159;64067840;2026-07-08;BGH;Früchte + Gemüse;280;045708;1;;kg;Zucchetti CH, 5 kg;2.5;12.5;0.325;7610632980538;0;0;1;;
90032159;64067840;2026-07-08;BGH;Früchte + Gemüse;281;000079;1;;St;Ifco LiftLock;3.2;3.2;0;2000007960008;0;0;0;;
90032159;64067840;2026-07-08;BGH;Früchte + Gemüse;290;047972;1;24.77;kg;Wassermelone Dumara, 2 Stück zu ca. 9 kg;1.64;40.6228;1.0561928;2917234999995;0;0;1;;
90032159;64067840;2026-07-08;BGH;Früchte + Gemüse;300;040972;1;;kg;Cherry Rispentomaten, 3 kg;9.46;28.38;0.73788;7610632984666;0;0;1;;
90032159;64067840;2026-07-08;BGH;Früchte + Gemüse;301;000079;1;;St;Ifco LiftLock;3.2;3.2;0;2000007960008;0;0;0;;
90032159;64067840;2026-07-08;BGH;Metzgerei;310;068822;1;;kg;Zander Filet, mit Haut, ca. 70 - 120 g, tiefgekühlt, 5 kg;12.9;64.5;1.677;8721321801801;0;0;1;;
90032159;64067840;2026-07-08;BGH;Früchte + Gemüse;320;000079;2;;St;Ifco LiftLock;3.2;6.4;0;2000007960008;0;0;0;;
90032159;64067840;2026-07-08;BGH;Food;390;305340;2;;Pk;Schär Mini Baguette glutenfrei, 7 x 2 x 75 g;3.33;46.62;1.21212;8008698011591;0;0;7;;
90032159;64067840;2026-07-08;BGH;Früchte + Gemüse;400;000079;2;;St;Ifco LiftLock;3.2;6.4;0;2000007960008;0;0;0;;
90032159;64062035;2026-07-04;BGH;Früchte + Gemüse;10;000079;-30;;St;Ifco LiftLock;3.2;-96;0;2000007960008;0;0;0;;
90032159;64062035;2026-07-04;BGH;Food;10;391251;2;;Ke;Economy Salat-Mayonnaise, 9,4 kg;28.95;57.9;1.5054;7610034511705;0;0;1;;
90032159;64062035;2026-07-04;BGH;Food;20;410031;1;;kg;Barilla Penne Rigate, n° 73, 5 kg;3.76;18.8;0.4888;8076800035735;0;0;1;;
90032159;64062035;2026-07-04;BGH;Food;30;235140;2;;Sa;Riso Gallo Arborio, 5 kg;29.5;59;1.534;8001420000870;0;1;1;;
90032159;64062035;2026-07-04;BGH;Molkerei/Backwaren;40;024440;2;;Tp;Quality Vollrahm 35%, UHT, 12 x 1 l;5.75;138;3.588;7610034505315;0;1;1;;
90032159;64062035;2026-07-04;BGH;Molkerei/Backwaren;50;096261;3;;Pk;Quality Vollei flüssig Import, Bodenhaltung, pasteurisiert, 1 kg;7.45;22.35;0.5811;7610034507609;0;0;1;;
90032159;64062035;2026-07-04;BGH;Molkerei/Backwaren;60;026260;1;;kg;Emmi Suisse Yogourt Nature, 3 kg;2.97;8.91;0.23166;7610900127115;0;0;1;;
90032159;64062035;2026-07-04;BGH;Molkerei/Backwaren;70;095210;2;;St;Eier Import, Bodenhaltung, 53g+, 90 Stück;0.4;72;1.872;7640104163138;0;0;1;;
90032159;64062035;2026-07-04;BGH;Molkerei/Backwaren;80;016781;1;;Sc;Quality Grana Padano DOP, Flocken, 500 g;9.05;9.05;0.2353;2001678190008;0;1;7;;
90032159;64062035;2026-07-04;BGH;Molkerei/Backwaren;90;016601;2;;kg;Quality Grana Padano DOP, gerieben, 1 kg;16.24;32.48;0.84448;4388040340352;0;0;7;;
90032159;64062035;2026-07-04;BGH;Früchte + Gemüse;110;044715;7;;St;Salanova Multiblatt assortiert, 8 St;1.8;100.8;2.6208;7610632963678;0;1;1;;
90032159;64062035;2026-07-04;BGH;Früchte + Gemüse;111;000079;7;;St;Ifco LiftLock;3.2;22.4;0;2000007960008;0;0;0;;
90032159;64062035;2026-07-04;BGH;Früchte + Gemüse;120;040454;1;6;kg;Blumenkohl, ca. 7,5 kg;4.52;27.12;0.70512;2903704999992;0;0;1;;
90032159;64062035;2026-07-04;BGH;Früchte + Gemüse;121;000079;1;;St;Ifco LiftLock;3.2;3.2;0;2000007960008;0;0;0;;
90032159;64062035;2026-07-04;BGH;Früchte + Gemüse;130;040674;1;6;kg;Broccoli, ca. 6 kg;5.36;32.16;0.83616;2903734999993;0;0;1;;
90032159;64062035;2026-07-04;BGH;Früchte + Gemüse;131;000079;1;;St;Ifco LiftLock;3.2;3.2;0;2000007960008;0;0;0;;
90032159;64062035;2026-07-04;BGH;Früchte + Gemüse;140;044664;1;5;kg;Karotten Pfälzer gelb gewaschen, 5 kg;2.56;12.8;0.3328;2992584999994;0;0;1;;
90032159;64062035;2026-07-04;BGH;Früchte + Gemüse;141;000079;1;;St;Ifco LiftLock;3.2;3.2;0;2000007960008;0;0;0;;
90032159;64062035;2026-07-04;BGH;Früchte + Gemüse;150;044611;1;;kg;Rüebli / Karotten Gastro, gewaschen, Inland, 10 kg;2.26;22.6;0.5876;7628072012832;0;0;1;;
90032159;64062035;2026-07-04;BGH;Früchte + Gemüse;151;000079;1;;St;Ifco LiftLock;3.2;3.2;0;2000007960008;0;0;0;;
90032159;64062035;2026-07-04;BGH;Früchte + Gemüse;160;040972;3;;kg;Cherry Rispentomaten, 3 kg;9.46;85.14;2.21364;7610632984666;0;0;1;;
90032159;64062035;2026-07-04;BGH;Früchte + Gemüse;161;000079;3;;St;Ifco LiftLock;3.2;9.6;0;2000007960008;0;0;0;;
90032159;64062035;2026-07-04;BGH;Früchte + Gemüse;170;044720;2;;Bd;Salbei Bund, 80 g;4.22;8.44;0.21944;7610632942598;0;0;1;;
90032159;64062035;2026-07-04;BGH;Früchte + Gemüse;180;040174;1;;kg;Kartoffeln ganz, roh, geschält, festkochend, 5 kg;3.33;16.65;0.4329;7613399037231;0;0;1;;
90032159;64062035;2026-07-04;BGH;Früchte + Gemüse;190;040026;3;;Tt;Raclette Kartoffeln, 2,5 kg;6.19;18.57;0.48282;7613399023012;0;0;1;;
90032159;64062035;2026-07-04;BGH;Früchte + Gemüse;200;048827;1;;kg;Zitronen, 6 kg;3.45;20.7;0.5382;7610632320723;0;0;1;;
90032159;64062035;2026-07-04;BGH;Früchte + Gemüse;201;000079;1;;St;Ifco LiftLock;3.2;3.2;0;2000007960008;0;0;0;;
90032159;64062035;2026-07-04;BGH;Früchte + Gemüse;210;041217;2;;Bd;Cipollotte / Bundzwiebeln, gepackt, 2 Bund, ca. 3 St;2.2;8.8;0.2288;7610632974995;0;0;1;;
90032159;64062035;2026-07-04;BGH;Früchte + Gemüse;220;045882;1;;kg;Zwiebeln gross, 10 kg;2.14;21.4;0.5564;7628072003557;0;0;7;;
90032159;64062035;2026-07-04;BGH;Früchte + Gemüse;221;000079;1;;St;Ifco LiftLock;3.2;3.2;0;2000007960008;0;0;0;;
90032159;64062035;2026-07-04;BGH;Früchte + Gemüse;230;048130;2;;kg;Orangen blond, gepackt, ca. 2 kg;2.2;8.8;0.2288;7613399009115;0;0;7;;
90032159;64062035;2026-07-04;BGH;Früchte + Gemüse;240;047753;2;2;kg;Limetten / Limes, ca. 1 kg;3.25;6.5;0.169;2905053999999;0;1;1;;
90032159;64062035;2026-07-04;BGH;Früchte + Gemüse;250;044538;1;;Bt;Rosmarin, 250 g;8.81;8.81;0.22906;7610632969816;0;0;1;;
90032159;64062035;2026-07-04;BGH;Metzgerei;260;002082;2;5.644;kg;Rinds-Hohrücken II spezial, ca. 2,5 kg;30.9;174.3996;4.5343896;97610011016233;0;0;1;;
90032159;64062035;2026-07-04;BGH;Metzgerei;270;086713;2;3.622;kg;Bell Schwarzwald Rohschinken 1/2 ca. 1,5 kg;21.5;77.873;2.024698;2992423999994;0;0;1;;
90032159;64062035;2026-07-04;BGH;Nonfood;280;930430;4;;Pk;VC999 Vakuumbeutel, 90 µm, 300 x 400 mm, Pack zu 100 Stück;25.98;103.92;8.41752;7640144910266;0;0;2;;
90032159;64062035;2026-07-04;BGH;Nonfood;290;988010;10;;Rl;Kehrichtsack mit Zugband SOLO 110 l schwarz Rolle zu 10 Stück;3.94;39.4;3.1914;7610588110195;0;0;2;;
90032159;64062035;2026-07-04;BGH;Früchte + Gemüse;300;000079;2;;St;Ifco LiftLock;3.2;6.4;0;2000007960008;0;0;0;;
90032159;64062035;2026-07-04;BGH;Früchte + Gemüse;310;000079;3;;St;Ifco LiftLock;3.2;9.6;0;2000007960008;0;0;0;;
90032159;64055341;2026-07-01;BGH;Früchte + Gemüse;10;000079;-23;;St;Ifco LiftLock;3.2;-73.6;0;2000007960008;0;0;0;;
90032159;64055341;2026-07-01;BGH;Food;10;125410;1;;Lt;Economy Olivenöl extra vergine Spanien, 5 l;8.2;41;1.066;8413080025689;0;0;1;;
90032159;64055341;2026-07-01;BGH;Nearfood;10;813141;1;;Bi;Topmatic Plus Geschirrspülmittel, 25 kg;327.2;327.2;26.5032;4028159012190;0;0;2;;
90032159;64055341;2026-07-01;BGH;Nearfood;10;813563;1;;Kt;Maxx Into Citrus2, Sanitärreiniger, 2 x 5 l;112.39;112.39;9.10359;4028159084609;0;0;2;;
90032159;64055341;2026-07-01;BGH;Früchte + Gemüse;20;000079;4;;St;Ifco LiftLock;3.2;12.8;0;2000007960008;0;0;0;;
90032159;64055341;2026-07-01;BGH;Food;20;345771;2;;Bt;American Sandwich Toast nature, 7 x 825 g;4.8;67.2;1.7472;83228850000596;0;0;1;;
90032159;64055341;2026-07-01;BGH;Nearfood;20;992830;1;;Kt;Quality Handtuch W-Falz, 2-lagig, weiss, 15 x 125 St;34.39;34.39;2.78559;7610034509610;0;0;3;;
90032159;64055341;2026-07-01;BGH;Food;30;428120;2;;Fl;Nectaflor Blütenhonig, 2,8 kg;30.22;60.44;1.57144;7610184010080;0;0;1;;
90032159;64055341;2026-07-01;BGH;Nearfood;30;992093;2;;Pk;Quality Toilettenpapier, 4-lagig, weiss, 160 Blatt, 24 Rl;16.54;33.08;2.67948;7610034532120;0;0;3;;
90032159;64055341;2026-07-01;BGH;Food;40;349611;1;;Kt;Hardy's Hüppen Topolinos, 300 Stück;26.7;26.7;0.6942;7610666001025;0;1;1;;
90032159;64055341;2026-07-01;BGH;Food;50;681651;2;;Fl;Hero Topping Schokolade, 1 kg;8.5;17;0.442;7610382661756;0;0;1;;
90032159;64055341;2026-07-01;BGH;Food;60;115081;1;;Lt;Quality Frito 2000 Gold, Frittieröl, 20 l;4.96;99.2;2.5792;7610034515079;0;0;1;;
90032159;64055341;2026-07-01;BGH;Food;70;510560;1;;Gl;Quality Gurken Längsschnitt, 6 x 1,6 kg;10.57;63.42;1.64892;7610034525436;0;0;1;;
90032159;64055341;2026-07-01;BGH;Food;80;100080;1;;Lt;Quality Rapsöl, 20 l;3.52;70.4;1.8304;7610034515147;0;0;1;;
90032159;64055341;2026-07-01;BGH;Food;90;235440;1;;Lt;Quality Weissweinessig 4.5°, 10 l;2.84;28.4;0.7384;7610034516724;0;0;1;;
90032159;64055341;2026-07-01;BGH;Food;100;512440;1;;Bt;Quality Röstzwiebeln, 500 g;4.55;4.55;0.1183;4388040277375;0;1;1;;
90032159;64055341;2026-07-01;BGH;Food;110;510190;2;;Kt;Quality Mayonnaise Portionen, 100 x 17 g;22.2;44.4;1.1544;7610034516588;0;0;1;;
90032159;64055341;2026-07-01;BGH;Food;120;565650;2;;Kt;Heinz Tomato Ketchup, Beutel Cube, 100 x 20 g;19.72;39.44;1.02544;5413226100075;0;0;1;;
90032159;64055341;2026-07-01;BGH;Food;130;580230;3;;Bt;Le Dragon Panko Paniermehl, 1 kg;6.67;20.01;0.52026;7613324116680;0;0;1;;
90032159;64055341;2026-07-01;BGH;Food;140;511410;1;;Ds;Economy Sweet Corn - Maiskörner, 6 x 2,125 kg;5.14;30.84;0.80184;7610034526075;0;0;1;;
90032159;64055341;2026-07-01;BGH;Food;150;481660;2;;Ds;Mutti Tomaten Pelati, Gastronomia, 6 x 2,5 kg;7.57;90.84;2.36184;8005110043024;0;0;1;;
90032159;64055341;2026-07-01;BGH;Food;160;201530;3;;Fl;Sriracha Hot Chilli Sauce, 815 g;4.3;12.9;0.3354;016229912420;0;1;1;;
90032159;64055341;2026-07-01;BGH;Getränke;170;625851;5;;Fl;Quality Holunderblüten-Sirup, Flasche zu 1 l;3.36;16.8;0.4368;7610034510173;0;0;1;;
90032159;64055341;2026-07-01;BGH;Molkerei/Backwaren;180;024673;1;;Ke;Quality Crème Fraîche Nature 35%, 2,5 kg;24.76;24.76;0.64376;7610034514973;0;0;1;;
90032159;64055341;2026-07-01;BGH;Molkerei/Backwaren;190;016781;2;;Sc;Quality Grana Padano DOP, Flocken, 500 g;9.77;19.54;0.50804;2001678190008;0;0;7;;
90032159;64055341;2026-07-01;BGH;Molkerei/Backwaren;200;016601;2;;kg;Quality Grana Padano DOP, gerieben, 1 kg;16.24;32.48;0.84448;4388040340352;0;0;7;;
90032159;64055341;2026-07-01;BGH;Molkerei/Backwaren;210;022600;1;;Tp;Quality Vollmilch 3,5%, UHT, 12 x 1 l;1.28;15.36;0.39936;7610034507807;0;0;1;;
90032159;64055341;2026-07-01;BGH;Molkerei/Backwaren;220;024440;2;;Tp;Quality Vollrahm 35%, UHT, 12 x 1 l;5.9;141.6;3.6816;7610034505315;0;0;1;;
90032159;64055341;2026-07-01;BGH;Molkerei/Backwaren;230;014641;20;;Be;Premium Burrata, 2 x 125 g;5.39;107.8;2.8028;7610034511026;0;0;1;;
90032159;64055341;2026-07-01;BGH;Molkerei/Backwaren;240;010455;1;2.129;kg;Cremo Greyerzer AOP, classic, ca. 2 kg;16.91;36.00139;0.93603614;2987945999997;0;0;1;;
90032159;64055341;2026-07-01;BGH;Molkerei/Backwaren;250;013702;1;3.35;kg;Quality Raclette, eckig, 1/2 Laib ca. 3,2 kg;10.45;35.0075;0.910195;2953272999993;0;1;1;;
90032159;64055341;2026-07-01;BGH;Molkerei/Backwaren;260;096261;2;;Pk;Quality Vollei flüssig Import, Bodenhaltung, pasteurisiert, 1 kg;7.45;14.9;0.3874;7610034507609;0;0;1;;
90032159;64055341;2026-07-01;BGH;Molkerei/Backwaren;270;026260;1;;kg;Emmi Suisse Yogourt Nature, 3 kg;2.97;8.91;0.23166;7610900127115;0;0;1;;
90032159;64055341;2026-07-01;BGH;Molkerei/Backwaren;280;018802;5;;Be;Züger Cyros Salatwürfel, 500 g;7.62;38.1;0.9906;7640101091779;0;0;1;;
90032159;64055341;2026-07-01;BGH;Früchte + Gemüse;290;044549;1;;kg;Rucola / Rauke, 1 kg;13.45;13.45;0.3497;7610632992456;0;0;1;;
90032159;64055341;2026-07-01;BGH;Früchte + Gemüse;300;049127;2;;Kt;Champignons braun, frisch, 1 kg;9.22;18.44;0.47944;7610473014843;0;0;1;;
90032159;64055341;2026-07-01;BGH;Früchte + Gemüse;310;043598;1;;Bt;Minze, 250 g;8.81;8.81;0.22906;7610632977873;0;0;1;;
90032159;64055341;2026-07-01;BGH;Früchte + Gemüse;320;044715;9;;St;Salanova Multiblatt assortiert, 8 St;2.44;175.68;4.56768;7610632963678;0;0;1;;
90032159;64055341;2026-07-01;BGH;Früchte + Gemüse;321;000079;9;;St;Ifco LiftLock;3.2;28.8;0;2000007960008;0;0;0;;
90032159;64055341;2026-07-01;BGH;Früchte + Gemüse;330;045208;1;;kg;Tomaten, rund, 6 kg;3.3;19.8;0.5148;7610632980576;0;1;1;;
90032159;64055341;2026-07-01;BGH;Früchte + Gemüse;331;000079;1;;St;Ifco LiftLock;3.2;3.2;0;2000007960008;0;0;0;;
90032159;64055341;2026-07-01;BGH;Früchte + Gemüse;340;044538;1;;Bt;Rosmarin, 250 g;8.81;8.81;0.22906;7610632969816;0;0;1;;
90032159;64055341;2026-07-01;BGH;Früchte + Gemüse;350;045186;1;;Bd;Thymian Bund, 80 g;4.22;4.22;0.10972;7610632942604;0;0;1;;
90032159;64055341;2026-07-01;BGH;Früchte + Gemüse;360;044611;1;;kg;Rüebli / Karotten Gastro, gewaschen, Inland, 10 kg;2.26;22.6;0.5876;7628072012832;0;0;1;;
90032159;64055341;2026-07-01;BGH;Früchte + Gemüse;361;000079;1;;St;Ifco LiftLock;3.2;3.2;0;2000007960008;0;0;0;;
90032159;64055341;2026-07-01;BGH;Früchte + Gemüse;370;047753;1;1;kg;Limetten / Limes, ca. 1 kg;3.93;3.93;0.10218;2905053999999;0;0;1;;
90032159;64055341;2026-07-01;BGH;Früchte + Gemüse;380;047972;1;23.97;kg;Wassermelone Dumara, 2 Stück zu ca. 9 kg;1.25;29.9625;0.779025;2917234999995;0;1;1;;
90032159;64055341;2026-07-01;BGH;Metzgerei;390;086713;2;3.596;kg;Bell Schwarzwald Rohschinken 1/2 ca. 1,5 kg;21.5;77.314;2.010164;2992423999994;0;0;1;;
90032159;64055341;2026-07-01;BGH;Metzgerei;400;086133;1;1.388;kg;Quality Bündnerfleisch Eckstück, Deutschland/Österreich, 1/2 ca. 1,5 kg;59.5;82.586;2.147236;2965474999992;0;0;1;;
90032159;64055341;2026-07-01;BGH;Metzgerei;410;087443;1;0.402;kg;Appenzeller Mostbröckli 1/2, IGP, ca. 500 g;63.9;25.6878;0.6678828;2976861999990;0;0;1;;
90032159;64055341;2026-07-01;BGH;Metzgerei;420;071911;1;;kg;Quality Chicken Nuggets Premium, paniert, frittiert, tiefgekühlt, Polen, 2 kg;15.9;31.8;0.8268;7610162403590;0;0;7;;
90032159;64055341;2026-07-01;BGH;Metzgerei;430;081540;1;3.66;kg;Quality Bratspeck ohne Schwarte, ohne Knorpel, 1/1, ca. 3 kg;16.5;60.39;1.57014;2945670999996;0;0;1;;
90032159;64055341;2026-07-01;BGH;Metzgerei;440;073346;4;;Pa;Quality Cervelas, 6 x 200 g;2.05;49.2;1.2792;7610162216091;0;0;1;;
90032159;64055341;2026-07-01;BGH;Früchte + Gemüse;450;000079;2;;St;Ifco LiftLock;3.2;6.4;0;2000007960008;0;0;0;;
90032159;64044426;2026-06-27;BGH;Früchte + Gemüse;10;000079;-30;;St;Ifco LiftLock;3.2;-96;0;2000007960008;0;0;0;;
90032159;64044426;2026-06-27;BGH;Metzgerei;10;001479;1;10.113;kg;Poulet Schenkel, 230-250 g, ca. 10 kg;6.49;65.63337;1.70646762;97610011618819;0;1;1;;
90032159;64044426;2026-06-27;BGH;Food;10;115081;1;;Lt;Quality Frito 2000 Gold, Frittieröl, 20 l;4.96;99.2;2.5792;7610034515079;0;0;1;;
90032159;64044426;2026-06-27;BGH;Food;10;391251;2;;Ke;Economy Salat-Mayonnaise, 9,4 kg;28.95;57.9;1.5054;7610034511705;0;0;1;;
90032159;64044426;2026-06-27;BGH;Metzgerei;20;002109;1;3.4;kg;Schweins-Nierstück, lang, ca. 3 kg;9.69;32.946;0.856596;97610011597893;0;1;1;;
90032159;64044426;2026-06-27;BGH;Food;20;100080;1;;Lt;Quality Rapsöl, 20 l;3.52;70.4;1.8304;7610034515147;0;0;1;;
90032159;64044426;2026-06-27;BGH;Food;20;346400;10;;Pk;Jacquet Baguette, 6 x 140 g;6.5;65;1.69;3029330062868;0;0;1;;
90032159;64044426;2026-06-27;BGH;Molkerei/Backwaren;30;027210;2;;Kt;Emmi Premium Butterportionen, Becher, 96 x 10 g;21.67;43.34;1.12684;7610900146291;0;0;1;;
90032159;64044426;2026-06-27;BGH;Food;30;560053;1;;Pk;JuraSel Speisesalz grün, mit Jod und Fluor, 1 kg;1.1;11;0.286;7610039000099;0;0;1;;
90032159;64044426;2026-06-27;BGH;Früchte + Gemüse;40;044715;10;;St;Salanova Multiblatt assortiert, 8 St;2.32;185.6;4.8256;7610632963678;0;0;1;;
90032159;64044426;2026-06-27;BGH;Food;40;391300;1;;Fl;Economy Balsamessig aus Modena, 2 l;10.85;10.85;0.2821;7610034524248;0;0;1;;
90032159;64044426;2026-06-27;BGH;Früchte + Gemüse;41;000079;10;;St;Ifco LiftLock;3.2;32;0;2000007960008;0;0;0;;
90032159;64044426;2026-06-27;BGH;Früchte + Gemüse;50;041229;1;;Bt;Dill, 250 g;8.81;8.81;0.22906;7610632971932;0;0;1;;
90032159;64044426;2026-06-27;BGH;Früchte + Gemüse;60;047410;3;;Sc;Johannisbeeren, Import, 125 g;7.13;21.39;0.55614;7610632010327;0;0;1;;
90032159;64044426;2026-06-27;BGH;Food;60;512550;1;;Ds;Quality Knoblauch granuliert, 550 g;8.95;8.95;0.2327;7610034518728;0;1;1;;
90032159;64044426;2026-06-27;BGH;Früchte + Gemüse;70;040174;1;;kg;Kartoffeln ganz, roh, geschält, festkochend, 5 kg;3.33;16.65;0.4329;7613399037231;0;0;1;;
90032159;64044426;2026-06-27;BGH;Nearfood;70;993320;2;;Rl;Quality Wischtücher Midi, 2-lagig, weiss, 450 Blatt, 6 Rl;6.85;82.2;6.6582;7610034546196;0;0;3;;
90032159;64044426;2026-06-27;BGH;Früchte + Gemüse;80;000079;1;;St;Ifco LiftLock;3.2;3.2;0;2000007960008;0;0;0;;
90032159;64044426;2026-06-27;BGH;Nearfood;80;992830;1;;Kt;Quality Handtuch W-Falz, 2-lagig, weiss, 15 x 125 St;34.39;34.39;2.78559;7610034509610;0;0;3;;
90032159;64044426;2026-06-27;BGH;Früchte + Gemüse;90;000079;6;;St;Ifco LiftLock;3.2;19.2;0;2000007960008;0;0;0;;
90032159;64044426;2026-06-27;BGH;Wein;90;639240;1;;Bx;Montagne Belle Allure Vin Rouge, 10 l BiB;22;22;1.782;7610593204872;0;0;3;;
90032159;64044426;2026-06-27;BGH;Molkerei/Backwaren;100;024673;2;;Ke;Quality Crème Fraîche Nature 35%, 2,5 kg;24.76;49.52;1.28752;7610034514973;0;0;1;;
90032159;64044426;2026-06-27;BGH;Molkerei/Backwaren;110;096261;2;;Pk;Quality Vollei flüssig Import, Bodenhaltung, pasteurisiert, 1 kg;7.45;14.9;0.3874;7610034507609;0;0;1;;
90032159;64044426;2026-06-27;BGH;Molkerei/Backwaren;120;016781;2;;Sc;Quality Grana Padano DOP, Flocken, 500 g;9.77;19.54;0.50804;2001678190008;0;0;7;;
90032159;64044426;2026-06-27;BGH;Molkerei/Backwaren;130;016601;2;;kg;Quality Grana Padano DOP, gerieben, 1 kg;16.24;32.48;0.84448;4388040340352;0;0;7;;
90032159;64044426;2026-06-27;BGH;Molkerei/Backwaren;140;025040;2;;Kt;Quality Kaffeerahm Portionen 15%, UHT, 200 x 12 g;9.65;19.3;0.5018;7610034505124;0;1;1;;
90032159;64044426;2026-06-27;BGH;Molkerei/Backwaren;150;024790;1;;Ds;Floralp Vollrahm 35%, ohne Zucker, UHT, 6 x 500 g;7.24;43.44;1.12944;7612300013173;0;0;7;;
90032159;64044426;2026-06-27;BGH;Molkerei/Backwaren;160;013702;1;3.67;kg;Quality Raclette, eckig, 1/2 Laib ca. 3,2 kg;10.45;38.3515;0.997139;2953272999993;0;1;1;;
90032159;64044426;2026-06-27;BGH;Molkerei/Backwaren;170;010455;1;1.951;kg;Cremo Greyerzer AOP, classic, ca. 2 kg;16.91;32.99141;0.85777666;2987945999997;0;0;1;;
90032159;64044426;2026-06-27;BGH;Molkerei/Backwaren;180;019710;1;;Be;Granarolo Ricotta, 1,5 kg;10.42;10.42;0.27092;80344353;0;0;1;;
90032159;64044426;2026-06-27;BGH;Molkerei/Backwaren;190;008499;1;;St;Traiteur de Paris Mini Blinis, tiefgekühlt, 96 x 8,5 g;0.18;17.28;0.44928;13760020151536;0;0;7;;
90032159;64044426;2026-06-27;BGH;Früchte + Gemüse;200;048827;1;;kg;Zitronen, 6 kg;3.69;22.14;0.57564;7610632320723;0;0;1;;
90032159;64044426;2026-06-27;BGH;Früchte + Gemüse;201;000079;1;;St;Ifco LiftLock;3.2;3.2;0;2000007960008;0;0;0;;
90032159;64044426;2026-06-27;BGH;Früchte + Gemüse;210;045882;1;;kg;Zwiebeln gross, 10 kg;1.78;17.8;0.4628;7628072003557;0;1;7;;
90032159;64044426;2026-06-27;BGH;Früchte + Gemüse;211;000079;1;;St;Ifco LiftLock;3.2;3.2;0;2000007960008;0;0;0;;
90032159;64044426;2026-06-27;BGH;Früchte + Gemüse;220;041556;2;;Ne;Eschalotten, gepackt, 1 kg;4.17;8.34;0.21684;7610632974964;0;0;1;;
90032159;64044426;2026-06-27;BGH;Früchte + Gemüse;230;042360;3;5.386;kg;Kabis weiss mittel gefilmt, Stück, ca. 1 kg;3.55;19.1203;0.4971278;2904690999997;0;0;1;;
90032159;64044426;2026-06-27;BGH;Früchte + Gemüse;240;044611;1;;kg;Rüebli / Karotten Gastro, gewaschen, Inland, 10 kg;2.26;22.6;0.5876;7628072012832;0;0;1;;
90032159;64044426;2026-06-27;BGH;Früchte + Gemüse;241;000079;1;;St;Ifco LiftLock;3.2;3.2;0;2000007960008;0;0;0;;
90032159;64044426;2026-06-27;BGH;Früchte + Gemüse;250;044861;2;4.25;kg;Knollensellerie gepackt, 3 St ca. 2,4 kg;2.92;12.41;0.32266;2904751999997;0;0;1;;
90032159;64044426;2026-06-27;BGH;Früchte + Gemüse;260;040972;3;;kg;Cherry Rispentomaten, 3 kg;9.34;84.06;2.18556;7610632984666;0;0;1;;
90032159;64044426;2026-06-27;BGH;Früchte + Gemüse;261;000079;3;;St;Ifco LiftLock;3.2;9.6;0;2000007960008;0;0;0;;
90032159;64044426;2026-06-27;BGH;Früchte + Gemüse;270;040258;1;;kg;Auberginen, 5 kg;4.1;20.5;0.533;7610632977057;0;1;1;;
90032159;64044426;2026-06-27;BGH;Früchte + Gemüse;271;000079;1;;St;Ifco LiftLock;3.2;3.2;0;2000007960008;0;0;0;;
90032159;64044426;2026-06-27;BGH;Früchte + Gemüse;280;045708;1;;kg;Zucchetti CH, 5 kg;3.69;18.45;0.4797;7610632980538;0;0;1;;
90032159;64044426;2026-06-27;BGH;Früchte + Gemüse;281;000079;1;;St;Ifco LiftLock;3.2;3.2;0;2000007960008;0;0;0;;
90032159;64044426;2026-06-27;BGH;Früchte + Gemüse;290;044107;1;;kg;Peperoni Tricolor, Import, 5 kg;3.75;18.75;0.4875;7610632977132;0;0;1;;
90032159;64044426;2026-06-27;BGH;Früchte + Gemüse;291;000079;1;;St;Ifco LiftLock;3.2;3.2;0;2000007960008;0;0;0;;
90032159;64044426;2026-06-27;BGH;Früchte + Gemüse;300;040454;1;6;kg;Blumenkohl, ca. 7,5 kg;4.52;27.12;0.70512;2903704999992;0;0;1;;
90032159;64044426;2026-06-27;BGH;Früchte + Gemüse;301;000079;1;;St;Ifco LiftLock;3.2;3.2;0;2000007960008;0;0;0;;
90032159;64044426;2026-06-27;BGH;Früchte + Gemüse;310;049127;1;;Kt;Champignons braun, frisch, 1 kg;9.22;9.22;0.23972;7610473014843;0;0;1;;
90032159;64044426;2026-06-27;BGH;Früchte + Gemüse;320;044327;1;;kg;Quality Randen ganz geschält, pasteurisiert, 3 kg;4;12;0.312;7610034527584;0;0;1;;
90032159;64044426;2026-06-27;BGH;Früchte + Gemüse;330;044156;1;;Bt;Petersilie gekraust, gepackt, 500 g;7.38;7.38;0.19188;7610632995082;0;0;1;;
90032159;64044426;2026-06-27;BGH;Früchte + Gemüse;340;042587;1;;Ne;Knoblauch gepackt, 1 kg;10.47;10.47;0.27222;7610632976814;0;0;1;;
90032159;64044426;2026-06-27;BGH;Früchte + Gemüse;350;092540;1;;kg;Ditzler Kirschen schwarz entsteint, Import, TK, 2 x 2,5 kg;15.37;76.85;1.9981;07610247111662;0;0;1;;
90032159;64044426;2026-06-27;BGH;Früchte + Gemüse;360;090190;1;;kg;Frigemo Golden Pommes Allumettes, 4,5 x 4,5 mm, TK, 2 x 2,5 kg;6.43;32.15;0.8359;7610078017102;0;0;1;;
90032159;64044426;2026-06-27;BGH;Metzgerei;370;054491;2;;kg;Economy Rinds-Hackfleisch, 8 mm, Österreich, tiefgekühlt, 2 kg;16.5;66;1.716;7610034507951;0;0;1;;
90032159;64044426;2026-06-27;BGH;Metzgerei;380;066871;3;;St;ASC Rauchlachs geschnitten 200g;6.3;18.9;0.4914;8720681423524;0;0;7;;
90032159;64044426;2026-06-27;BGH;Früchte + Gemüse;390;000079;2;;St;Ifco LiftLock;3.2;6.4;0;2000007960008;0;0;0;;
90032159;64037723;2026-06-24;BGH;Früchte + Gemüse;10;000079;-20;;St;Ifco LiftLock;3.2;-64;0;2000007960008;0;0;0;;
90032159;64037723;2026-06-24;BGH;Food;10;511410;1;;Ds;Economy Sweet Corn - Maiskörner, 6 x 2,125 kg;5.14;30.84;0.80184;7610034526075;0;0;1;;
90032159;64037723;2026-06-24;BGH;Nearfood;10;813563;1;;Kt;Maxx Into Citrus2, Sanitärreiniger, 2 x 5 l;112.39;112.39;9.10359;4028159084609;0;0;2;;
90032159;64037723;2026-06-24;BGH;Nearfood;10;992830;2;;Kt;Quality Handtuch W-Falz, 2-lagig, weiss, 15 x 125 St;34.39;68.78;5.57118;7610034509610;0;0;3;;
90032159;64037723;2026-06-24;BGH;Früchte + Gemüse;20;000079;3;;St;Ifco LiftLock;3.2;9.6;0;2000007960008;0;0;0;;
90032159;64037723;2026-06-24;BGH;Food;20;349611;1;;Kt;Hardy's Hüppen Topolinos, 300 Stück;33.5;33.5;0.871;7610666001025;0;0;1;;
90032159;64037723;2026-06-24;BGH;Nearfood;20;992093;1;;Pk;Quality Toilettenpapier, 4-lagig, weiss, 160 Blatt, 24 Rl;16.54;16.54;1.33974;7610034532120;0;0;3;;
90032159;64037723;2026-06-24;BGH;Food;30;512520;1;;Ds;Quality Curry mild, 350 g;7.51;7.51;0.19526;7610034518667;0;0;1;;
90032159;64037723;2026-06-24;BGH;Food;40;591117;1;;Ke;Valenzi Wildpreiselbeeren, 2 kg;15.01;15.01;0.39026;4100240150094;0;0;1;;
90032159;64037723;2026-06-24;BGH;Food;50;100080;2;;Lt;Quality Rapsöl, 20 l;3.52;140.8;3.6608;7610034515147;0;0;1;;
90032159;64037723;2026-06-24;BGH;Food;60;235440;1;;Lt;Quality Weissweinessig 4.5°, 10 l;2.84;28.4;0.7384;7610034516724;0;0;1;;
90032159;64037723;2026-06-24;BGH;Food;70;512801;1;;Gl;Peppadew Wilde Paprika gefüllt mit Frischkäse, 2 x 1,5 kg;42.86;85.72;2.22872;16007788003293;0;0;1;;
90032159;64037723;2026-06-24;BGH;Food;80;560053;1;;Pk;JuraSel Speisesalz grün, mit Jod und Fluor, 1 kg;1.1;11;0.286;7610039000099;0;0;1;;
90032159;64037723;2026-06-24;BGH;Food;90;481660;1;;Ds;Mutti Tomaten Pelati, Gastronomia, 6 x 2,5 kg;7.57;45.42;1.18092;8005110043024;0;0;1;;
90032159;64037723;2026-06-24;BGH;Food;100;448060;3;;Ds;Hilcona Randensalat gewürfelt, 3 kg;15.25;45.75;1.1895;7610227328127;0;0;1;;
90032159;64037723;2026-06-24;BGH;Food;110;345330;2;;Sa;Mangini Noccioletto, Haselnüsse mit Milchschokolade überzogen, 1 kg;28.53;57.06;1.48356;8004203103393;0;0;1;;
90032159;64037723;2026-06-24;BGH;Nearfood;120;819941;1;;Fl;Greasecutter Fast Foam, Grillreniger und Fettlöser, 4 x 750 ml;28;112;9.072;4028159052813;0;0;3;;
90032159;64037723;2026-06-24;BGH;Molkerei/Backwaren;130;010455;1;2.133;kg;Cremo Greyerzer AOP, classic, ca. 2 kg;16.91;36.06903;0.93779478;2987945999997;0;0;1;;
90032159;64037723;2026-06-24;BGH;Molkerei/Backwaren;140;027310;1;;kg;Economy Butter, 10 x 1 kg;13.35;133.5;3.471;7610034508224;0;0;1;;
90032159;64037723;2026-06-24;BGH;Molkerei/Backwaren;150;027210;2;;Kt;Emmi Premium Butterportionen, Becher, 96 x 10 g;21.67;43.34;1.12684;7610900146291;0;0;1;;
90032159;64037723;2026-06-24;BGH;Molkerei/Backwaren;160;026260;1;;kg;Emmi Suisse Yogourt Nature, 3 kg;2.97;8.91;0.23166;7610900127115;0;0;1;;
90032159;64037723;2026-06-24;BGH;Molkerei/Backwaren;170;024673;1;;Ke;Quality Crème Fraîche Nature 35%, 2,5 kg;24.76;24.76;0.64376;7610034514973;0;0;1;;
90032159;64037723;2026-06-24;BGH;Molkerei/Backwaren;180;013702;1;3.58;kg;Quality Raclette, eckig, 1/2 Laib ca. 3,2 kg;10.93;39.1294;1.0173644;2953272999993;0;0;1;;
90032159;64037723;2026-06-24;BGH;Molkerei/Backwaren;190;009570;1;;St;Quality Flammkuchenböden oval, tiefgekühlt, ca. 29 x 39 cm, 130g;1.11;111;2.886;4388040311444;0;0;7;;
90032159;64037723;2026-06-24;BGH;Molkerei/Backwaren;200;010131;1;;Pk;Berner Alphobelkäse AOP, gerollt, 600 g;27.95;27.95;0.7267;7600400001121;0;0;1;;
90032159;64037723;2026-06-24;BGH;Molkerei/Backwaren;210;019372;3;;St;Soignon Bûche de chèvre, Weichkäse, 1 kg;16.47;49.41;1.28466;3523237481000;0;0;1;;
90032159;64037723;2026-06-24;BGH;Molkerei/Backwaren;220;025040;1;;Kt;Quality Kaffeerahm Portionen 15%, UHT, 200 x 12 g;11.3;11.3;0.2938;7610034505124;0;0;1;;
90032159;64037723;2026-06-24;BGH;Molkerei/Backwaren;230;095210;1;;St;Eier Import, Bodenhaltung, 53g+, 90 Stück;0.4;36;0.936;7640104163138;0;0;1;;
90032159;64037723;2026-06-24;BGH;Früchte + Gemüse;240;041704;1;5;kg;Fenchel, 5 kg;3.69;18.45;0.4797;2903814999998;0;0;1;;
90032159;64037723;2026-06-24;BGH;Früchte + Gemüse;241;000079;1;;St;Ifco LiftLock;3.2;3.2;0;2000007960008;0;0;0;;
90032159;64037723;2026-06-24;BGH;Früchte + Gemüse;250;042020;1;;St;Gurken 400 - 500 g / St, 4 St;2.08;8.32;0.21632;7610632994153;0;0;1;;
90032159;64037723;2026-06-24;BGH;Früchte + Gemüse;260;047753;2;2;kg;Limetten / Limes, ca. 1 kg;3.51;7.02;0.18252;2905053999999;0;0;1;;
90032159;64037723;2026-06-24;BGH;Früchte + Gemüse;270;048130;1;;kg;Orangen blond, gepackt, ca. 2 kg;2.2;4.4;0.1144;7613399009115;0;0;7;;
90032159;64037723;2026-06-24;BGH;Früchte + Gemüse;280;044538;1;;Bt;Rosmarin, 250 g;8.81;8.81;0.22906;7610632969816;0;0;1;;
90032159;64037723;2026-06-24;BGH;Früchte + Gemüse;290;045188;1;;Bt;Thymian, 250 g;8.81;8.81;0.22906;7610632948002;0;0;1;;
90032159;64037723;2026-06-24;BGH;Früchte + Gemüse;300;041556;5;;Ne;Eschalotten, gepackt, 1 kg;4.17;20.85;0.5421;7610632974964;0;0;1;;
90032159;64037723;2026-06-24;BGH;Früchte + Gemüse;310;040972;3;;kg;Cherry Rispentomaten, 3 kg;9.34;84.06;2.18556;7610632984666;0;0;1;;
90032159;64037723;2026-06-24;BGH;Früchte + Gemüse;311;000079;3;;St;Ifco LiftLock;3.2;9.6;0;2000007960008;0;0;0;;
90032159;64037723;2026-06-24;BGH;Früchte + Gemüse;320;049127;3;;Kt;Champignons braun, frisch, 1 kg;9.22;27.66;0.71916;7610473014843;0;0;1;;
90032159;64037723;2026-06-24;BGH;Früchte + Gemüse;330;044715;10;;St;Salanova Multiblatt assortiert, 8 St;2.32;185.6;4.8256;7610632963678;0;0;1;;
90032159;64037723;2026-06-24;BGH;Früchte + Gemüse;331;000079;10;;St;Ifco LiftLock;3.2;32;0;2000007960008;0;0;0;;
90032159;64037723;2026-06-24;BGH;Früchte + Gemüse;340;048787;1;;kg;Trauben mix weiss / blau, 5 kg;5.89;29.45;0.7657;7610632261217;0;0;1;;
90032159;64037723;2026-06-24;BGH;Früchte + Gemüse;350;044107;1;;kg;Peperoni Tricolor, Import, 5 kg;2.95;14.75;0.3835;7610632977132;0;1;1;;
90032159;64037723;2026-06-24;BGH;Früchte + Gemüse;351;000079;1;;St;Ifco LiftLock;3.2;3.2;0;2000007960008;0;0;0;;
90032159;64037723;2026-06-24;BGH;Früchte + Gemüse;360;043598;1;;Bt;Minze, 250 g;7.35;7.35;0.1911;7610632977873;0;1;1;;
90032159;64037723;2026-06-24;BGH;Früchte + Gemüse;370;044861;3;7.91;kg;Knollensellerie gepackt, 3 St ca. 2,4 kg;2.92;23.0972;0.6005272;2904751999997;0;0;1;;
90032159;64037723;2026-06-24;BGH;Früchte + Gemüse;380;042360;4;3.674;kg;Kabis weiss mittel gefilmt, Stück, ca. 1 kg;3.55;13.0427;0.3391102;2904690999997;0;0;1;;
90032159;64037723;2026-06-24;BGH;Metzgerei;390;078272;1;2.146;kg;Economy Trutenschinken, eckig, 1/2, Deutschland, ca. 2 kg;12.95;27.7907;0.7225582;2935177999995;0;0;1;;
90032159;64037723;2026-06-24;BGH;Metzgerei;400;068861;1;;kg;Egli Filet im Bierteig, ca. 20 - 30 g, tiefgekühlt, 5 kg;16.95;84.75;2.2035;4260576197078;0;0;7;;
90032159;64037723;2026-06-24;BGH;Metzgerei;410;086713;2;4.326;kg;Bell Schwarzwald Rohschinken 1/2 ca. 1,5 kg;21.5;93.009;2.418234;2992423999994;0;0;1;;
90032159;64037723;2026-06-24;BGH;Metzgerei;420;087443;1;0.496;kg;Appenzeller Mostbröckli 1/2, IGP, ca. 500 g;63.9;31.6944;0.8240544;2976861999990;0;0;1;;
90032159;64037723;2026-06-24;BGH;Metzgerei;430;085662;1;1.074;kg;Bauernspeck schwarz 1/2 ohne Schwarte/Knorpel, ca. 900g;30.9;33.1866;0.8628516;2943444999999;0;0;1;;
90032159;64037723;2026-06-24;BGH;Früchte + Gemüse;450;000079;4;;St;Ifco LiftLock;3.2;12.8;0;2000007960008;0;0;0;;
90032159;64031671;2026-06-20;BGH;Früchte + Gemüse;10;000079;-23;;St;Ifco LiftLock;3.2;-73.6;0;2000007960008;0;0;0;;
90032159;64031671;2026-06-20;BGH;Food;10;235440;1;;Lt;Quality Weissweinessig 4.5°, 10 l;2.84;28.4;0.7384;7610034516724;0;0;1;;
90032159;64031671;2026-06-20;BGH;Food;20;391200;1;;kg;Economy Langkornreis Parboiled, 10 kg;1.52;15.2;0.3952;7610034535756;0;0;1;;
90032159;64031671;2026-06-20;BGH;Nearfood;20;813141;1;;Bi;Topmatic Plus Geschirrspülmittel, 25 kg;327.2;327.2;26.5032;4028159012190;0;0;2;;
90032159;64031671;2026-06-20;BGH;Food;30;399030;2;;Gl;Pommery Senf Meaux, 500 g;11.81;23.62;0.61412;3158697781010;0;0;1;;
90032159;64031671;2026-06-20;BGH;Nonfood;30;990959;1;;St;APS Salz-/Pommes-Frites Streuer Aluminium 8 x 17 cm;16.74;16.74;1.35594;4004133007796;0;0;2;;
90032159;64031671;2026-06-20;BGH;Food;40;560053;1;;Pk;JuraSel Speisesalz grün, mit Jod und Fluor, 1 kg;1.1;11;0.286;7610039000099;0;0;1;;
90032159;64031671;2026-06-20;BGH;Nonfood;40;967514;2;;St;Stronghold Julienne Schneider;7.78;15.56;1.26036;7612192084053;0;0;2;;
90032159;64031671;2026-06-20;BGH;Food;50;565650;2;;Kt;Heinz Tomato Ketchup, Beutel Cube, 100 x 20 g;19.72;39.44;1.02544;5413226100075;0;0;1;;
90032159;64031671;2026-06-20;BGH;Nonfood;50;991133;2;;St;ProChef Dosierflasche grün 1 l;12.88;25.76;2.08656;7611602083174;0;0;3;;
90032159;64031671;2026-06-20;BGH;Food;60;510190;2;;Kt;Quality Mayonnaise Portionen, 100 x 17 g;22.2;44.4;1.1544;7610034516588;0;0;1;;
90032159;64031671;2026-06-20;BGH;Nonfood;60;991131;2;;St;ProChef Dosierflasche orange 1 l;12.88;25.76;2.08656;7611602083211;0;0;3;;
90032159;64031671;2026-06-20;BGH;Food;70;391251;1;;Ke;Economy Salat-Mayonnaise, 9,4 kg;28.95;28.95;0.7527;7610034511705;0;0;1;;
90032159;64031671;2026-06-20;BGH;Nonfood;70;991140;10;;St;ProChef Dosierflasche 710ml transparent Ø 7 cm Höhe 24 cm;3.92;39.2;3.1752;7611602084447;0;0;3;;
90032159;64031671;2026-06-20;BGH;Food;80;511501;2;;Ds;Economy Oliven schwarz entsteint, 4,25 kg;13.86;27.72;0.72072;4388040253720;0;0;1;;
90032159;64031671;2026-06-20;BGH;Nonfood;80;991228;2;;Rl;Jet-Cut Frischhaltefolie PE Refill 45 cm x 500 m;27.25;54.5;4.4145;7610222701741;0;0;2;;
90032159;64031671;2026-06-20;BGH;Food;90;125410;1;;Lt;Economy Olivenöl extra vergine Spanien, 5 l;8.2;41;1.066;8413080025689;0;0;1;;
90032159;64031671;2026-06-20;BGH;Nonfood;90;930430;2;;Pk;VC999 Vakuumbeutel, 90 µm, 300 x 400 mm, Pack zu 100 Stück;21.95;43.9;3.5559;7640144910266;0;0;2;;
90032159;64031671;2026-06-20;BGH;Food;100;564040;2;;Gl;Bosco d'oro Carpaccio, aus Sommertrüffeln, schwarz, 45 g;18.93;37.86;0.98436;8032680690549;0;0;1;;
90032159;64031671;2026-06-20;BGH;Nonfood;100;901180;1;;Pk;VC999 Vakuumbeutel kochfest 90 µm, 200 x 300 mm, Pack zu 100 Stück;24.58;24.58;1.99098;7640144910075;0;0;2;;
90032159;64031671;2026-06-20;BGH;Food;110;391241;1;;Ke;Economy Senf mild, 5,25 kg;10.68;10.68;0.27768;7610034512641;0;0;1;;
90032159;64031671;2026-06-20;BGH;Nonfood;110;901160;1;;Pk;VC999 Vakuumbeutel kochfest 90 µm, 150 x 200 mm, Pack zu 100 Stück;12.88;12.88;1.04328;7640144910051;0;0;2;;
90032159;64031671;2026-06-20;BGH;Food;120;235140;2;;Sa;Riso Gallo Arborio, 5 kg;34.58;69.16;1.79816;8001420000870;0;0;1;;
90032159;64031671;2026-06-20;BGH;Nonfood;120;930230;2;;Pk;VC999 Vakuumbeutel, 90 µm, 180 x 260 mm, Pack zu 100 Stück;11.14;22.28;1.80468;7640144910211;0;0;2;;
90032159;64031671;2026-06-20;BGH;Food;130;115081;1;;Lt;Quality Frito 2000 Gold, Frittieröl, 20 l;4.96;99.2;2.5792;7610034515079;0;0;1;;
90032159;64031671;2026-06-20;BGH;Nonfood;130;930270;2;;Pk;VC999 Vakuumbeutel, 90 µm, 160 x 210 mm, Pack zu 100 Stück;8.51;17.02;1.37862;7640144910204;0;0;2;;
90032159;64031671;2026-06-20;BGH;Food;140;345771;2;;Bt;American Sandwich Toast nature, 7 x 825 g;4.8;67.2;1.7472;83228850000596;0;0;1;;
90032159;64031671;2026-06-20;BGH;Nonfood;140;902275;5;;Pk;Trinkhalm Papier, schwarz, 21 cm, Ø 6 mm, Pack zu 150 Stück;4.37;21.85;1.76985;7610588101964;0;0;3;;
90032159;64031671;2026-06-20;BGH;Food;150;249670;3;;Ds;Quality Apfelmus, 2,7 kg;7.85;23.55;0.6123;7610034511392;0;0;1;;
90032159;64031671;2026-06-20;BGH;Nonfood;150;999610;2;;Pk;Thermorolle  80/80/12 mm, Pack zu 5 Rollen;9.98;19.96;1.61676;7610588111086;0;0;2;;
90032159;64031671;2026-06-20;BGH;Food;160;448060;3;;Ds;Hilcona Randensalat gewürfelt, 3 kg;15.25;45.75;1.1895;7610227328127;0;0;1;;
90032159;64031671;2026-06-20;BGH;Nonfood;160;965928;4;;Pk;Lunica Bambusspiessli 20 cm, Ø 2,5 mm Pack zu 200 Stück;1.46;5.84;0.47304;7640174811977;0;0;3;;
90032159;64031671;2026-06-20;BGH;Food;170;511101;3;;Gl;Quality Kapernäpfel mit Stiel, 1,695 kg;21.7;65.1;1.6926;7610034524897;0;0;1;;
90032159;64031671;2026-06-20;BGH;Nonfood;170;963987;4;;Pk;Lunica Fingerfood Spiesse Bambus 12 cm Pack zu 250 Stück;5.88;23.52;1.90512;7640174810383;0;0;3;;
90032159;64031671;2026-06-20;BGH;Wein;180;611120;1;;Bx;Monvallon Vin Blanc, 10 l BiB;22;22;1.782;7610593415353;0;0;3;;
90032159;64031671;2026-06-20;BGH;Wein;190;639240;1;;Bx;Montagne Belle Allure Vin Rouge, 10 l BiB;22;22;1.782;7610593204872;0;0;3;;
90032159;64031671;2026-06-20;BGH;Molkerei/Backwaren;200;024440;1;;Tp;Quality Vollrahm 35%, UHT, 12 x 1 l;5.9;70.8;1.8408;7610034505315;0;0;1;;
90032159;64031671;2026-06-20;BGH;Molkerei/Backwaren;210;024790;1;;Ds;Floralp Vollrahm 35%, ohne Zucker, UHT, 6 x 500 g;6.4;38.4;0.9984;7612300013173;0;1;7;;
90032159;64031671;2026-06-20;BGH;Molkerei/Backwaren;220;099973;2;;St;Economy Hamburger Bun Sesam, tiefgekühlt, geschnitten, Ø 11,5 cm, 30 x 81 g;0.52;31.2;0.8112;4068774002626;0;0;7;;
90032159;64031671;2026-06-20;BGH;Molkerei/Backwaren;230;019372;5;;St;Soignon Bûche de chèvre, Weichkäse, 1 kg;16.47;82.35;2.1411;3523237481000;0;0;1;;
90032159;64031671;2026-06-20;BGH;Molkerei/Backwaren;240;013702;1;3.21;kg;Quality Raclette, eckig, 1/2 Laib ca. 3,2 kg;10.93;35.0853;0.9122178;2953272999993;0;0;1;;
90032159;64031671;2026-06-20;BGH;Molkerei/Backwaren;250;025040;1;;Kt;Quality Kaffeerahm Portionen 15%, UHT, 200 x 12 g;11.3;11.3;0.2938;7610034505124;0;0;1;;
90032159;64031671;2026-06-20;BGH;Molkerei/Backwaren;260;024673;1;;Ke;Quality Crème Fraîche Nature 35%, 2,5 kg;24.76;24.76;0.64376;7610034514973;0;0;1;;
90032159;64031671;2026-06-20;BGH;Molkerei/Backwaren;270;022600;2;;Tp;Quality Vollmilch 3,5%, UHT, 12 x 1 l;1.28;30.72;0.79872;7610034507807;0;0;1;;
90032159;64031671;2026-06-20;BGH;Molkerei/Backwaren;280;016781;4;;Sc;Quality Grana Padano DOP, Flocken, 500 g;9.77;39.08;1.01608;2001678190008;0;0;7;;
90032159;64031671;2026-06-20;BGH;Molkerei/Backwaren;290;016601;4;;kg;Quality Grana Padano DOP, gerieben, 1 kg;15.55;62.2;1.6172;4388040340352;0;1;7;;
90032159;64031671;2026-06-20;BGH;Molkerei/Backwaren;300;096261;5;;Pk;Quality Vollei flüssig Import, Bodenhaltung, pasteurisiert, 1 kg;7.45;37.25;0.9685;7610034507609;0;0;1;;
90032159;64031671;2026-06-20;BGH;Früchte + Gemüse;310;044715;7;;St;Salanova Multiblatt assortiert, 8 St;2.2;123.2;3.2032;7610632963678;0;0;1;;
90032159;64031671;2026-06-20;BGH;Früchte + Gemüse;311;000079;7;;St;Ifco LiftLock;3.2;22.4;0;2000007960008;0;0;0;;
90032159;64031671;2026-06-20;BGH;Früchte + Gemüse;320;045005;2;6;kg;Spinat, 3 kg;6.07;36.42;0.94692;2904065999997;0;0;1;;
90032159;64031671;2026-06-20;BGH;Früchte + Gemüse;321;000079;2;;St;Ifco LiftLock;3.2;6.4;0;2000007960008;0;0;0;;
90032159;64031671;2026-06-20;BGH;Früchte + Gemüse;330;040972;2;;kg;Cherry Rispentomaten, 3 kg;9.34;56.04;1.45704;7610632984666;0;0;1;;
90032159;64031671;2026-06-20;BGH;Früchte + Gemüse;331;000079;2;;St;Ifco LiftLock;3.2;6.4;0;2000007960008;0;0;0;;
90032159;64031671;2026-06-20;BGH;Früchte + Gemüse;340;040026;2;;Tt;Raclette Kartoffeln, 2,5 kg;6.84;13.68;0.35568;7613399023012;0;0;1;;
90032159;64031671;2026-06-20;BGH;Früchte + Gemüse;350;043600;1;0.5;kg;Meerrettich, Stück zu ca. 200 g;15.83;7.915;0.20579;2903750999991;0;0;1;;
90032159;64031671;2026-06-20;BGH;Früchte + Gemüse;360;048827;1;;kg;Zitronen, 6 kg;3.35;20.1;0.5226;7610632320723;0;1;1;;
90032159;64031671;2026-06-20;BGH;Früchte + Gemüse;361;000079;1;;St;Ifco LiftLock;3.2;3.2;0;2000007960008;0;0;0;;
90032159;64031671;2026-06-20;BGH;Früchte + Gemüse;370;040454;1;6;kg;Blumenkohl, ca. 7,5 kg;4.64;27.84;0.72384;2903704999992;0;0;1;;
90032159;64031671;2026-06-20;BGH;Früchte + Gemüse;371;000079;1;;St;Ifco LiftLock;3.2;3.2;0;2000007960008;0;0;0;;
90032159;64031671;2026-06-20;BGH;Früchte + Gemüse;380;044611;1;;kg;Rüebli / Karotten Gastro, gewaschen, Inland, 10 kg;1.9;19;0.494;7628072012832;0;1;1;;
90032159;64031671;2026-06-20;BGH;Früchte + Gemüse;381;000079;1;;St;Ifco LiftLock;3.2;3.2;0;2000007960008;0;0;0;;
90032159;64031671;2026-06-20;BGH;Früchte + Gemüse;390;045708;1;;kg;Zucchetti CH, 5 kg;2.5;12.5;0.325;7610632980538;0;1;1;;
90032159;64031671;2026-06-20;BGH;Früchte + Gemüse;391;000079;1;;St;Ifco LiftLock;3.2;3.2;0;2000007960008;0;0;0;;
90032159;64031671;2026-06-20;BGH;Früchte + Gemüse;400;040674;1;6;kg;Broccoli, ca. 6 kg;4.7;28.2;0.7332;2903734999993;0;0;1;;
90032159;64031671;2026-06-20;BGH;Früchte + Gemüse;401;000079;1;;St;Ifco LiftLock;3.2;3.2;0;2000007960008;0;0;0;;
90032159;64031671;2026-06-20;BGH;Früchte + Gemüse;410;045208;1;;kg;Tomaten, rund, 6 kg;4.11;24.66;0.64116;7610632980576;0;0;1;;
90032159;64031671;2026-06-20;BGH;Früchte + Gemüse;411;000079;1;;St;Ifco LiftLock;3.2;3.2;0;2000007960008;0;0;0;;
90032159;64031671;2026-06-20;BGH;Früchte + Gemüse;420;041217;1;;Bd;Cipollotte / Bundzwiebeln, gepackt, 2 Bund, ca. 3 St;2.2;4.4;0.1144;7610632974995;0;0;1;;
90032159;64031671;2026-06-20;BGH;Früchte + Gemüse;430;045882;1;;kg;Zwiebeln gross, 10 kg;2.26;22.6;0.5876;7628072003557;0;0;7;;
90032159;64031671;2026-06-20;BGH;Früchte + Gemüse;431;000079;1;;St;Ifco LiftLock;3.2;3.2;0;2000007960008;0;0;0;;
90032159;64031671;2026-06-20;BGH;Früchte + Gemüse;440;047410;4;;Sc;Johannisbeeren, Import, 125 g;8.27;33.08;0.86008;7610632010327;0;0;1;;
90032159;64031671;2026-06-20;BGH;Früchte + Gemüse;450;044156;1;;Bt;Petersilie gekraust, gepackt, 500 g;7.38;7.38;0.19188;7610632995082;0;0;1;;
90032159;64031671;2026-06-20;BGH;Metzgerei;460;050333;10;6.195;kg;Schweins-Araignée Spiessli, mariniert, 4 x ca.150 g;18.5;114.6075;2.979795;2978407999990;0;0;7;;
90032159;64031671;2026-06-20;BGH;Metzgerei;470;068141;3;;kg;Economy ASC Crevetten Black Tiger, easy peel, entdarmt, 8/12, tiefgekühlt, 1 kg;18.9;56.7;1.4742;7610034523524;0;0;7;;
90032159;64031671;2026-06-20;BGH;Früchte + Gemüse;480;000079;4;;St;Ifco LiftLock;3.2;12.8;0;2000007960008;0;0;0;;
90032159;64031671;2026-06-20;BGH;Früchte + Gemüse;490;000079;1;;St;Ifco LiftLock;3.2;3.2;0;2000007960008;0;0;0;;
90032159;64025134;2026-06-17;BGH;Früchte + Gemüse;10;000079;-31;;St;Ifco LiftLock;3.2;-99.2;0;2000007960008;0;0;0;;
90032159;64025134;2026-06-17;BGH;Food;10;100080;2;;Lt;Quality Rapsöl, 20 l;3.52;140.8;3.6608;7610034515147;0;0;1;;
90032159;64025134;2026-06-17;BGH;Food;20;115081;1;;Lt;Quality Frito 2000 Gold, Frittieröl, 20 l;4.96;99.2;2.5792;7610034515079;0;0;1;;
90032159;64025134;2026-06-17;BGH;Food;30;681651;3;;Fl;Hero Topping Schokolade, 1 kg;8.5;25.5;0.663;7610382661756;0;0;1;;
90032159;64025134;2026-06-17;BGH;Food;40;391251;1;;Ke;Economy Salat-Mayonnaise, 9,4 kg;28.95;28.95;0.7527;7610034511705;0;0;1;;
90032159;64025134;2026-06-17;BGH;Food;50;580700;1;;kg;Le Dragon Siam Jasmin Reis, 10 kg;2.59;25.9;0.6734;7610294750128;0;0;1;;
90032159;64025134;2026-06-17;BGH;Food;60;569390;1;;Ke;Hero Roux weiss Express glutenfrei, 2kg;29.27;29.27;0.76102;7614200104890;0;0;1;;
90032159;64025134;2026-06-17;BGH;Food;70;448060;1;;Ds;Hilcona Randensalat gewürfelt, 3 kg;15.25;15.25;0.3965;7610227328127;0;0;1;;
90032159;64025134;2026-06-17;BGH;Food;80;235140;1;;Sa;Riso Gallo Arborio, 5 kg;34.58;34.58;0.89908;8001420000870;0;0;1;;
90032159;64025134;2026-06-17;BGH;Food;90;209170;1;;kg;Quality Tagliatelle, 4-Ei, 6 mm, 5 kg;6.26;31.3;0.8138;7610034522718;0;0;1;;
90032159;64025134;2026-06-17;BGH;Food;100;228001;1;;Pk;Weissmehl, 10 x 1 kg;1.7;17;0.442;7610803013430;0;0;1;;
90032159;64025134;2026-06-17;BGH;Food;110;345330;3;;Sa;Mangini Noccioletto, Haselnüsse mit Milchschokolade überzogen, 1 kg;28.53;85.59;2.22534;8004203103393;0;0;1;;
90032159;64025134;2026-06-17;BGH;Molkerei/Backwaren;120;018780;1;;Be;Züger Mascarpone, 6 x 500 g;4.14;24.84;0.64584;7640101091274;0;1;1;;
90032159;64025134;2026-06-17;BGH;Molkerei/Backwaren;130;027310;1;;kg;Economy Butter, 10 x 1 kg;13.35;133.5;3.471;7610034508224;0;0;1;;
90032159;64025134;2026-06-17;BGH;Molkerei/Backwaren;140;014641;7;;Be;Premium Burrata, 2 x 125 g;4.7;32.9;0.8554;7610034511026;0;1;1;;
90032159;64025134;2026-06-17;BGH;Molkerei/Backwaren;150;013702;1;3.255;kg;Quality Raclette, eckig, 1/2 Laib ca. 3,2 kg;10.93;35.57715;0.9250059;2953272999993;0;0;1;;
90032159;64025134;2026-06-17;BGH;Molkerei/Backwaren;160;095210;1;;St;Eier Import, Bodenhaltung, 53g+, 90 Stück;0.4;36;0.936;7640104163138;0;0;1;;
90032159;64025134;2026-06-17;BGH;Molkerei/Backwaren;170;096261;3;;Pk;Quality Vollei flüssig Import, Bodenhaltung, pasteurisiert, 1 kg;7.45;22.35;0.5811;7610034507609;0;0;1;;
90032159;64025134;2026-06-17;BGH;Früchte + Gemüse;180;049127;3;;Kt;Champignons braun, frisch, 1 kg;9.22;27.66;0.71916;7610473014843;0;0;1;;
90032159;64025134;2026-06-17;BGH;Früchte + Gemüse;190;040972;2;;kg;Cherry Rispentomaten, 3 kg;9.5;57;1.482;7610632984666;0;0;1;;
90032159;64025134;2026-06-17;BGH;Früchte + Gemüse;191;000079;2;;St;Ifco LiftLock;3.2;6.4;0;2000007960008;0;0;0;;
90032159;64025134;2026-06-17;BGH;Früchte + Gemüse;200;040026;2;;Tt;Raclette Kartoffeln, 2,5 kg;6.84;13.68;0.35568;7613399023012;0;0;1;;
90032159;64025134;2026-06-17;BGH;Früchte + Gemüse;210;045005;1;3;kg;Spinat, 3 kg;6.07;18.21;0.47346;2904065999997;0;0;1;;
90032159;64025134;2026-06-17;BGH;Früchte + Gemüse;211;000079;1;;St;Ifco LiftLock;3.2;3.2;0;2000007960008;0;0;0;;
90032159;64025134;2026-06-17;BGH;Früchte + Gemüse;220;045186;1;;Bd;Thymian Bund, 80 g;4.22;4.22;0.10972;7610632942604;0;0;1;;
90032159;64025134;2026-06-17;BGH;Früchte + Gemüse;230;048130;2;;kg;Orangen blond, gepackt, ca. 2 kg;2.2;8.8;0.2288;7613399009115;0;0;7;;
90032159;64025134;2026-06-17;BGH;Früchte + Gemüse;240;045708;2;;kg;Zucchetti CH, 5 kg;3.69;36.9;0.9594;7610632980538;0;0;1;;
90032159;64025134;2026-06-17;BGH;Früchte + Gemüse;241;000079;2;;St;Ifco LiftLock;3.2;6.4;0;2000007960008;0;0;0;;
90032159;64025134;2026-06-17;BGH;Früchte + Gemüse;250;044664;1;5;kg;Karotten Pfälzer gelb gewaschen, 5 kg;1.98;9.9;0.2574;2992584999994;0;1;1;;
90032159;64025134;2026-06-17;BGH;Früchte + Gemüse;251;000079;1;;St;Ifco LiftLock;3.2;3.2;0;2000007960008;0;0;0;;
90032159;64025134;2026-06-17;BGH;Früchte + Gemüse;260;044611;1;;kg;Rüebli / Karotten Gastro, gewaschen, Inland, 10 kg;2.26;22.6;0.5876;7628072012832;0;0;1;;
90032159;64025134;2026-06-17;BGH;Früchte + Gemüse;261;000079;1;;St;Ifco LiftLock;3.2;3.2;0;2000007960008;0;0;0;;
90032159;64025134;2026-06-17;BGH;Früchte + Gemüse;270;040454;1;6;kg;Blumenkohl, ca. 7,5 kg;3.35;20.1;0.5226;2903704999992;0;1;1;;
90032159;64025134;2026-06-17;BGH;Früchte + Gemüse;271;000079;1;;St;Ifco LiftLock;3.2;3.2;0;2000007960008;0;0;0;;
90032159;64025134;2026-06-17;BGH;Früchte + Gemüse;280;044327;1;;kg;Quality Randen ganz geschält, pasteurisiert, 3 kg;2.98;8.94;0.23244;7610034527584;0;1;1;;
90032159;64025134;2026-06-17;BGH;Früchte + Gemüse;290;040329;1;;Bt;Basilikum, 1 kg;29.69;29.69;0.77194;7610632989975;0;0;1;;
90032159;64025134;2026-06-17;BGH;Früchte + Gemüse;300;044715;6;;St;Salanova Multiblatt assortiert, 8 St;2.2;105.6;2.7456;7610632963678;0;0;1;;
90032159;64025134;2026-06-17;BGH;Früchte + Gemüse;301;000079;6;;St;Ifco LiftLock;3.2;19.2;0;2000007960008;0;0;0;;
90032159;64025134;2026-06-17;BGH;Früchte + Gemüse;310;045208;1;;kg;Tomaten, rund, 6 kg;4.11;24.66;0.64116;7610632980576;0;0;1;;
90032159;64025134;2026-06-17;BGH;Früchte + Gemüse;311;000079;1;;St;Ifco LiftLock;3.2;3.2;0;2000007960008;0;0;0;;
90032159;64025134;2026-06-17;BGH;Früchte + Gemüse;320;040674;1;6;kg;Broccoli, ca. 6 kg;4.58;27.48;0.71448;2903734999993;0;0;1;;
90032159;64025134;2026-06-17;BGH;Früchte + Gemüse;321;000079;1;;St;Ifco LiftLock;3.2;3.2;0;2000007960008;0;0;0;;
90032159;64025134;2026-06-17;BGH;Metzgerei;330;002755;3;6.869;kg;Bell Fleischkäse-Cordon-bleu, paniert, 10 x ca. 200 g;21.2;145.6228;3.7861928;2973165999992;0;0;7;;
90032159;64025134;2026-06-17;BGH;Früchte + Gemüse;340;000079;3;;St;Ifco LiftLock;3.2;9.6;0;2000007960008;0;0;0;;
90032159;64025134;2026-06-17;BGH;Früchte + Gemüse;350;000079;2;;St;Ifco LiftLock;3.2;6.4;0;2000007960008;0;0;0;;
90032159;64018660;2026-06-13;BGH;Früchte + Gemüse;10;000079;-11;;St;Ifco LiftLock;3.2;-35.2;0;2000007960008;0;0;0;;
90032159;64018660;2026-06-13;BGH;Molkerei/Backwaren;10;024440;2;;Tp;Quality Vollrahm 35%, UHT, 12 x 1 l;5.75;138;3.588;7610034505315;0;1;1;;
90032159;64018660;2026-06-13;BGH;Food;10;111410;2;;Pk;Quality Zuckersticks schwarz, 1000 x 5 g;13.4;26.8;0.6968;7610034510647;0;1;1;;
90032159;64018660;2026-06-13;BGH;Metzgerei;20;001976;1;4.99;kg;Quality GGAP Lachs Filet, mit Haut, grätenarm, ca. 1,0 - 1,4 kg;17.9;89.321;2.322346;97610162230489;0;1;1;;
90032159;64018660;2026-06-13;BGH;Food;20;448060;2;;Ds;Hilcona Randensalat gewürfelt, 3 kg;15.25;30.5;0.793;7610227328127;0;0;1;;
90032159;64018660;2026-06-13;BGH;Nonfood;20;901180;1;;Pk;VC999 Vakuumbeutel kochfest 90 µm, 200 x 300 mm, Pack zu 100 Stück;24.58;24.58;1.99098;7640144910075;0;0;2;;
90032159;64018660;2026-06-13;BGH;Früchte + Gemüse;30;000079;5;;St;Ifco LiftLock;3.2;16;0;2000007960008;0;0;0;;
90032159;64018660;2026-06-13;BGH;Food;30;391251;2;;Ke;Economy Salat-Mayonnaise, 9,4 kg;28.95;57.9;1.5054;7610034511705;0;0;1;;
90032159;64018660;2026-06-13;BGH;Nonfood;30;930270;3;;Pk;VC999 Vakuumbeutel, 90 µm, 160 x 210 mm, Pack zu 100 Stück;8.51;25.53;2.06793;7640144910204;0;0;2;;
90032159;64018660;2026-06-13;BGH;Food;40;399030;2;;Gl;Pommery Senf Meaux, 500 g;11.81;23.62;0.61412;3158697781010;0;0;1;;
90032159;64018660;2026-06-13;BGH;Nonfood;40;930230;3;;Pk;VC999 Vakuumbeutel, 90 µm, 180 x 260 mm, Pack zu 100 Stück;11.14;33.42;2.70702;7640144910211;0;0;2;;
90032159;64018660;2026-06-13;BGH;Food;50;201530;1;;Fl;Sriracha Hot Chilli Sauce, 815 g;5.39;5.39;0.14014;016229912420;0;0;1;;
90032159;64018660;2026-06-13;BGH;Nonfood;50;991222;2;;Pk;Alustar Alubox ECO mit Deckel 0,4 l Pack zu 50 Stück;11.14;22.28;1.80468;7610222017507;0;0;3;;
90032159;64018660;2026-06-13;BGH;Food;60;411520;1;;Fl;Natura Bio Ahornsirup, Grad A, 250 ml;7.9;7.9;0.2054;9010054118546;0;0;1;;
90032159;64018660;2026-06-13;BGH;Nonfood;60;991261;2;;Pk;Alustar Alubox mit Deckel Take Away 0,9 l Pack zu 25 Stück;11.76;23.52;1.90512;7610222701468;0;0;2;;
90032159;64018660;2026-06-13;BGH;Food;70;512520;1;;Ds;Quality Curry mild, 350 g;7.51;7.51;0.19526;7610034518667;0;0;1;;
90032159;64018660;2026-06-13;BGH;Food;80;100051;1;;Ke;Tahini Sesampaste, 2 kg;16.18;16.18;0.42068;7610265013757;0;0;1;;
90032159;64018660;2026-06-13;BGH;Food;90;410031;1;;kg;Barilla Penne Rigate, n° 73, 5 kg;3.76;18.8;0.4888;8076800035735;0;0;1;;
90032159;64018660;2026-06-13;BGH;Food;100;411220;5;;Bt;Natura Bio Quinoa tricolore, 1 kg;11.54;57.7;1.5002;9010054117945;0;0;1;;
90032159;64018660;2026-06-13;BGH;Molkerei/Backwaren;110;019372;5;;St;Soignon Bûche de chèvre, Weichkäse, 1 kg;16.47;82.35;2.1411;3523237481000;0;0;1;;
90032159;64018660;2026-06-13;BGH;Molkerei/Backwaren;120;010131;2;;Pk;Berner Alphobelkäse AOP, gerollt, 600 g;27.95;55.9;1.4534;7600400001121;0;0;1;;
90032159;64018660;2026-06-13;BGH;Molkerei/Backwaren;130;014641;10;;Be;Premium Burrata, 2 x 125 g;4.7;47;1.222;7610034511026;0;1;1;;
90032159;64018660;2026-06-13;BGH;Molkerei/Backwaren;140;016781;1;;Sc;Quality Grana Padano DOP, Flocken, 500 g;9.77;9.77;0.25402;2001678190008;0;0;7;;
90032159;64018660;2026-06-13;BGH;Molkerei/Backwaren;150;016601;2;;kg;Quality Grana Padano DOP, gerieben, 1 kg;16.24;32.48;0.84448;4388040340352;0;0;7;;
90032159;64018660;2026-06-13;BGH;Molkerei/Backwaren;160;022600;1;;Tp;Quality Vollmilch 3,5%, UHT, 12 x 1 l;1.28;15.36;0.39936;7610034507807;0;0;1;;
90032159;64018660;2026-06-13;BGH;Molkerei/Backwaren;170;096261;1;;Pk;Quality Vollei flüssig Import, Bodenhaltung, pasteurisiert, 1 kg;7.8;7.8;0.2028;7610034507609;0;0;1;;
90032159;64018660;2026-06-13;BGH;Molkerei/Backwaren;180;025040;1;;Kt;Quality Kaffeerahm Portionen 15%, UHT, 200 x 12 g;11.3;11.3;0.2938;7610034505124;0;0;1;;
90032159;64018660;2026-06-13;BGH;Früchte + Gemüse;190;042360;4;4.914;kg;Kabis weiss mittel gefilmt, Stück, ca. 1 kg;3.81;18.72234;0.48678084;2904690999997;0;0;1;;
90032159;64018660;2026-06-13;BGH;Früchte + Gemüse;200;044861;2;5.68;kg;Knollensellerie gepackt, 3 St ca. 2,4 kg;2.92;16.5856;0.4312256;2904751999997;0;0;1;;
90032159;64018660;2026-06-13;BGH;Früchte + Gemüse;210;042020;5;;St;Gurken 400 - 500 g / St, 4 St;1.7;34;0.884;7610632994153;0;1;1;;
90032159;64018660;2026-06-13;BGH;Früchte + Gemüse;220;044549;1;;kg;Rucola / Rauke, 1 kg;8.9;8.9;0.2314;7610632992456;0;1;1;;
90032159;64018660;2026-06-13;BGH;Früchte + Gemüse;230;044107;1;;kg;Peperoni Tricolor, Import, 5 kg;4.05;20.25;0.5265;7610632977132;0;0;1;;
90032159;64018660;2026-06-13;BGH;Früchte + Gemüse;231;000079;1;;St;Ifco LiftLock;3.2;3.2;0;2000007960008;0;0;0;;
90032159;64018660;2026-06-13;BGH;Früchte + Gemüse;240;045708;1;;kg;Zucchetti CH, 5 kg;4.05;20.25;0.5265;7610632980538;0;0;1;;
90032159;64018660;2026-06-13;BGH;Früchte + Gemüse;241;000079;1;;St;Ifco LiftLock;3.2;3.2;0;2000007960008;0;0;0;;
90032159;64018660;2026-06-13;BGH;Früchte + Gemüse;250;041704;1;5;kg;Fenchel, 5 kg;4.34;21.7;0.5642;2903814999998;0;0;1;;
90032159;64018660;2026-06-13;BGH;Früchte + Gemüse;251;000079;1;;St;Ifco LiftLock;3.2;3.2;0;2000007960008;0;0;0;;
90032159;64018660;2026-06-13;BGH;Früchte + Gemüse;260;040674;1;6;kg;Broccoli, ca. 6 kg;4.7;28.2;0.7332;2903734999993;0;0;1;;
90032159;64018660;2026-06-13;BGH;Früchte + Gemüse;261;000079;1;;St;Ifco LiftLock;3.2;3.2;0;2000007960008;0;0;0;;
90032159;64018660;2026-06-13;BGH;Früchte + Gemüse;270;046594;4;;Be;Avocado Purée / Guacamole, 500 g;5.7;22.8;0.5928;8436008521063;0;1;1;;
90032159;64018660;2026-06-13;BGH;Früchte + Gemüse;280;040174;1;;kg;Kartoffeln ganz, roh, geschält, festkochend, 5 kg;3.33;16.65;0.4329;7613399037231;0;0;1;;
90032159;64018660;2026-06-13;BGH;Früchte + Gemüse;290;044715;7;;St;Salanova Multiblatt assortiert, 8 St;2.2;123.2;3.2032;7610632963678;0;0;1;;
90032159;64018660;2026-06-13;BGH;Früchte + Gemüse;291;000079;7;;St;Ifco LiftLock;3.2;22.4;0;2000007960008;0;0;0;;
90032159;64018660;2026-06-13;BGH;Früchte + Gemüse;300;045882;1;;kg;Zwiebeln gross, 10 kg;2.26;22.6;0.5876;7628072003557;0;0;7;;
90032159;64018660;2026-06-13;BGH;Früchte + Gemüse;301;000079;1;;St;Ifco LiftLock;3.2;3.2;0;2000007960008;0;0;0;;
90032159;64018660;2026-06-13;BGH;Früchte + Gemüse;310;044611;1;;kg;Rüebli / Karotten Gastro, gewaschen, Inland, 10 kg;2.32;23.2;0.6032;7628072012832;0;0;1;;
90032159;64018660;2026-06-13;BGH;Früchte + Gemüse;311;000079;1;;St;Ifco LiftLock;3.2;3.2;0;2000007960008;0;0;0;;
90032159;64018660;2026-06-13;BGH;Früchte + Gemüse;320;048827;1;;kg;Zitronen, 6 kg;3.35;20.1;0.5226;7610632320723;0;1;1;;
90032159;64018660;2026-06-13;BGH;Früchte + Gemüse;321;000079;1;;St;Ifco LiftLock;3.2;3.2;0;2000007960008;0;0;0;;
90032159;64018660;2026-06-13;BGH;Früchte + Gemüse;330;047106;6;;Sc;Erdbeeren, Inland, 500 g;6.6;39.6;1.0296;7610632035320;0;0;1;;
90032159;64018660;2026-06-13;BGH;Früchte + Gemüse;340;040972;4;;kg;Cherry Rispentomaten, 3 kg;9.7;116.4;3.0264;7610632984666;0;0;1;;
90032159;64018660;2026-06-13;BGH;Früchte + Gemüse;341;000079;4;;St;Ifco LiftLock;3.2;12.8;0;2000007960008;0;0;0;;
90032159;64018660;2026-06-13;BGH;Früchte + Gemüse;350;049127;2;;Kt;Champignons braun, frisch, 1 kg;9.22;18.44;0.47944;7610473014843;0;0;1;;
90032159;64018660;2026-06-13;BGH;Früchte + Gemüse;360;041556;5;;Ne;Eschalotten, gepackt, 1 kg;4.17;20.85;0.5421;7610632974964;0;0;1;;
90032159;64018660;2026-06-13;BGH;Metzgerei;370;086713;2;3.906;kg;Bell Schwarzwald Rohschinken 1/2 ca. 1,5 kg;21.5;83.979;2.183454;2992423999994;0;0;1;;
90032159;64018660;2026-06-13;BGH;Metzgerei;380;081540;1;2.934;kg;Quality Bratspeck ohne Schwarte, ohne Knorpel, 1/1, ca. 3 kg;12.59;36.93906;0.96041556;2945670999996;0;1;1;;
90032159;64018660;2026-06-13;BGH;Metzgerei;390;087443;1;0.494;kg;Appenzeller Mostbröckli 1/2, IGP, ca. 500 g;63.9;31.5666;0.8207316;2976861999990;0;0;1;;
90032159;64018660;2026-06-13;BGH;Metzgerei;400;086133;1;1.399;kg;Quality Bündnerfleisch Eckstück, Deutschland/Österreich, 1/2 ca. 1,5 kg;58.9;82.4011;2.1424286;2965474999992;0;0;1;;
90032159;64018660;2026-06-13;BGH;Metzgerei;410;052413;7;12.203;kg;Origine Weiderind Asado Gaucho Rib nature, ca. 1 kg;18.5;225.7555;5.869643;2906281999997;0;0;7;;
90032159;64018660;2026-06-13;BGH;Metzgerei;420;001750;3;7.283;kg;Bell Schweins-Hals, Walliser Braten, ca. 2,3 kg;15.5;112.8865;2.935049;97610011051593;0;0;1;;
90032159;64018660;2026-06-13;BGH;Früchte + Gemüse;430;000079;3;;St;Ifco LiftLock;3.2;9.6;0;2000007960008;0;0;0;;
90032159;64011953;2026-06-10;BGH;Früchte + Gemüse;10;000079;-28;;St;Ifco LiftLock;3.2;-89.6;0;2000007960008;0;0;0;;
90032159;64011953;2026-06-10;BGH;Food;10;100431;3;;Fl;Blaze Balsamicosauce, dickflüssig, 380 ml;9.51;28.53;0.74178;8015352303909;0;0;1;;
90032159;64011953;2026-06-10;BGH;Food;10;114370;2;;Sa;De Cecco Linguine n° 7, 3 kg;15.45;30.9;0.8034;8001250180070;0;0;1;;
90032159;64011953;2026-06-10;BGH;Nearfood;10;813606;1;;Kt;Assert Classic, 6 x 1 l;61.79;61.79;5.00499;4028159020539;0;0;2;;
90032159;64011953;2026-06-10;BGH;Food;20;371461;1;;Bt;Economy Pinienkerne, Gastropack, 1 kg;50;50;1.3;7610034525979;0;0;1;;
90032159;64011953;2026-06-10;BGH;Nearfood;20;813293;1;;Bi;Renolit Plus Fettlöser, 20 kg;321.16;321.16;26.01396;4028159036226;0;0;2;;
90032159;64011953;2026-06-10;BGH;Food;30;512440;1;;Bt;Quality Röstzwiebeln, 500 g;5.76;5.76;0.14976;4388040277375;0;0;1;;
90032159;64011953;2026-06-10;BGH;Nearfood;30;992830;1;;Kt;Quality Handtuch W-Falz, 2-lagig, weiss, 15 x 125 St;34.39;34.39;2.78559;7610034509610;0;0;3;;
90032159;64011953;2026-06-10;BGH;Food;40;115081;1;;Lt;Quality Frito 2000 Gold, Frittieröl, 20 l;4.96;99.2;2.5792;7610034515079;0;0;1;;
90032159;64011953;2026-06-10;BGH;Nearfood;40;992093;2;;Pk;Quality Toilettenpapier, 4-lagig, weiss, 160 Blatt, 24 Rl;16.54;33.08;2.67948;7610034532120;0;0;3;;
90032159;64011953;2026-06-10;BGH;Food;50;345771;1;;Bt;American Sandwich Toast nature, 7 x 825 g;4.8;33.6;0.8736;83228850000596;0;0;1;;
90032159;64011953;2026-06-10;BGH;Nonfood;50;991237;1;;Pk;Backstar Backpapier GN 1/1 53 x 32,5 cm Pack zu 300 Bogen;31.29;31.29;2.53449;7610222012854;0;0;2;;
90032159;64011953;2026-06-10;BGH;Food;60;125410;1;;Lt;Economy Olivenöl extra vergine Spanien, 5 l;8.2;41;1.066;8413080025689;0;0;1;;
90032159;64011953;2026-06-10;BGH;Nonfood;60;991228;1;;Rl;Jet-Cut Frischhaltefolie PE Refill 45 cm x 500 m;27.25;27.25;2.20725;7610222701741;0;0;2;;
90032159;64011953;2026-06-10;BGH;Food;70;100080;1;;Lt;Quality Rapsöl, 20 l;3.52;70.4;1.8304;7610034515147;0;0;1;;
90032159;64011953;2026-06-10;BGH;Nonfood;70;999530;3;;Pk;Kassenrolle 76/70/17 mm, Pack zu 10 Rollen;11.97;35.91;2.90871;7610588111130;0;0;2;;
90032159;64011953;2026-06-10;BGH;Molkerei/Backwaren;80;025040;1;;Kt;Quality Kaffeerahm Portionen 15%, UHT, 200 x 12 g;11.3;11.3;0.2938;7610034505124;0;0;1;;
90032159;64011953;2026-06-10;BGH;Nonfood;80;988010;10;;Rl;Kehrichtsack mit Zugband SOLO 110 l schwarz Rolle zu 10 Stück;3.26;32.6;2.6406;7610588110195;0;0;2;;
90032159;64011953;2026-06-10;BGH;Molkerei/Backwaren;90;024673;2;;Ke;Quality Crème Fraîche, Sauerrahm 35%, 2,5 kg;24.76;49.52;1.28752;7610034514973;0;0;1;;
90032159;64011953;2026-06-10;BGH;Molkerei/Backwaren;100;010843;1;1.08;kg;Emmi Luzerner Rahmkäse, 1/4 Laib ca. 1,1 kg;22.29;24.0732;0.6259032;2900223999991;0;0;1;;
90032159;64011953;2026-06-10;BGH;Molkerei/Backwaren;110;010455;1;2.161;kg;Cremo Greyerzer AOP, classic, ca. 2 kg;16.91;36.54251;0.95010526;2987945999997;0;0;1;;
90032159;64011953;2026-06-10;BGH;Molkerei/Backwaren;120;013702;1;2.9;kg;Quality Raclette, eckig, 1/2 Laib ca. 3,2 kg;10.93;31.697;0.824122;2953272999993;0;0;1;;
90032159;64011953;2026-06-10;BGH;Molkerei/Backwaren;130;027210;1;;Kt;Emmi Premium Butterportionen, Becher, 96 x 10 g;21.67;21.67;0.56342;7610900146291;0;0;1;;
90032159;64011953;2026-06-10;BGH;Früchte + Gemüse;140;092426;1;;kg;Economy Aprikosen halbe, TK, 2 x 2,5 kg 2;5.25;26.25;0.6825;7610034532069;0;0;7;;
90032159;64011953;2026-06-10;BGH;Früchte + Gemüse;150;040174;2;;kg;Kartoffeln ganz, roh, geschält, festkochend, 5 kg;3.33;33.3;0.8658;7613399037231;0;0;1;;
90032159;64011953;2026-06-10;BGH;Früchte + Gemüse;160;041217;2;;Bd;Cipollotte / Bundzwiebeln, gepackt, 2 Bund, ca. 3 St;2.32;9.28;0.24128;7610632974995;0;0;1;;
90032159;64011953;2026-06-10;BGH;Früchte + Gemüse;170;045005;2;6;kg;Spinat, 3 kg;6.07;36.42;0.94692;2904065999997;0;0;1;;
90032159;64011953;2026-06-10;BGH;Früchte + Gemüse;171;000079;2;;St;Ifco LiftLock;3.2;6.4;0;2000007960008;0;0;0;;
90032159;64011953;2026-06-10;BGH;Früchte + Gemüse;180;044720;1;;Bd;Salbei Bund, 80 g;4.22;4.22;0.10972;7610632942598;0;0;1;;
90032159;64011953;2026-06-10;BGH;Früchte + Gemüse;190;047410;4;;Sc;Johannisbeeren, Import, 125 g;8.27;33.08;0.86008;7610632010327;0;0;1;;
90032159;64011953;2026-06-10;BGH;Früchte + Gemüse;200;049127;3;;Kt;Champignons braun, frisch, 1 kg;9.22;27.66;0.71916;7610473014843;0;0;1;;
90032159;64011953;2026-06-10;BGH;Früchte + Gemüse;210;044715;4;;St;Salanova Multiblatt assortiert, 8 St;1.6;51.2;1.3312;7610632963678;0;1;1;;
90032159;64011953;2026-06-10;BGH;Früchte + Gemüse;211;000079;4;;St;Ifco LiftLock;3.2;12.8;0;2000007960008;0;0;0;;
90032159;64011953;2026-06-10;BGH;Früchte + Gemüse;220;047753;1;1;kg;Limetten / Limes, ca. 1 kg;2.9;2.9;0.0754;2905053999999;0;1;1;;
90032159;64011953;2026-06-10;BGH;Früchte + Gemüse;230;040026;1;;Tt;Raclette Kartoffeln, 2,5 kg;4.11;4.11;0.10686;7613399023012;0;0;1;;
90032159;64011953;2026-06-10;BGH;Früchte + Gemüse;240;044664;1;5;kg;Karotten Pfälzer gelb gewaschen, 5 kg;2.68;13.4;0.3484;2992584999994;0;0;1;;
90032159;64011953;2026-06-10;BGH;Früchte + Gemüse;241;000079;1;;St;Ifco LiftLock;3.2;3.2;0;2000007960008;0;0;0;;
90032159;64011953;2026-06-10;BGH;Metzgerei;250;001750;2;5.211;kg;Bell Schweins-Hals, Walliser Braten, ca. 2,3 kg;15.5;80.7705;2.100033;97610011051593;0;0;1;;
90032159;64011953;2026-06-10;BGH;Metzgerei;260;001483;3;6.152;kg;Poulet Oberschenkel Steak mit Haut, ohne Knochen, 60-130 g, ca. 2 kg;16.2;99.6624;2.5912224;2801483999991;0;0;1;;
90032159;64011953;2026-06-10;BGH;Metzgerei;270;068141;2;;kg;Economy ASC Crevetten Black Tiger, easy peel, entdarmt, 8/12, tiefgekühlt, 1 kg;18.9;37.8;0.9828;7610034523524;0;0;7;;
90032159;64011953;2026-06-10;BGH;Metzgerei;280;071911;1;;kg;Quality Chicken Nuggets Premium, paniert, frittiert, tiefgekühlt, Polen, 2 kg;15.9;31.8;0.8268;7610162403590;0;0;7;;
90032159;64011953;2026-06-10;BGH;Metzgerei;290;081540;1;3.234;kg;Quality Bratspeck ohne Schwarte, ohne Knorpel, 1/1, ca. 3 kg;17.2;55.6248;1.4462448;2945670999996;0;0;1;;
90032159;64011953;2026-06-10;BGH;Metzgerei;300;001033;4;16.038;kg;Economy Rinds-Entrecote II, enthäutet, gesteakt, ca. 2,5 kg;29.9;479.5362;12.4679412;97610011315503;0;0;1;;
90032159;64011953;2026-06-10;BGH;Früchte + Gemüse;310;000079;3;;St;Ifco LiftLock;3.2;9.6;0;2000007960008;0;0;0;;
90032159;64011953;2026-06-10;BGH;Früchte + Gemüse;320;000079;3;;St;Ifco LiftLock;3.2;9.6;0;2000007960008;0;0;0;;
90032159;64004951;2026-06-06;BGH;Früchte + Gemüse;10;000079;-12;;St;Ifco LiftLock;3.2;-38.4;0;2000007960008;0;0;0;;
90032159;64004951;2026-06-06;BGH;Früchte + Gemüse;10;047888;1;;St;Mangos, 9 St;2.14;19.26;0.50076;7610632001004;0;0;1;;
90032159;64004951;2026-06-06;BGH;Food;10;100080;1;;Lt;Quality Rapsöl, 20 l;3.52;70.4;1.8304;7610034515147;0;0;1;;
90032159;64004951;2026-06-06;BGH;Nearfood;10;819941;1;;Fl;Greasecutter Fast Foam, Grillreniger und Fettlöser, 4 x 750 ml;28;112;9.072;4028159052813;0;0;3;;
90032159;64004951;2026-06-06;BGH;Früchte + Gemüse;20;046576;1;;St;Avocado essreif Stück, ca. 280 g;1.7;1.7;0.0442;7610632002001;0;1;1;;
90032159;64004951;2026-06-06;BGH;Food;20;481660;2;;Ds;Mutti Tomaten Pelati, Gastronomia, 6 x 2,5 kg;7.57;90.84;2.36184;8005110043024;0;0;1;;
90032159;64004951;2026-06-06;BGH;Food;30;235140;1;;Sa;Riso Gallo Arborio, 5 kg;34.58;34.58;0.89908;8001420000870;0;0;1;;
90032159;64004951;2026-06-06;BGH;Food;40;510560;1;;Gl;Quality Gurken Längsschnitt, 6 x 1,6 kg;10.57;63.42;1.64892;7610034525436;0;0;1;;
90032159;64004951;2026-06-06;BGH;Wein;50;639240;1;;Bx;Montagne Belle Allure Vin Rouge, 10 l BiB;22;22;1.782;7610593204872;0;0;3;;
90032159;64004951;2026-06-06;BGH;Wein;60;611120;1;;Bx;Monvallon Vin Blanc, 10 l BiB;16.59;16.59;1.34379;7610593415353;0;1;3;;
90032159;64004951;2026-06-06;BGH;Molkerei/Backwaren;70;096261;3;;Pk;Quality Vollei flüssig Import, Bodenhaltung, pasteurisiert, 1 kg;7.8;23.4;0.6084;7610034507609;0;0;1;;
90032159;64004951;2026-06-06;BGH;Molkerei/Backwaren;80;022600;1;;Tp;Quality Vollmilch 3,5%, UHT, 12 x 1 l;1.28;15.36;0.39936;7610034507807;0;0;1;;
90032159;64004951;2026-06-06;BGH;Molkerei/Backwaren;90;024440;1;;Tp;Quality Vollrahm 35%, UHT, 12 x 1 l;5.75;69;1.794;7610034505315;0;1;1;;
90032159;64004951;2026-06-06;BGH;Molkerei/Backwaren;100;013702;1;3.32;kg;Quality Raclette, eckig, 1/2 Laib ca. 3,2 kg;10.93;36.2876;0.9434776;2953272999993;0;0;1;;
90032159;64004951;2026-06-06;BGH;Molkerei/Backwaren;110;025040;1;;Kt;Quality Kaffeerahm Portionen 15%, UHT, 200 x 12 g;11.3;11.3;0.2938;7610034505124;0;0;1;;
90032159;64004951;2026-06-06;BGH;Früchte + Gemüse;120;044156;1;;Bt;Petersilie gekraust, gepackt, 500 g;7.38;7.38;0.19188;7610632995082;0;0;1;;
90032159;64004951;2026-06-06;BGH;Früchte + Gemüse;130;043598;1;;Bt;Minze, 250 g;8.81;8.81;0.22906;7610632977873;0;0;1;;
90032159;64004951;2026-06-06;BGH;Früchte + Gemüse;140;047753;1;1;kg;Limetten / Limes, ca. 1 kg;2.9;2.9;0.0754;2905053999999;0;1;1;;
90032159;64004951;2026-06-06;BGH;Früchte + Gemüse;150;041217;3;;Bd;Cipollotte / Bundzwiebeln, gepackt, 2 Bund, ca. 3 St;2.32;13.92;0.36192;7610632974995;0;0;1;;
90032159;64004951;2026-06-06;BGH;Früchte + Gemüse;160;048827;1;;kg;Zitronen, 6 kg;3.51;21.06;0.54756;7610632320723;0;0;1;;
90032159;64004951;2026-06-06;BGH;Früchte + Gemüse;161;000079;1;;St;Ifco LiftLock;3.2;3.2;0;2000007960008;0;0;0;;
90032159;64004951;2026-06-06;BGH;Früchte + Gemüse;170;040972;2;;kg;Cherry Rispentomaten, 3 kg;7.5;45;1.17;7610632984666;0;1;1;;
90032159;64004951;2026-06-06;BGH;Früchte + Gemüse;171;000079;2;;St;Ifco LiftLock;3.2;6.4;0;2000007960008;0;0;0;;
90032159;64004951;2026-06-06;BGH;Früchte + Gemüse;180;045208;1;;kg;Tomaten, rund, 6 kg;3.99;23.94;0.62244;7610632980576;0;0;1;;
90032159;64004951;2026-06-06;BGH;Früchte + Gemüse;181;000079;1;;St;Ifco LiftLock;3.2;3.2;0;2000007960008;0;0;0;;
90032159;64004951;2026-06-06;BGH;Früchte + Gemüse;190;042020;2;;St;Gurken 400 - 500 g / St, 4 St;2.14;17.12;0.44512;7610632994153;0;0;1;;
90032159;64004951;2026-06-06;BGH;Früchte + Gemüse;200;044715;3;;St;Salanova Multiblatt assortiert, 8 St;1.6;38.4;0.9984;7610632963678;0;1;1;;
90032159;64004951;2026-06-06;BGH;Früchte + Gemüse;201;000079;3;;St;Ifco LiftLock;3.2;9.6;0;2000007960008;0;0;0;;
90032159;64004951;2026-06-06;BGH;Früchte + Gemüse;210;040454;1;6;kg;Blumenkohl, ca. 7,5 kg;4.88;29.28;0.76128;2903704999992;0;0;1;;
90032159;64004951;2026-06-06;BGH;Früchte + Gemüse;211;000079;1;;St;Ifco LiftLock;3.2;3.2;0;2000007960008;0;0;0;;
90032159;64004951;2026-06-06;BGH;Früchte + Gemüse;220;040674;1;6;kg;Broccoli, ca. 6 kg;5.71;34.26;0.89076;2903734999993;0;0;1;;
90032159;64004951;2026-06-06;BGH;Früchte + Gemüse;221;000079;1;;St;Ifco LiftLock;3.2;3.2;0;2000007960008;0;0;0;;
90032159;64004951;2026-06-06;BGH;Früchte + Gemüse;230;040174;1;;kg;Kartoffeln ganz, roh, geschält, festkochend, 5 kg;3.33;16.65;0.4329;7613399037231;0;0;1;;
90032159;64004951;2026-06-06;BGH;Früchte + Gemüse;240;044664;1;5;kg;Karotten Pfälzer gelb gewaschen, 5 kg;2.68;13.4;0.3484;2992584999994;0;0;1;;
90032159;64004951;2026-06-06;BGH;Früchte + Gemüse;241;000079;1;;St;Ifco LiftLock;3.2;3.2;0;2000007960008;0;0;0;;
90032159;64004951;2026-06-06;BGH;Früchte + Gemüse;250;044611;1;;kg;Rüebli / Karotten Gastro, gewaschen, Inland, 10 kg;2.02;20.2;0.5252;7628072012832;0;0;1;;
90032159;64004951;2026-06-06;BGH;Früchte + Gemüse;251;000079;1;;St;Ifco LiftLock;3.2;3.2;0;2000007960008;0;0;0;;
90032159;64004951;2026-06-06;BGH;Früchte + Gemüse;260;045186;1;;Bd;Thymian Bund, 80 g;4.22;4.22;0.10972;7610632942604;0;0;1;;
90032159;64004951;2026-06-06;BGH;Früchte + Gemüse;270;049127;3;;Kt;Champignons braun, frisch, 1 kg;9.22;27.66;0.71916;7610473014843;0;0;1;;
90032159;64004951;2026-06-06;BGH;Früchte + Gemüse;280;044538;1;;Bt;Rosmarin, 250 g;8.81;8.81;0.22906;7610632969816;0;0;1;;
90032159;64004951;2026-06-06;BGH;Metzgerei;290;081540;1;3.258;kg;Quality Bratspeck ohne Schwarte, ohne Knorpel, 1/1, ca. 3 kg;17.2;56.0376;1.4569776;2945670999996;0;0;1;;
90032159;64004951;2026-06-06;BGH;Metzgerei;300;002092;2;4.949;kg;Kalbs-Unterspälte, enthäutet, ca. 2 kg;46.5;230.1285;5.983341;97610011044182;0;0;1;;
90032159;64004951;2026-06-06;BGH;Metzgerei;310;087443;1;0.392;kg;Appenzeller Mostbröckli 1/2, IGP, ca. 500 g;63.9;25.0488;0.6512688;2976861999990;0;0;1;;
90032159;64004951;2026-06-06;BGH;Metzgerei;320;003654;2;;Ds;Cocktailcrevetten Warmwasser, 41/50, in Lake, 900 g;22.9;45.8;1.1908;5706345129004;0;0;1;;
90032159;64004951;2026-06-06;BGH;Früchte + Gemüse;330;000079;4;;St;Ifco LiftLock;3.2;12.8;0;2000007960008;0;0;0;;
90032159;64004951;2026-06-06;BGH;Früchte + Gemüse;340;000079;2;;St;Ifco LiftLock;3.2;6.4;0;2000007960008;0;0;0;;
90032159;63999276;2026-06-03;BGH;Früchte + Gemüse;10;000079;-24;;St;Ifco LiftLock;3.2;-76.8;0;2000007960008;0;0;0;;
90032159;63999276;2026-06-03;BGH;Food;10;235440;1;;Lt;Quality Weissweinessig 4.5°, 10 l;2.84;28.4;0.7384;7610034516724;0;0;1;;
90032159;63999276;2026-06-03;BGH;Nearfood;10;992830;1;;Kt;Quality Handtuch W-Falz, 2-lagig, weiss, 15 x 125 St;34.39;34.39;2.78559;7610034509610;0;0;3;;
90032159;63999276;2026-06-03;BGH;Food;20;391251;2;;Ke;Economy Salat-Mayonnaise, 9,4 kg;28.95;57.9;1.5054;7610034511705;0;0;1;;
90032159;63999276;2026-06-03;BGH;Nearfood;20;993320;1;;Rl;Quality Wischtücher Midi, 2-lagig, weiss, 450 Blatt, 6 Rl;6.85;41.1;3.3291;7610034546196;0;0;3;;
90032159;63999276;2026-06-03;BGH;Metzgerei;30;053090;3;;Kt;Cevapcici Rind/Lamm, tiefgekühlt,  80 x 25 g, 2 kg;34;102;2.652;7612668210290;0;0;1;;
90032159;63999276;2026-06-03;BGH;Food;30;100080;1;;Lt;Quality Rapsöl, 20 l;3.52;70.4;1.8304;7610034515147;0;0;1;;
90032159;63999276;2026-06-03;BGH;Nearfood;30;992093;1;;Pk;Quality Toilettenpapier, 4-lagig, weiss, 160 Blatt, 24 Rl;16.54;16.54;1.33974;7610034532120;0;0;3;;
90032159;63999276;2026-06-03;BGH;Metzgerei;40;002441;1;3.09;kg;Quality MSC Goldbarsch Filet, mit Haut, grätenarm, ca. 100 - 200 g, ca. 1 kg;20.9;64.581;1.679106;97610162246718;0;0;1;;
90032159;63999276;2026-06-03;BGH;Food;40;512440;1;;Bt;Quality Röstzwiebeln, 500 g;5.76;5.76;0.14976;4388040277375;0;0;1;;
90032159;63999276;2026-06-03;BGH;Nearfood;40;975792;5;;Pk;Quality Einweghandschuhe Nitril, Grösse L, schwarz, 100 St;8.9;44.5;3.6045;7610034546639;0;0;2;;
90032159;63999276;2026-06-03;BGH;Food;50;345771;1;;Bt;American Sandwich Toast nature, 7 x 825 g;4.8;33.6;0.8736;83228850000596;0;0;1;;
90032159;63999276;2026-06-03;BGH;Nearfood;50;813141;1;;Bi;Topmatic Plus Geschirrspülmittel, 25 kg;327.2;327.2;26.5032;4028159012190;0;0;2;;
90032159;63999276;2026-06-03;BGH;Food;60;115081;1;;Lt;Quality Frito 2000 Gold, Frittieröl, 20 l;4.96;99.2;2.5792;7610034515079;0;0;1;;
90032159;63999276;2026-06-03;BGH;Nearfood;60;992574;1;;Pk;Quality Servietten Party, 3-lagig, 24 x 24 cm, weiss, 8 x 250 St;9.97;79.76;6.46056;7610034546158;0;0;3;;
90032159;63999276;2026-06-03;BGH;Molkerei/Backwaren;70;013702;2;6.675;kg;Quality Raclette, eckig, 1/2 Laib ca. 3,2 kg;10.93;72.95775;1.8969015;2953272999993;0;0;1;;
90032159;63999276;2026-06-03;BGH;Food;70;564090;1;;Fl;Bosco d'oro Olivenöl mit Trüffelaroma, 250 ml;18.81;18.81;0.48906;8032680690303;0;0;1;;
90032159;63999276;2026-06-03;BGH;Food;80;125410;1;;Lt;Economy Olivenöl extra vergine Spanien, 5 l;8.2;41;1.066;8413080025689;0;0;1;;
90032159;63999276;2026-06-03;BGH;Nonfood;80;930430;2;;Pk;VC999 Vakuumbeutel, 90 µm, 300 x 400 mm, Pack zu 100 Stück;16.59;33.18;2.68758;7640144910266;0;1;2;;
90032159;63999276;2026-06-03;BGH;Food;90;428120;1;;Fl;Nectaflor Blütenhonig, 2,8 kg;30.22;30.22;0.78572;7610184010080;0;0;1;;
90032159;63999276;2026-06-03;BGH;Nonfood;90;930230;2;;Pk;VC999 Vakuumbeutel, 90 µm, 180 x 260 mm, Pack zu 100 Stück;6.79;13.58;1.09998;7640144910211;0;1;2;;
90032159;63999276;2026-06-03;BGH;Food;100;213411;1;;kg;Economy Spaghetti, 5 kg;1.59;7.95;0.2067;4388040200779;0;0;1;;
90032159;63999276;2026-06-03;BGH;Nonfood;100;930270;2;;Pk;VC999 Vakuumbeutel, 90 µm, 160 x 210 mm, Pack zu 100 Stück;5.09;10.18;0.82458;7640144910204;0;1;2;;
90032159;63999276;2026-06-03;BGH;Spirituosen;110;674221;1;;Fl;Baileys Irish Creme 17%, 70 cl;15.11;15.11;1.22391;5011013100378;0;1;2;;
90032159;63999276;2026-06-03;BGH;Nonfood;110;901160;3;;Pk;VC999 Vakuumbeutel kochfest 90 µm, 150 x 200 mm, Pack zu 100 Stück;12.88;38.64;3.12984;7640144910051;0;0;2;;
90032159;63999276;2026-06-03;BGH;Molkerei/Backwaren;120;027970;1;;St;Knorr Garde d'Or Sauce Hollandaise, 6 x 1 l;11.09;66.54;1.73004;08712566717637;0;0;1;;
90032159;63999276;2026-06-03;BGH;Nonfood;120;901050;3;;Pk;VC999 Vakuumbeutel 50 µm, 160 x 210 mm, Pack zu 100 Stück;7.78;23.34;1.89054;7640144915315;0;0;3;;
90032159;63999276;2026-06-03;BGH;Früchte + Gemüse;130;000079;3;;St;Ifco LiftLock;3.2;9.6;0;2000007960008;0;0;0;;
90032159;63999276;2026-06-03;BGH;Molkerei/Backwaren;130;019372;4;;St;Soignon Bûche de chèvre, Weichkäse, 1 kg;16.47;65.88;1.71288;3523237481000;0;0;1;;
90032159;63999276;2026-06-03;BGH;Molkerei/Backwaren;140;010455;1;2.127;kg;Cremo Greyerzer AOP, classic, ca. 2 kg;16.91;35.96757;0.93515682;2987945999997;0;0;1;;
90032159;63999276;2026-06-03;BGH;Molkerei/Backwaren;150;010131;2;;Pk;Berner Alphobelkäse AOP, gerollt, 600 g;27.95;55.9;1.4534;7600400001121;0;0;1;;
90032159;63999276;2026-06-03;BGH;Molkerei/Backwaren;160;022251;1;;St;Greco Halloumi Grillkäse aus Zypern, 200 g;2.91;2.91;0.07566;4005096027418;0;1;1;;
90032159;63999276;2026-06-03;BGH;Molkerei/Backwaren;170;010843;1;1.045;kg;Emmi Luzerner Rahmkäse, 1/4 Laib ca. 1,1 kg;22.29;23.29305;0.6056193;2900223999991;0;0;1;;
90032159;63999276;2026-06-03;BGH;Molkerei/Backwaren;180;095210;2;;St;Eier Import, Bodenhaltung, 53g+, 90 Stück;0.4;72;1.872;7640104163138;0;0;1;;
90032159;63999276;2026-06-03;BGH;Molkerei/Backwaren;190;096261;4;;Pk;Quality Vollei flüssig Import, Bodenhaltung, pasteurisiert, 1 kg;7.8;31.2;0.8112;7610034507609;0;0;1;;
90032159;63999276;2026-06-03;BGH;Molkerei/Backwaren;200;096271;2;;Pk;Quality Eigelb flüssig Import, Bodenhaltung, pasteurisiert, 1 kg;12.8;25.6;0.6656;7610034508835;0;0;1;;
90032159;63999276;2026-06-03;BGH;Molkerei/Backwaren;210;096281;2;;Pk;Quality Konditor Eiweiss flüssig Import, Bodenhaltung, pasteurisiert, 1 kg;6.1;12.2;0.3172;7610034508811;0;0;1;;
90032159;63999276;2026-06-03;BGH;Molkerei/Backwaren;220;016781;4;;Sc;Quality Grana Padano DOP, Flocken, 500 g;9.77;39.08;1.01608;2001678190008;0;0;7;;
90032159;63999276;2026-06-03;BGH;Molkerei/Backwaren;230;016601;3;;kg;Quality Grana Padano DOP, gerieben, 1 kg;16.24;48.72;1.26672;4388040340352;0;0;7;;
90032159;63999276;2026-06-03;BGH;Molkerei/Backwaren;240;009046;1;;St;Weizenfrei Ciabatta, vegan, glutenfrei, laktosefrei, tiefgekühlt, 14 x 80 g;1.18;16.52;0.42952;9120072855108;0;0;7;;
90032159;63999276;2026-06-03;BGH;Früchte + Gemüse;250;043600;1;0.32;kg;Meerrettich, Stück zu ca. 200 g;15.83;5.0656;0.1317056;2903750999991;0;0;1;;
90032159;63999276;2026-06-03;BGH;Früchte + Gemüse;260;094821;2;;kg;Boiron Erdbeer Purée TK, 1 kg;10.16;20.32;0.52832;3389133000017;0;1;1;;
90032159;63999276;2026-06-03;BGH;Früchte + Gemüse;270;040174;1;;kg;Kartoffeln ganz, roh, geschält, festkochend, 5 kg;3.33;16.65;0.4329;7613399037231;0;0;1;;
90032159;63999276;2026-06-03;BGH;Früchte + Gemüse;280;045882;1;;kg;Zwiebeln gross, 10 kg;1.64;16.4;0.4264;7628072003557;0;0;7;;
90032159;63999276;2026-06-03;BGH;Früchte + Gemüse;281;000079;1;;St;Ifco LiftLock;3.2;3.2;0;2000007960008;0;0;0;;
90032159;63999276;2026-06-03;BGH;Früchte + Gemüse;290;040026;2;;Tt;Raclette Kartoffeln, 2,5 kg;4.11;8.22;0.21372;7613399023012;0;0;1;;
90032159;63999276;2026-06-03;BGH;Früchte + Gemüse;300;004160;1;;kg;Ditzler Asia-Mix Gemüsemischung, TK, 2 x 2,5 kg;6.95;34.75;0.9035;7610247606595;0;0;1;;
90032159;63999276;2026-06-03;BGH;Früchte + Gemüse;310;042360;4;4.932;kg;Kabis weiss mittel gefilmt, Stück, ca. 1 kg;2.86;14.10552;0.36674352;2904690999997;0;0;1;;
90032159;63999276;2026-06-03;BGH;Früchte + Gemüse;320;047248;1;;St;Feigen frisch, 24 St;1.43;34.32;0.89232;7610632000939;0;0;1;;
90032159;63999276;2026-06-03;BGH;Früchte + Gemüse;330;048787;1;;kg;Trauben mix weiss / blau, 5 kg;6.6;33;0.858;7610632261217;0;0;1;;
90032159;63999276;2026-06-03;BGH;Früchte + Gemüse;340;048130;2;;kg;Orangen blond, gepackt, ca. 2 kg;2.2;8.8;0.2288;7613399009115;0;0;7;;
90032159;63999276;2026-06-03;BGH;Früchte + Gemüse;350;040329;2;;Bt;Basilikum, 1 kg;23.95;47.9;1.2454;7610632989975;0;1;1;;
90032159;63999276;2026-06-03;BGH;Früchte + Gemüse;360;040972;3;;kg;Cherry Rispentomaten, 3 kg;9.7;87.3;2.2698;7610632984666;0;0;1;;
90032159;63999276;2026-06-03;BGH;Früchte + Gemüse;361;000079;3;;St;Ifco LiftLock;3.2;9.6;0;2000007960008;0;0;0;;
90032159;63999276;2026-06-03;BGH;Früchte + Gemüse;370;044107;1;;kg;Peperoni Tricolor, Import, 5 kg;3.25;16.25;0.4225;7610632977132;0;1;1;;
90032159;63999276;2026-06-03;BGH;Früchte + Gemüse;371;000079;1;;St;Ifco LiftLock;3.2;3.2;0;2000007960008;0;0;0;;
90032159;63999276;2026-06-03;BGH;Früchte + Gemüse;380;040454;1;6;kg;Blumenkohl, ca. 7,5 kg;4.88;29.28;0.76128;2903704999992;0;0;1;;
90032159;63999276;2026-06-03;BGH;Früchte + Gemüse;381;000079;1;;St;Ifco LiftLock;3.2;3.2;0;2000007960008;0;0;0;;
90032159;63999276;2026-06-03;BGH;Früchte + Gemüse;390;044715;5;;St;Salanova Multiblatt assortiert, 8 St;2.2;88;2.288;7610632963678;0;0;1;;
90032159;63999276;2026-06-03;BGH;Früchte + Gemüse;391;000079;5;;St;Ifco LiftLock;3.2;16;0;2000007960008;0;0;0;;
90032159;63999276;2026-06-03;BGH;Früchte + Gemüse;400;044400;1;1.602;kg;Rhabarber gepackt, ca. 1,5  kg;8.45;13.5369;0.3519594;2904010999997;0;0;1;;
90032159;63999276;2026-06-03;BGH;Früchte + Gemüse;410;047106;6;;Sc;Erdbeeren, Inland, 500 g;5.35;32.1;0.8346;7610632035320;0;1;1;;
90032159;63999276;2026-06-03;BGH;Früchte + Gemüse;420;045708;1;;kg;Zucchetti CH, 5 kg;3.9;19.5;0.507;7610632980538;0;1;1;;
90032159;63999276;2026-06-03;BGH;Früchte + Gemüse;421;000079;1;;St;Ifco LiftLock;3.2;3.2;0;2000007960008;0;0;0;;
90032159;63999276;2026-06-03;BGH;Früchte + Gemüse;430;040258;2;;kg;Auberginen, 5 kg;5.06;50.6;1.3156;7610632977057;0;0;1;;
90032159;63999276;2026-06-03;BGH;Früchte + Gemüse;431;000079;2;;St;Ifco LiftLock;3.2;6.4;0;2000007960008;0;0;0;;
90032159;63999276;2026-06-03;BGH;Metzgerei;440;078272;1;2.281;kg;Economy Trutenschinken, eckig, 1/2, Deutschland, ca. 2 kg;12.95;29.53895;0.7680127;2935177999995;0;0;1;;
90032159;63999276;2026-06-03;BGH;Metzgerei;450;086713;1;2.02;kg;Bell Schwarzwald Rohschinken 1/2 ca. 1,5 kg;16.89;34.1178;0.8870628;2992423999994;0;1;1;;
90032159;63999276;2026-06-03;BGH;Metzgerei;460;068141;3;;kg;Economy ASC Crevetten Black Tiger, easy peel, entdarmt, 8/12, tiefgekühlt, 1 kg;18.9;56.7;1.4742;7610034523524;0;0;7;;
90032159;63999276;2026-06-03;BGH;Metzgerei;470;001033;6;15.44;kg;Economy Rinds-Entrecote II, enthäutet, gesteakt, ca. 2,5 kg;29.9;461.656;12.003056;97610011315503;0;0;1;;
90032159;63999276;2026-06-03;BGH;Früchte + Gemüse;500;000079;4;;St;Ifco LiftLock;3.2;12.8;0;2000007960008;0;0;0;;
90032159;63988145;2026-05-30;BGH;Früchte + Gemüse;10;000079;-28;;St;Ifco LiftLock;3.2;-89.6;0;2000007960008;0;0;0;;
90032159;63988145;2026-05-30;BGH;Food;10;125410;1;;Lt;Economy Olivenöl extra vergine Spanien, 5 l;8.2;41;1.066;8413080025689;0;0;1;;
90032159;63988145;2026-05-30;BGH;Food;10;448060;2;;Ds;Hilcona Randensalat gewürfelt, 3 kg;15.25;30.5;0.793;7610227328127;0;0;1;;
90032159;63988145;2026-05-30;BGH;Food;20;399030;1;;Gl;Pommery Senf Meaux, 500 g;11.81;11.81;0.30706;3158697781010;0;0;1;;
90032159;63988145;2026-05-30;BGH;Food;30;345771;1;;Bt;American Sandwich Toast nature, 7 x 825 g;4.8;33.6;0.8736;83228850000596;0;0;1;;
90032159;63988145;2026-05-30;BGH;Molkerei/Backwaren;40;027310;1;;kg;Economy Butter, 10 x 1 kg;13.35;133.5;3.471;7610034508224;0;0;1;;
90032159;63988145;2026-05-30;BGH;Molkerei/Backwaren;50;025040;1;;Kt;Quality Kaffeerahm Portionen 15%, UHT, 200 x 12 g;9.65;9.65;0.2509;7610034505124;0;1;1;;
90032159;63988145;2026-05-30;BGH;Molkerei/Backwaren;60;024790;1;;Ds;Floralp Vollrahm 35%, ohne Zucker, UHT, 6 x 500 g;7.24;43.44;1.12944;7612300013173;0;0;7;;
90032159;63988145;2026-05-30;BGH;Molkerei/Backwaren;70;024440;1;;Tp;Quality Vollrahm 35%, UHT, 12 x 1 l;5.9;70.8;1.8408;7610034505315;0;0;1;;
90032159;63988145;2026-05-30;BGH;Molkerei/Backwaren;80;022600;1;;Tp;Quality Vollmilch 3,5%, UHT, 12 x 1 l;1.28;15.36;0.39936;7610034507807;0;0;1;;
90032159;63988145;2026-05-30;BGH;Molkerei/Backwaren;90;096261;3;;Pk;Quality Vollei flüssig Import, Bodenhaltung, pasteurisiert, 1 kg;7.8;23.4;0.6084;7610034507609;0;0;1;;
90032159;63988145;2026-05-30;BGH;Früchte + Gemüse;100;046594;4;;Be;Avocado Purée / Guacamole, 500 g;6.9;27.6;0.7176;8436008521063;0;0;1;;
90032159;63988145;2026-05-30;BGH;Früchte + Gemüse;110;044861;2;5.615;kg;Knollensellerie gepackt, 3 St ca. 2,4 kg;2.92;16.3958;0.4262908;2904751999997;0;0;1;;
90032159;63988145;2026-05-30;BGH;Früchte + Gemüse;120;049127;2;;Kt;Champignons braun, frisch, 1 kg;9.22;18.44;0.47944;7610473014843;0;0;1;;
90032159;63988145;2026-05-30;BGH;Früchte + Gemüse;130;044715;7;;St;Salanova Multiblatt assortiert, 8 St;2.2;123.2;3.2032;7610632963678;0;0;1;;
90032159;63988145;2026-05-30;BGH;Früchte + Gemüse;131;000079;7;;St;Ifco LiftLock;3.2;22.4;0;2000007960008;0;0;0;;
90032159;63988145;2026-05-30;BGH;Früchte + Gemüse;140;048130;1;;kg;Orangen blond, gepackt, ca. 2 kg;2.2;4.4;0.1144;7613399009115;0;0;7;;
90032159;63988145;2026-05-30;BGH;Früchte + Gemüse;150;043598;1;;Bt;Minze, 250 g;8.81;8.81;0.22906;7610632977873;0;0;1;;
90032159;63988145;2026-05-30;BGH;Früchte + Gemüse;160;044538;1;;Bt;Rosmarin, 250 g;8.81;8.81;0.22906;7610632969816;0;0;1;;
90032159;63988145;2026-05-30;BGH;Früchte + Gemüse;170;040454;1;6;kg;Blumenkohl, ca. 7,5 kg;5.36;32.16;0.83616;2903704999992;0;0;1;;
90032159;63988145;2026-05-30;BGH;Früchte + Gemüse;171;000079;1;;St;Ifco LiftLock;3.2;3.2;0;2000007960008;0;0;0;;
90032159;63988145;2026-05-30;BGH;Früchte + Gemüse;180;040674;1;6;kg;Broccoli, ca. 6 kg;4.45;26.7;0.6942;2903734999993;0;1;1;;
90032159;63988145;2026-05-30;BGH;Früchte + Gemüse;181;000079;1;;St;Ifco LiftLock;3.2;3.2;0;2000007960008;0;0;0;;
90032159;63988145;2026-05-30;BGH;Früchte + Gemüse;190;040026;2;;Tt;Raclette Kartoffeln, 2,5 kg;4.11;8.22;0.21372;7613399023012;0;0;1;;
90032159;63988145;2026-05-30;BGH;Früchte + Gemüse;200;044980;5;;Bd;Spargeln grün, Europa, 1 kg;11.66;58.3;1.5158;8437000507161;0;0;1;;
90032159;63988145;2026-05-30;BGH;Früchte + Gemüse;210;040972;2;;kg;Cherry Rispentomaten, 3 kg;9.28;55.68;1.44768;7610632984666;0;0;1;;
90032159;63988145;2026-05-30;BGH;Früchte + Gemüse;211;000079;2;;St;Ifco LiftLock;3.2;6.4;0;2000007960008;0;0;0;;
90032159;63988145;2026-05-30;BGH;Metzgerei;220;086713;2;3.674;kg;Bell Schwarzwald Rohschinken 1/2 ca. 1,5 kg;16.89;62.05386;1.61340036;2992423999994;0;1;1;;
90032159;63988145;2026-05-30;BGH;Metzgerei;230;001033;5;15.196;kg;Economy Rinds-Entrecote II, enthäutet, gesteakt, ca. 2,5 kg;29.9;454.3604;11.8133704;97610011315503;0;0;1;;
90032159;63988145;2026-05-30;BGH;Früchte + Gemüse;240;000079;3;;St;Ifco LiftLock;3.2;9.6;0;2000007960008;0;0;0;;
90032159;63988145;2026-05-30;BGH;Früchte + Gemüse;250;000079;3;;St;Ifco LiftLock;3.2;9.6;0;2000007960008;0;0;0;;
90032159;63981787;2026-05-27;BGH;Früchte + Gemüse;10;000079;-17;;St;Ifco LiftLock;3.2;-54.4;0;2000007960008;0;0;0;;
90032159;63981787;2026-05-27;BGH;Molkerei/Backwaren;10;019372;5;;St;Soignon Bûche de chèvre, Weichkäse, 1 kg;13.35;66.75;1.7355;3523237481000;0;1;1;;
90032159;63981787;2026-05-27;BGH;Food;10;235140;2;;Sa;Riso Gallo Arborio, 5 kg;29.5;59;1.534;8001420000870;0;1;1;;
90032159;63981787;2026-05-27;BGH;Food;20;512280;1;;Bt;Quality Pfeffer schwarz ganz, 800 g;19.78;19.78;0.51428;7610034518285;0;0;1;;
90032159;63981787;2026-05-27;BGH;Food;30;100080;1;;Lt;Quality Rapsöl, 20 l;3.52;70.4;1.8304;7610034515147;0;0;1;;
90032159;63981787;2026-05-27;BGH;Food;40;115081;1;;Lt;Quality Frito 2000 Gold, Frittieröl, 20 l;3.99;79.8;2.0748;7610034515079;0;1;1;;
90032159;63981787;2026-05-27;BGH;Food;50;102971;1;;kg;Economy Paniermehl, 5 kg;2.24;11.2;0.2912;4388040255021;0;0;1;;
90032159;63981787;2026-05-27;BGH;Food;60;565650;1;;Kt;Heinz Tomato Ketchup, Beutel Cube, 100 x 20 g;14.99;14.99;0.38974;5413226100075;0;1;1;;
90032159;63981787;2026-05-27;BGH;Food;70;234911;1;;kg;Wildreis Mix, 10 kg;4.99;49.9;1.2974;7610850024106;0;0;1;;
90032159;63981787;2026-05-27;BGH;Food;80;511001;1;;Ds;Quality Kichererbsen, 6 x 2,55 kg;7.5;45;1.17;7610034526174;0;1;1;;
90032159;63981787;2026-05-27;BGH;Molkerei/Backwaren;90;018780;1;;Be;Züger Mascarpone, 6 x 500 g;5.56;33.36;0.86736;7640101091274;0;0;1;;
90032159;63981787;2026-05-27;BGH;Molkerei/Backwaren;100;013702;1;3.175;kg;Quality Raclette, eckig, 1/2 Laib ca. 3,2 kg;10.93;34.70275;0.9022715;2953272999993;0;0;1;;
90032159;63981787;2026-05-27;BGH;Früchte + Gemüse;110;045005;2;6;kg;Spinat, 3 kg;6.07;36.42;0.94692;2904065999997;0;0;1;;
90032159;63981787;2026-05-27;BGH;Früchte + Gemüse;111;000079;2;;St;Ifco LiftLock;3.2;6.4;0;2000007960008;0;0;0;;
90032159;63981787;2026-05-27;BGH;Früchte + Gemüse;120;044400;2;3.13;kg;Rhabarber gepackt, ca. 1,5  kg;8.45;26.4485;0.687661;2904010999997;0;0;1;;
90032159;63981787;2026-05-27;BGH;Früchte + Gemüse;130;044980;6;;Bd;Spargeln grün, Europa, 1 kg;11.66;69.96;1.81896;8437000507161;0;0;1;;
90032159;63981787;2026-05-27;BGH;Früchte + Gemüse;140;044919;1;;kg;Premium Spargeln weiss Donau 22+, 5 kg;16.6;83;2.158;7610632967720;0;0;1;;
90032159;63981787;2026-05-27;BGH;Früchte + Gemüse;150;044270;2;;Bt;Radiesli Scheiben, 3 mm, 500 g;8.13;16.26;0.42276;7610514643261;0;0;1;;
90032159;63981787;2026-05-27;BGH;Früchte + Gemüse;160;041217;2;;Bd;Cipollotte / Bundzwiebeln, gepackt, 2 Bund, ca. 3 St;1.7;6.8;0.1768;7610632974995;0;1;1;;
90032159;63981787;2026-05-27;BGH;Früchte + Gemüse;170;045707;2;;kg;Zucchetti, 5 kg;3.09;30.9;0.8034;7610632980545;0;0;1;;
90032159;63981787;2026-05-27;BGH;Früchte + Gemüse;180;044715;6;;St;Salanova Multiblatt assortiert, 8 St;2.2;105.6;2.7456;7610632963678;0;0;1;;
90032159;63981787;2026-05-27;BGH;Früchte + Gemüse;181;000079;6;;St;Ifco LiftLock;3.2;19.2;0;2000007960008;0;0;0;;
90032159;63981787;2026-05-27;BGH;Früchte + Gemüse;190;044107;1;;kg;Peperoni Tricolor, Import, 5 kg;3.93;19.65;0.5109;7610632977132;0;0;1;;
90032159;63981787;2026-05-27;BGH;Früchte + Gemüse;191;000079;1;;St;Ifco LiftLock;3.2;3.2;0;2000007960008;0;0;0;;
90032159;63981787;2026-05-27;BGH;Früchte + Gemüse;200;040674;1;6;kg;Broccoli, ca. 6 kg;5.71;34.26;0.89076;2903734999993;0;0;1;;
90032159;63981787;2026-05-27;BGH;Früchte + Gemüse;201;000079;1;;St;Ifco LiftLock;3.2;3.2;0;2000007960008;0;0;0;;
90032159;63981787;2026-05-27;BGH;Früchte + Gemüse;210;040454;1;6;kg;Blumenkohl, ca. 7,5 kg;5.36;32.16;0.83616;2903704999992;0;0;1;;
90032159;63981787;2026-05-27;BGH;Früchte + Gemüse;211;000079;1;;St;Ifco LiftLock;3.2;3.2;0;2000007960008;0;0;0;;
90032159;63981787;2026-05-27;BGH;Früchte + Gemüse;220;044664;1;5;kg;Karotten Pfälzer gelb gewaschen, 5 kg;2.68;13.4;0.3484;2992584999994;0;0;1;;
90032159;63981787;2026-05-27;BGH;Früchte + Gemüse;221;000079;1;;St;Ifco LiftLock;3.2;3.2;0;2000007960008;0;0;0;;
90032159;63981787;2026-05-27;BGH;Früchte + Gemüse;230;040972;2;;kg;Cherry Rispentomaten, 3 kg;9.16;54.96;1.42896;7610632984666;0;0;1;;
90032159;63981787;2026-05-27;BGH;Früchte + Gemüse;231;000079;2;;St;Ifco LiftLock;3.2;6.4;0;2000007960008;0;0;0;;
90032159;63981787;2026-05-27;BGH;Früchte + Gemüse;240;049127;2;;Kt;Champignons braun, frisch, 1 kg;9.22;18.44;0.47944;7610473014843;0;0;1;;
90032159;63981787;2026-05-27;BGH;Früchte + Gemüse;250;044720;1;;Bd;Salbei Bund, 80 g;4.22;4.22;0.10972;7610632942598;0;0;1;;
90032159;63981787;2026-05-27;BGH;Früchte + Gemüse;260;040329;1;;Bt;Basilikum, 1 kg;29.69;29.69;0.77194;7610632989975;0;0;1;;
90032159;63981787;2026-05-27;BGH;Früchte + Gemüse;270;045278;1;;kg;Tomaten rund, Import, Kaliber 57 - 77 mm, 6 kg;3.99;23.94;0.62244;7610632979297;0;0;1;;
90032159;63981787;2026-05-27;BGH;Früchte + Gemüse;280;042477;6;;Sc;Kefen Mini-Gemüse, 250 g;5.41;32.46;0.84396;7610632991619;0;0;1;;
90032159;63981787;2026-05-27;BGH;Metzgerei;290;002109;2;6.237;kg;Schweins-Nierstück, lang, ca. 3 kg;10.99;68.54463;1.78216038;97610011597893;0;1;1;;
90032159;63981787;2026-05-27;BGH;Früchte + Gemüse;300;000079;1;;St;Ifco LiftLock;3.2;3.2;0;2000007960008;0;0;0;;
90032159;63981787;2026-05-27;BGH;Früchte + Gemüse;310;000079;1;;St;Ifco LiftLock;3.2;3.2;0;2000007960008;0;0;0;;
90032159;63981787;2026-05-27;BGH;Früchte + Gemüse;320;000079;4;;St;Ifco LiftLock;3.2;12.8;0;2000007960008;0;0;0;;
90032159;63977306;2026-05-23;BGH;Früchte + Gemüse;10;000079;-17;;St;Ifco LiftLock;3.2;-54.4;0;2000007960008;0;0;0;;
90032159;63977306;2026-05-23;BGH;Food;10;511410;1;;Ds;Economy Sweet Corn - Maiskörner, 6 x 2,125 kg;5.14;30.84;0.80184;7610034526075;0;0;1;;
90032159;63977306;2026-05-23;BGH;Food;20;564040;1;;Gl;Bosco d'oro Carpaccio, aus Sommertrüffeln, schwarz, 45 g;18.93;18.93;0.49218;8032680690549;0;0;1;;
90032159;63977306;2026-05-23;BGH;Food;30;366101;1;;Bt;Economy Erdnüsse, gesalzen, geröstet, 4 x 2,5 kg;10.16;40.64;1.05664;7610815092119;0;0;1;;
90032159;63977306;2026-05-23;BGH;Food;40;345771;1;;Bt;American Sandwich Toast nature, 7 x 825 g;4.8;33.6;0.8736;83228850000596;0;0;1;;
90032159;63977306;2026-05-23;BGH;Food;50;591117;1;;Ke;Valenzi Wildpreiselbeeren, 2 kg;15.01;15.01;0.39026;4100240150094;0;0;1;;
90032159;63977306;2026-05-23;BGH;Food;60;235140;1;;Sa;Riso Gallo Arborio, 5 kg;29.5;29.5;0.767;8001420000870;0;1;1;;
90032159;63977306;2026-05-23;BGH;Food;70;100080;1;;Lt;Quality Rapsöl, 20 l;3.52;70.4;1.8304;7610034515147;0;0;1;;
90032159;63977306;2026-05-23;BGH;Food;80;201530;2;;Fl;Sriracha Hot Chilli Sauce, 815 g;5.39;10.78;0.28028;016229912420;0;0;1;;
90032159;63977306;2026-05-23;BGH;Food;90;569390;1;;Ke;Hero Roux weiss Express glutenfrei, 2kg;29.27;29.27;0.76102;7614200104890;0;0;1;;
90032159;63977306;2026-05-23;BGH;Food;100;249670;2;;Ds;Quality Apfelmus, 2,7 kg;7.85;15.7;0.4082;7610034511392;0;0;1;;
90032159;63977306;2026-05-23;BGH;Food;110;213411;1;;kg;Economy Spaghetti, 5 kg;1.59;7.95;0.2067;4388040200779;0;0;1;;
90032159;63977306;2026-05-23;BGH;Nearfood;120;993320;1;;Rl;Quality Wischtücher Midi, 2-lagig, weiss, 450 Blatt, 6 Rl;6.85;41.1;3.3291;7610034546196;0;0;3;;
90032159;63977306;2026-05-23;BGH;Molkerei/Backwaren;130;016781;1;;Sc;Quality Grana Padano DOP, Flocken, 500 g;9.77;9.77;0.25402;2001678190008;0;0;7;;
90032159;63977306;2026-05-23;BGH;Molkerei/Backwaren;140;016601;2;;kg;Quality Grana Padano DOP, gerieben, 1 kg;15.55;31.1;0.8086;4388040340352;0;1;7;;
90032159;63977306;2026-05-23;BGH;Molkerei/Backwaren;150;024440;1;;Tp;Quality Vollrahm 35%, UHT, 12 x 1 l;5.9;70.8;1.8408;7610034505315;0;0;1;;
90032159;63977306;2026-05-23;BGH;Molkerei/Backwaren;160;025040;1;;Kt;Quality Kaffeerahm Portionen 15%, UHT, 200 x 12 g;11.3;11.3;0.2938;7610034505124;0;0;1;;
90032159;63977306;2026-05-23;BGH;Molkerei/Backwaren;170;010131;2;;Pk;Berner Alphobelkäse AOP, gerollt, 600 g;27.95;55.9;1.4534;7600400001121;0;0;1;;
90032159;63977306;2026-05-23;BGH;Molkerei/Backwaren;180;013702;1;3.32;kg;Quality Raclette, eckig, 1/2 Laib ca. 3,2 kg;10.93;36.2876;0.9434776;2953272999993;0;0;1;;
90032159;63977306;2026-05-23;BGH;Molkerei/Backwaren;190;010843;1;1.085;kg;Emmi Luzerner Rahmkäse, 1/4 Laib ca. 1,1 kg;22.29;24.18465;0.6288009;2900223999991;0;0;1;;
90032159;63977306;2026-05-23;BGH;Molkerei/Backwaren;200;014641;25;;Be;Premium Burrata, 2 x 125 g;4.7;117.5;3.055;7610034511026;0;1;1;;
90032159;63977306;2026-05-23;BGH;Früchte + Gemüse;210;042360;4;5.186;kg;Kabis weiss mittel gefilmt, Stück, ca. 1 kg;2.86;14.83196;0.38563096;2904690999997;0;0;1;;
90032159;63977306;2026-05-23;BGH;Früchte + Gemüse;220;040674;1;6;kg;Broccoli, ca. 6 kg;5.71;34.26;0.89076;2903734999993;0;0;1;;
90032159;63977306;2026-05-23;BGH;Früchte + Gemüse;221;000079;1;;St;Ifco LiftLock;3.2;3.2;0;2000007960008;0;0;0;;
90032159;63977306;2026-05-23;BGH;Früchte + Gemüse;230;040972;3;;kg;Cherry Rispentomaten, 3 kg;9.16;82.44;2.14344;7610632984666;0;0;1;;
90032159;63977306;2026-05-23;BGH;Früchte + Gemüse;231;000079;3;;St;Ifco LiftLock;3.2;9.6;0;2000007960008;0;0;0;;
90032159;63977306;2026-05-23;BGH;Früchte + Gemüse;240;041217;1;;Bd;Cipollotte / Bundzwiebeln, gepackt, 2 Bund, ca. 3 St;1.7;3.4;0.0884;7610632974995;0;1;1;;
90032159;63977306;2026-05-23;BGH;Früchte + Gemüse;250;040454;1;6;kg;Blumenkohl, ca. 7,5 kg;5.47;32.82;0.85332;2903704999992;0;0;1;;
90032159;63977306;2026-05-23;BGH;Früchte + Gemüse;251;000079;1;;St;Ifco LiftLock;3.2;3.2;0;2000007960008;0;0;0;;
90032159;63977306;2026-05-23;BGH;Früchte + Gemüse;260;044715;5;;St;Salanova Multiblatt assortiert, 8 St;2.32;92.8;2.4128;7610632963678;0;0;1;;
90032159;63977306;2026-05-23;BGH;Früchte + Gemüse;261;000079;5;;St;Ifco LiftLock;3.2;16;0;2000007960008;0;0;0;;
90032159;63977306;2026-05-23;BGH;Früchte + Gemüse;270;044980;5;;Bd;Spargeln grün, Europa, 1 kg;11.88;59.4;1.5444;8437000507161;0;0;1;;
90032159;63977306;2026-05-23;BGH;Früchte + Gemüse;280;045882;1;;kg;Zwiebeln gross, 10 kg;1.64;16.4;0.4264;7628072003557;0;0;7;;
90032159;63977306;2026-05-23;BGH;Früchte + Gemüse;281;000079;1;;St;Ifco LiftLock;3.2;3.2;0;2000007960008;0;0;0;;
90032159;63977306;2026-05-23;BGH;Früchte + Gemüse;290;048130;2;;kg;Orangen blond, gepackt, ca. 2 kg;2.2;8.8;0.2288;7613399009115;0;0;7;;
90032159;63977306;2026-05-23;BGH;Früchte + Gemüse;300;049127;3;;Kt;Champignons braun, frisch, 1 kg;9.22;27.66;0.71916;7610473014843;0;0;1;;
90032159;63977306;2026-05-23;BGH;Früchte + Gemüse;310;044611;1;;kg;Rüebli / Karotten Gastro, gewaschen, Inland, 10 kg;1.73;17.3;0.4498;7628072012832;0;0;1;;
90032159;63977306;2026-05-23;BGH;Früchte + Gemüse;311;000079;1;;St;Ifco LiftLock;3.2;3.2;0;2000007960008;0;0;0;;
90032159;63977306;2026-05-23;BGH;Früchte + Gemüse;320;045707;1;;kg;Zucchetti, 5 kg;2.36;11.8;0.3068;7610632980545;0;0;1;;
90032159;63977306;2026-05-23;BGH;Früchte + Gemüse;330;040257;1;;kg;Auberginen, 5 kg;3.33;16.65;0.4329;7610632977958;0;0;1;;
90032159;63977306;2026-05-23;BGH;Früchte + Gemüse;340;048827;1;;kg;Zitronen, 6 kg;3.51;21.06;0.54756;7610632320723;0;0;1;;
90032159;63977306;2026-05-23;BGH;Früchte + Gemüse;341;000079;1;;St;Ifco LiftLock;3.2;3.2;0;2000007960008;0;0;0;;
90032159;63977306;2026-05-23;BGH;Früchte + Gemüse;350;047248;1;;St;Feigen frisch, 24 St;1.43;34.32;0.89232;7610632000939;0;0;1;;
90032159;63977306;2026-05-23;BGH;Früchte + Gemüse;360;044107;1;;kg;Peperoni Tricolor, Import, 5 kg;3.93;19.65;0.5109;7610632977132;0;0;1;;
90032159;63977306;2026-05-23;BGH;Früchte + Gemüse;361;000079;1;;St;Ifco LiftLock;3.2;3.2;0;2000007960008;0;0;0;;
90032159;63977306;2026-05-23;BGH;Früchte + Gemüse;370;044411;1;;Bd;Spargeln weiss, 18 mm+, 6 x 1 kg;10.12;60.72;1.57872;7628072012351;0;0;1;;
90032159;63977306;2026-05-23;BGH;Metzgerei;380;068141;2;;kg;Economy ASC Crevetten Black Tiger, easy peel, entdarmt, 8/12, tiefgekühlt, 1 kg;18.9;37.8;0.9828;7610034523524;0;0;7;;
90032159;63977306;2026-05-23;BGH;Metzgerei;390;087443;1;0.566;kg;Appenzeller Mostbröckli 1/2, IGP, ca. 500 g;63.9;36.1674;0.9403524;2976861999990;0;0;1;;
90032159;63977306;2026-05-23;BGH;Metzgerei;400;002279;1;1.274;kg;Bell Bündner Rohschinken, ohne Schwarte, 1/2, ca. 1,2 kg;33.5;42.679;1.109654;2965452999990;0;0;1;;
90032159;63977306;2026-05-23;BGH;Metzgerei;410;001479;1;10.163;kg;Poulet Schenkel, 230-250 g, ca. 10 kg;7.2;73.1736;1.9025136;97610011618819;0;0;1;;
90032159;63977306;2026-05-23;BGH;Metzgerei;420;001595;9;;St;Schweinsbratwurst, halb/halb, 4 x 200 g;2.75;99;2.574;07610162211669;0;0;1;;
90032159;63977306;2026-05-23;BGH;Früchte + Gemüse;430;000079;3;;St;Ifco LiftLock;3.2;9.6;0;2000007960008;0;0;0;;
90032159;63977306;2026-05-23;BGH;Früchte + Gemüse;440;000079;4;;St;Ifco LiftLock;3.2;12.8;0;2000007960008;0;0;0;;
90032159;63970990;2026-05-20;BGH;Früchte + Gemüse;10;000079;-14;;St;Ifco LiftLock;3.2;-44.8;0;2000007960008;0;0;0;;
90032159;63970990;2026-05-20;BGH;Food;10;391322;1;;Ds;Economy Cornichons, mittelfein, 6 x 2,9 kg;12.37;74.22;1.92972;7610034524149;0;0;1;;
90032159;63970990;2026-05-20;BGH;Nearfood;10;992093;1;;Pk;Quality Toilettenpapier, 4-lagig, weiss, 160 Blatt, 24 Rl;16.54;16.54;1.33974;7610034532120;0;0;3;;
90032159;63970990;2026-05-20;BGH;Food;20;391251;1;;Ke;Economy Salat-Mayonnaise, 9,4 kg;29.95;29.95;0.7787;7610034511705;0;0;1;;
90032159;63970990;2026-05-20;BGH;Food;30;235440;1;;Lt;Quality Weissweinessig 4.5°, 10 l;2.84;28.4;0.7384;7610034516724;0;0;1;;
90032159;63970990;2026-05-20;BGH;Food;40;510560;1;;Gl;Quality Gurken Längsschnitt, 6 x 1,6 kg;10.57;63.42;1.64892;7610034525436;0;0;1;;
90032159;63970990;2026-05-20;BGH;Food;50;511101;1;;Gl;Quality Kapernäpfel mit Stiel, 1,695 kg;21.7;21.7;0.5642;7610034524897;0;0;1;;
90032159;63970990;2026-05-20;BGH;Food;60;569390;1;;Ke;Hero Roux weiss Express glutenfrei, 2kg;29.27;29.27;0.76102;7614200104890;0;0;1;;
90032159;63970990;2026-05-20;BGH;Food;70;125410;1;;Lt;Economy Olivenöl extra vergine Spanien, 5 l;8.2;41;1.066;8413080025689;0;0;1;;
90032159;63970990;2026-05-20;BGH;Food;80;512750;2;;Ds;Quality Wacholderbeeren, 270 g;9.15;18.3;0.4758;7610034519848;0;0;1;;
90032159;63970990;2026-05-20;BGH;Food;90;512560;2;;Ds;Quality Lorbeerblätter, 30 g;4.8;9.6;0.2496;7610034518742;0;0;1;;
90032159;63970990;2026-05-20;BGH;Food;100;564090;1;;Fl;Bosco d'oro Olivenöl mit Trüffelaroma, 250 ml;18.81;18.81;0.48906;8032680690303;0;0;1;;
90032159;63970990;2026-05-20;BGH;Food;110;564040;1;;Gl;Bosco d'oro Carpaccio, aus Sommertrüffeln, schwarz, 45 g;18.93;18.93;0.49218;8032680690549;0;0;1;;
90032159;63970990;2026-05-20;BGH;Nearfood;120;975792;2;;Pk;Quality Einweghandschuhe Nitril, Grösse L, schwarz, 100 St;7.99;15.98;1.29438;7610034546639;0;1;2;;
90032159;63970990;2026-05-20;BGH;Wein;130;611120;1;;Bx;Monvallon Vin Blanc, 10 l BiB;22;22;1.782;7610593415353;0;0;3;;
90032159;63970990;2026-05-20;BGH;Wein;140;639240;2;;Bx;Montagne Belle Allure Vin Rouge, 10 l BiB;22;44;3.564;7610593204872;0;0;3;;
90032159;63970990;2026-05-20;BGH;Molkerei/Backwaren;150;096261;3;;Pk;Quality Vollei flüssig Import, Bodenhaltung, pasteurisiert, 1 kg;7.8;23.4;0.6084;7610034507609;0;0;1;;
90032159;63970990;2026-05-20;BGH;Molkerei/Backwaren;160;019372;5;;St;Soignon Bûche de chèvre, Weichkäse, 1 kg;16.47;82.35;2.1411;3523237481000;0;0;1;;
90032159;63970990;2026-05-20;BGH;Molkerei/Backwaren;170;005010;1;;kg;Quality Joghurt Nature, 3 kg;2.46;7.38;0.19188;7610034534230;0;0;7;;
90032159;63970990;2026-05-20;BGH;Molkerei/Backwaren;180;016781;2;;Sc;Quality Grana Padano DOP, Flocken, 500 g;9.77;19.54;0.50804;2001678190008;0;0;7;;
90032159;63970990;2026-05-20;BGH;Molkerei/Backwaren;190;013702;1;3.045;kg;Quality Raclette, eckig, 1/2 Laib ca. 3,2 kg;10.93;33.28185;0.8653281;2953272999993;0;0;1;;
90032159;63970990;2026-05-20;BGH;Molkerei/Backwaren;200;022600;1;;Tp;Quality Vollmilch 3,5%, UHT, 12 x 1 l;1.28;15.36;0.39936;7610034507807;0;0;1;;
90032159;63970990;2026-05-20;BGH;Molkerei/Backwaren;210;027310;1;;kg;Economy Butter, 10 x 1 kg;13.35;133.5;3.471;7610034508224;0;0;1;;
90032159;63970990;2026-05-20;BGH;Früchte + Gemüse;220;044861;2;5.58;kg;Knollensellerie gepackt, 3 St ca. 2,4 kg;2.92;16.2936;0.4236336;2904751999997;0;0;1;;
90032159;63970990;2026-05-20;BGH;Früchte + Gemüse;230;045080;1;0.478;kg;Stangensellerie gepackt, 1 - 2 St / ca. 800 g;5.41;2.58598;0.06723548;2904130999990;0;0;1;;
90032159;63970990;2026-05-20;BGH;Früchte + Gemüse;240;044720;1;;Bd;Salbei Bund, 80 g;4.22;4.22;0.10972;7610632942598;0;0;1;;
90032159;63970990;2026-05-20;BGH;Früchte + Gemüse;250;044107;1;;kg;Peperoni Tricolor, Import, 5 kg;3.93;19.65;0.5109;7610632977132;0;0;1;;
90032159;63970990;2026-05-20;BGH;Früchte + Gemüse;251;000079;1;;St;Ifco LiftLock;3.2;3.2;0;2000007960008;0;0;0;;
90032159;63970990;2026-05-20;BGH;Früchte + Gemüse;260;045005;1;3;kg;Spinat, 3 kg;6.07;18.21;0.47346;2904065999997;0;0;1;;
90032159;63970990;2026-05-20;BGH;Früchte + Gemüse;261;000079;1;;St;Ifco LiftLock;3.2;3.2;0;2000007960008;0;0;0;;
90032159;63970990;2026-05-20;BGH;Früchte + Gemüse;270;044006;1;;Sc;Peperoncini grün, 500 g;4.88;4.88;0.12688;7610632961308;0;0;1;;
90032159;63970990;2026-05-20;BGH;Früchte + Gemüse;280;044156;1;;Bt;Petersilie gekraust, gepackt, 500 g;7.38;7.38;0.19188;7610632995082;0;0;1;;
90032159;63970990;2026-05-20;BGH;Früchte + Gemüse;290;044715;5;;St;Salanova Multiblatt assortiert, 8 St;2.32;92.8;2.4128;7610632963678;0;0;1;;
90032159;63970990;2026-05-20;BGH;Früchte + Gemüse;291;000079;5;;St;Ifco LiftLock;3.2;16;0;2000007960008;0;0;0;;
90032159;63970990;2026-05-20;BGH;Früchte + Gemüse;300;040972;1;;kg;Cherry Rispentomaten, 3 kg;8.51;25.53;0.66378;7610632984666;0;0;1;;
90032159;63970990;2026-05-20;BGH;Früchte + Gemüse;301;000079;1;;St;Ifco LiftLock;3.2;3.2;0;2000007960008;0;0;0;;
90032159;63970990;2026-05-20;BGH;Früchte + Gemüse;310;048787;1;;kg;Trauben mix weiss / blau, 5 kg;6.07;30.35;0.7891;7610632261217;0;0;1;;
90032159;63970990;2026-05-20;BGH;Früchte + Gemüse;320;044400;2;3.418;kg;Rhabarber gepackt, ca. 1,5  kg;8.45;28.8821;0.7509346;2904010999997;0;0;1;;
90032159;63970990;2026-05-20;BGH;Metzgerei;330;068141;3;;kg;Economy ASC Crevetten Black Tiger, easy peel, entdarmt, 8/12, tiefgekühlt, 1 kg;18.9;56.7;1.4742;7610034523524;0;0;7;;
90032159;63970990;2026-05-20;BGH;Metzgerei;340;086713;2;4.178;kg;Bell Schwarzwald Rohschinken 1/2 ca. 1,5 kg;21.5;89.827;2.335502;2992423999994;0;0;1;;
90032159;63970990;2026-05-20;BGH;Metzgerei;350;081540;1;3.066;kg;Quality Bratspeck ohne Schwarte, ohne Knorpel, 1/1, ca. 3 kg;12.99;39.82734;1.03551084;2945670999996;0;1;1;;
90032159;63970990;2026-05-20;BGH;Früchte + Gemüse;360;000079;2;;St;Ifco LiftLock;3.2;6.4;0;2000007960008;0;0;0;;
90032159;63964660;2026-05-16;BGH;Früchte + Gemüse;10;000079;-16;;St;Ifco LiftLock;3.2;-51.2;0;2000007960008;0;0;0;;
90032159;63964660;2026-05-16;BGH;Food;10;100080;1;;Lt;Quality Rapsöl, 20 l;3.52;70.4;1.8304;7610034515147;0;0;1;;
90032159;63964660;2026-05-16;BGH;Nearfood;10;968700;24;;St;Zylinderkerze 70 x 200 mm, 90h, ecru;3.95;94.8;7.6788;7610054040247;0;0;2;;
90032159;63964660;2026-05-16;BGH;Food;20;115081;1;;Lt;Quality Frito 2000 Gold, Frittieröl, 20 l;4.96;99.2;2.5792;7610034515079;0;0;1;;
90032159;63964660;2026-05-16;BGH;Nonfood;20;902275;6;;Pk;Trinkhalm Papier, schwarz, 21 cm, Ø 6 mm, Pack zu 150 Stück;3.19;19.14;1.55034;7610588101964;0;1;3;;
90032159;63964660;2026-05-16;BGH;Food;30;301310;1;;Ds;Merlasco Pfeffer Szechuan, 180 g;33.06;33.06;0.85956;7611928071121;0;0;1;;
90032159;63964660;2026-05-16;BGH;Food;40;235140;1;;Sa;Riso Gallo Arborio, 5 kg;34.58;34.58;0.89908;8001420000870;0;0;1;;
90032159;63964660;2026-05-16;BGH;Food;50;410031;1;;kg;Barilla Penne Rigate, n° 73, 5 kg;3.76;18.8;0.4888;8076800035735;0;0;1;;
90032159;63964660;2026-05-16;BGH;Molkerei/Backwaren;60;010131;2;;Pk;Berner Alphobelkäse AOP, gerollt, 600 g;27.95;55.9;1.4534;7600400001121;0;0;1;;
90032159;63964660;2026-05-16;BGH;Molkerei/Backwaren;70;012590;1;1.01;kg;Quality Brie Sandwich, 1/1 Laib ca. 1 kg;11.4;11.514;0.299364;2986872999995;0;1;1;;
90032159;63964660;2026-05-16;BGH;Molkerei/Backwaren;80;010843;1;1.19;kg;Emmi Luzerner Rahmkäse, 1/4 Laib ca. 1,1 kg;22.29;26.5251;0.6896526;2900223999991;0;0;1;;
90032159;63964660;2026-05-16;BGH;Molkerei/Backwaren;90;029717;3;;St;Natura Bio Tofu nature, 1,25 kg;10.75;32.25;0.8385;7610034530089;0;0;7;;
90032159;63964660;2026-05-16;BGH;Molkerei/Backwaren;100;096261;2;;Pk;Quality Vollei flüssig Import, Bodenhaltung, pasteurisiert, 1 kg;7.8;15.6;0.4056;7610034507609;0;0;1;;
90032159;63964660;2026-05-16;BGH;Molkerei/Backwaren;110;024440;1;;Tp;Quality Vollrahm 35%, UHT, 12 x 1 l;5.9;70.8;1.8408;7610034505315;0;0;1;;
90032159;63964660;2026-05-16;BGH;Molkerei/Backwaren;120;022600;1;;Tp;Quality Vollmilch 3,5%, UHT, 12 x 1 l;1.28;15.36;0.39936;7610034507807;0;0;1;;
90032159;63964660;2026-05-16;BGH;Molkerei/Backwaren;130;013702;1;3.415;kg;Quality Raclette, eckig, 1/2 Laib ca. 3,2 kg;10.93;37.32595;0.9704747;2953272999993;0;0;1;;
90032159;63964660;2026-05-16;BGH;Molkerei/Backwaren;140;027970;1;;St;Knorr Garde d'Or Sauce Hollandaise, 6 x 1 l;11.09;66.54;1.73004;08712566717637;0;0;1;;
90032159;63964660;2026-05-16;BGH;Molkerei/Backwaren;150;025040;1;;Kt;Quality Kaffeerahm Portionen 15%, UHT, 200 x 12 g;11.3;11.3;0.2938;7610034505124;0;0;1;;
90032159;63964660;2026-05-16;BGH;Molkerei/Backwaren;160;020510;1;;Sc;Züger Bio Ricotta, 1,5 kg;12.43;12.43;0.32318;7640101090178;0;0;1;;
90032159;63964660;2026-05-16;BGH;Früchte + Gemüse;170;040454;1;6;kg;Blumenkohl, ca. 7,5 kg;4.94;29.64;0.77064;2903704999992;0;0;1;;
90032159;63964660;2026-05-16;BGH;Früchte + Gemüse;171;000079;1;;St;Ifco LiftLock;3.2;3.2;0;2000007960008;0;0;0;;
90032159;63964660;2026-05-16;BGH;Früchte + Gemüse;180;040674;1;6;kg;Broccoli, ca. 6 kg;3.99;23.94;0.62244;2903734999993;0;0;1;;
90032159;63964660;2026-05-16;BGH;Früchte + Gemüse;181;000079;1;;St;Ifco LiftLock;3.2;3.2;0;2000007960008;0;0;0;;
90032159;63964660;2026-05-16;BGH;Früchte + Gemüse;190;044980;10;;Bd;Spargeln grün, Europa, 1 kg;8.81;88.1;2.2906;8437000507161;0;0;1;;
90032159;63964660;2026-05-16;BGH;Früchte + Gemüse;200;044411;1;;Bd;Spargeln weiss, 18 mm+, 6 x 1 kg;8.31;49.86;1.29636;7628072012351;0;0;1;;
90032159;63964660;2026-05-16;BGH;Früchte + Gemüse;210;045882;1;;kg;Zwiebeln gross, 10 kg;1.35;13.5;0.351;7628072003557;0;1;7;;
90032159;63964660;2026-05-16;BGH;Früchte + Gemüse;211;000079;1;;St;Ifco LiftLock;3.2;3.2;0;2000007960008;0;0;0;;
90032159;63964660;2026-05-16;BGH;Früchte + Gemüse;220;041217;1;;Bd;Cipollotte / Bundzwiebeln, gepackt, 2 Bund, ca. 3 St;2.56;5.12;0.13312;7610632974995;0;0;1;;
90032159;63964660;2026-05-16;BGH;Früchte + Gemüse;230;040174;1;;kg;Kartoffeln ganz, roh, geschält, festkochend, 5 kg;3.33;16.65;0.4329;7613399037231;0;0;1;;
90032159;63964660;2026-05-16;BGH;Früchte + Gemüse;240;040171;2;;kg;Kartoffeln ganz, roh, geschält, mehligkochend, 5 kg;3.33;33.3;0.8658;7613399037255;0;0;1;;
90032159;63964660;2026-05-16;BGH;Früchte + Gemüse;250;045707;1;;kg;Zucchetti, 5 kg;2.14;10.7;0.2782;7610632980545;0;0;1;;
90032159;63964660;2026-05-16;BGH;Früchte + Gemüse;260;040257;1;;kg;Auberginen, 5 kg;2.5;12.5;0.325;7610632977958;0;1;1;;
90032159;63964660;2026-05-16;BGH;Früchte + Gemüse;270;040972;2;;kg;Cherry Rispentomaten, 3 kg;8.51;51.06;1.32756;7610632984666;0;0;1;;
90032159;63964660;2026-05-16;BGH;Früchte + Gemüse;271;000079;2;;St;Ifco LiftLock;3.2;6.4;0;2000007960008;0;0;0;;
90032159;63964660;2026-05-16;BGH;Früchte + Gemüse;280;044715;3;;St;Salanova Multiblatt assortiert, 8 St;2.32;55.68;1.44768;7610632963678;0;0;1;;
90032159;63964660;2026-05-16;BGH;Früchte + Gemüse;281;000079;3;;St;Ifco LiftLock;3.2;9.6;0;2000007960008;0;0;0;;
90032159;63964660;2026-05-16;BGH;Früchte + Gemüse;290;049127;4;;Kt;Champignons braun, frisch, 1 kg;9.22;36.88;0.95888;7610473014843;0;0;1;;
90032159;63964660;2026-05-16;BGH;Früchte + Gemüse;300;040329;1;;Bt;Basilikum, 1 kg;29.69;29.69;0.77194;7610632989975;0;0;1;;
90032159;63964660;2026-05-16;BGH;Früchte + Gemüse;310;040026;2;;Tt;Raclette Kartoffeln, 2,5 kg;4.11;8.22;0.21372;7613399023012;0;0;1;;
90032159;63964660;2026-05-16;BGH;Früchte + Gemüse;320;048827;1;;kg;Zitronen, 6 kg;3.45;20.7;0.5382;7610632320723;0;0;1;;
90032159;63964660;2026-05-16;BGH;Früchte + Gemüse;321;000079;1;;St;Ifco LiftLock;3.2;3.2;0;2000007960008;0;0;0;;
90032159;63964660;2026-05-16;BGH;Früchte + Gemüse;330;044611;1;;kg;Rüebli / Karotten Gastro, gewaschen, Inland, 10 kg;1.73;17.3;0.4498;7628072012832;0;0;1;;
90032159;63964660;2026-05-16;BGH;Früchte + Gemüse;331;000079;1;;St;Ifco LiftLock;3.2;3.2;0;2000007960008;0;0;0;;
90032159;63964660;2026-05-16;BGH;Metzgerei;340;062720;1;;St;Bell Hackbraten Grossmutterart, tiefgekühlt 5 x 1 kg;21.3;106.5;2.769;7610162322778;0;0;1;;
90032159;63964660;2026-05-16;BGH;Metzgerei;350;054854;1;5.052;kg;Kalbs-Voressen Brust, ca. 5 kg;23.5;118.722;3.086772;2907910999999;0;0;1;;
90032159;63964660;2026-05-16;BGH;Metzgerei;360;081540;1;2.737;kg;Quality Bratspeck ohne Schwarte, ohne Knorpel, 1/1, ca. 3 kg;12.99;35.55363;0.92439438;2945670999996;0;1;1;;
90032159;63964660;2026-05-16;BGH;Metzgerei;370;001352;11;15.072;kg;Schweins-Hohrücken, ca. 1,5 kg;11.69;176.19168;4.58098368;2905493999993;0;1;1;;
90032159;63964660;2026-05-16;BGH;Früchte + Gemüse;380;000079;5;;St;Ifco LiftLock;3.2;16;0;2000007960008;0;0;0;;
90032159;63964660;2026-05-16;BGH;Früchte + Gemüse;390;000079;1;;St;Ifco LiftLock;3.2;3.2;0;2000007960008;0;0;0;;
90032159;63964660;2026-05-16;BGH;Früchte + Gemüse;400;000079;3;;St;Ifco LiftLock;3.2;9.6;0;2000007960008;0;0;0;;
90032159;63960993;2026-05-13;BGH;Früchte + Gemüse;10;000079;-19;;St;Ifco LiftLock;3.2;-60.8;0;2000007960008;0;0;0;;
90032159;63960993;2026-05-13;BGH;Food;10;591117;2;;Ke;Valenzi Wildpreiselbeeren, 2 kg;15.01;30.02;0.78052;4100240150094;0;0;1;;
90032159;63960993;2026-05-13;BGH;Nearfood;10;813141;1;;Bi;Topmatic Plus Geschirrspülmittel, 25 kg;327.2;327.2;26.5032;4028159012190;0;0;2;;
90032159;63960993;2026-05-13;BGH;Food;20;100080;1;;Lt;Quality Rapsöl, 20 l;3.52;70.4;1.8304;7610034515147;0;0;1;;
90032159;63960993;2026-05-13;BGH;Nearfood;20;819941;1;;Fl;Greasecutter Fast Foam, Grillreniger und Fettlöser, 4 x 750 ml;23.19;92.76;7.51356;4028159052813;0;1;3;;
90032159;63960993;2026-05-13;BGH;Food;30;235140;1;;Sa;Riso Gallo Arborio, 5 kg;34.58;34.58;0.89908;8001420000870;0;0;1;;
90032159;63960993;2026-05-13;BGH;Nearfood;30;992093;1;;Pk;Quality Toilettenpapier, 4-lagig, weiss, 160 Blatt, 24 Rl;16.54;16.54;1.33974;7610034532120;0;0;3;;
90032159;63960993;2026-05-13;BGH;Food;40;345771;1;;Bt;American Sandwich Toast nature, 7 x 825 g;4.8;33.6;0.8736;83228850000596;0;0;1;;
90032159;63960993;2026-05-13;BGH;Nonfood;40;991237;1;;Pk;Backstar Backpapier GN 1/1 53 x 32,5 cm Pack zu 300 Bogen;23.09;23.09;1.87029;7610222012854;0;1;2;;
90032159;63960993;2026-05-13;BGH;Früchte + Gemüse;50;000079;2;;St;Ifco LiftLock;3.2;6.4;0;2000007960008;0;0;0;;
90032159;63960993;2026-05-13;BGH;Food;50;228001;1;;Pk;Weissmehl, 10 x 1 kg;1.7;17;0.442;7610803013430;0;0;1;;
90032159;63960993;2026-05-13;BGH;Food;60;560053;1;;Pk;JuraSel Speisesalz grün, mit Jod und Fluor, 1 kg;1.1;11;0.286;7610039000099;0;0;1;;
90032159;63960993;2026-05-13;BGH;Food;70;372171;1;;Bt;Quality Cashew Nüsse, 1 kg;14.92;14.92;0.38792;7610034535206;0;0;1;;
90032159;63960993;2026-05-13;BGH;Food;80;111410;1;;Pk;Quality Zuckersticks schwarz, 1000 x 5 g;16.72;16.72;0.43472;7610034510647;0;0;1;;
90032159;63960993;2026-05-13;BGH;Molkerei/Backwaren;90;025040;1;;Kt;Quality Kaffeerahm Portionen 15%, UHT, 200 x 12 g;11.3;11.3;0.2938;7610034505124;0;0;1;;
90032159;63960993;2026-05-13;BGH;Molkerei/Backwaren;100;024673;2;;Ke;Quality Crème Fraîche, Sauerrahm 35%, 2,5 kg;24.76;49.52;1.28752;7610034514973;0;0;1;;
90032159;63960993;2026-05-13;BGH;Molkerei/Backwaren;110;014641;10;;Be;Premium Burrata, 2 x 125 g;5.39;53.9;1.4014;7610034511026;0;0;1;;
90032159;63960993;2026-05-13;BGH;Molkerei/Backwaren;120;022600;1;;Tp;Quality Vollmilch 3,5%, UHT, 12 x 1 l;1.28;15.36;0.39936;7610034507807;0;0;1;;
90032159;63960993;2026-05-13;BGH;Früchte + Gemüse;130;044411;1;;Bd;Spargeln weiss, 18 mm+, 6 x 1 kg;8.31;49.86;1.29636;7628072012351;0;0;1;;
90032159;63960993;2026-05-13;BGH;Früchte + Gemüse;140;044107;1;;kg;Peperoni Tricolor, Import, 5 kg;4.28;21.4;0.5564;7610632977132;0;0;1;;
90032159;63960993;2026-05-13;BGH;Früchte + Gemüse;141;000079;1;;St;Ifco LiftLock;3.2;3.2;0;2000007960008;0;0;0;;
90032159;63960993;2026-05-13;BGH;Früchte + Gemüse;150;004160;1;;kg;Ditzler Asia-Mix Gemüsemischung, TK, 2 x 2,5 kg;6.95;34.75;0.9035;7610247606595;0;0;1;;
90032159;63960993;2026-05-13;BGH;Früchte + Gemüse;160;040174;1;;kg;Kartoffeln ganz, roh, geschält, festkochend, 5 kg;3.33;16.65;0.4329;7613399037231;0;0;1;;
90032159;63960993;2026-05-13;BGH;Früchte + Gemüse;170;040171;1;;kg;Kartoffeln ganz, roh, geschält, mehligkochend, 5 kg;3.33;16.65;0.4329;7613399037255;0;0;1;;
90032159;63960993;2026-05-13;BGH;Früchte + Gemüse;180;045707;1;;kg;Zucchetti, 5 kg;2.14;10.7;0.2782;7610632980545;0;0;1;;
90032159;63960993;2026-05-13;BGH;Früchte + Gemüse;190;044715;4;;St;Salanova Multiblatt assortiert, 8 St;2.32;74.24;1.93024;7610632963678;0;0;1;;
90032159;63960993;2026-05-13;BGH;Früchte + Gemüse;191;000079;4;;St;Ifco LiftLock;3.2;12.8;0;2000007960008;0;0;0;;
90032159;63960993;2026-05-13;BGH;Früchte + Gemüse;200;040972;3;;kg;Cherry Rispentomaten, 3 kg;8.51;76.59;1.99134;7610632984666;0;0;1;;
90032159;63960993;2026-05-13;BGH;Früchte + Gemüse;201;000079;3;;St;Ifco LiftLock;3.2;9.6;0;2000007960008;0;0;0;;
90032159;63960993;2026-05-13;BGH;Früchte + Gemüse;210;044664;1;5;kg;Karotten Pfälzer gelb gewaschen, 5 kg;2.68;13.4;0.3484;2992584999994;0;0;1;;
90032159;63960993;2026-05-13;BGH;Früchte + Gemüse;211;000079;1;;St;Ifco LiftLock;3.2;3.2;0;2000007960008;0;0;0;;
90032159;63960993;2026-05-13;BGH;Früchte + Gemüse;220;044270;1;;Bt;Radiesli Scheiben, 3 mm, 500 g;8.13;8.13;0.21138;7610514643261;0;0;1;;
90032159;63960993;2026-05-13;BGH;Früchte + Gemüse;230;041217;2;;Bd;Cipollotte / Bundzwiebeln, gepackt, 2 Bund, ca. 3 St;2.56;10.24;0.26624;7610632974995;0;0;1;;
90032159;63960993;2026-05-13;BGH;Früchte + Gemüse;240;040257;1;;kg;Auberginen, 5 kg;3.33;16.65;0.4329;7610632977958;0;0;1;;
90032159;63960993;2026-05-13;BGH;Früchte + Gemüse;250;045208;1;;kg;Tomaten, rund, 6 kg;3.75;22.5;0.585;7610632980576;0;0;1;;
90032159;63960993;2026-05-13;BGH;Früchte + Gemüse;251;000079;1;;St;Ifco LiftLock;3.2;3.2;0;2000007960008;0;0;0;;
90032159;63960993;2026-05-13;BGH;Früchte + Gemüse;260;048130;1;;kg;Orangen blond, gepackt, ca. 2 kg;2.2;4.4;0.1144;7613399009115;0;0;7;;
90032159;63960993;2026-05-13;BGH;Früchte + Gemüse;270;044156;1;;Bt;Petersilie gekraust, gepackt, 500 g;7.38;7.38;0.19188;7610632995082;0;0;1;;
90032159;63960993;2026-05-13;BGH;Früchte + Gemüse;280;000079;1;;St;Ifco LiftLock;3.2;3.2;0;2000007960008;0;0;0;;
90032159;63960993;2026-05-13;BGH;Früchte + Gemüse;290;000079;2;;St;Ifco LiftLock;3.2;6.4;0;2000007960008;0;0;0;;
90032159;63954344;2026-05-09;BGH;Früchte + Gemüse;10;000079;-22;;St;Ifco LiftLock;3.2;-70.4;0;2000007960008;0;0;0;;
90032159;63954344;2026-05-09;BGH;Food;10;399030;2;;Gl;Pommery Senf Meaux, 500 g;11.81;23.62;0.61412;3158697781010;0;0;1;;
90032159;63954344;2026-05-09;BGH;Nearfood;10;993320;2;;Rl;Quality Wischtücher Midi, 2-lagig, weiss, 450 Blatt, 6 Rl;5.19;62.28;5.04468;7610034546196;0;1;3;;
90032159;63954344;2026-05-09;BGH;Food;20;115081;1;;Lt;Quality Frito 2000 Gold, Frittieröl, 20 l;4.96;99.2;2.5792;7610034515079;0;0;1;;
90032159;63954344;2026-05-09;BGH;Food;30;512440;1;;Bt;Quality Röstzwiebeln, 500 g;5.76;5.76;0.14976;4388040277375;0;0;1;;
90032159;63954344;2026-05-09;BGH;Food;40;391251;2;;Ke;Economy Salat-Mayonnaise, 9,4 kg;29.95;59.9;1.5574;7610034511705;0;0;1;;
90032159;63954344;2026-05-09;BGH;Food;50;160160;1;;Ds;McCormick Chipotle geräuchert, 270 g;14.97;14.97;0.38922;7610071013088;0;0;1;;
90032159;63954344;2026-05-09;BGH;Food;60;391272;1;;Ke;Economy Ketchup, 5 kg;11.19;11.19;0.29094;9010054126930;0;0;1;;
90032159;63954344;2026-05-09;BGH;Wein;70;611120;1;;Bx;Monvallon Vin Blanc, 10 l BiB;22;22;1.782;7610593415353;0;0;3;;
90032159;63954344;2026-05-09;BGH;Molkerei/Backwaren;80;010455;1;2.228;kg;Cremo Greyerzer AOP, classic, ca. 2 kg;14.99;33.39772;0.86834072;2987945999997;0;1;1;;
90032159;63954344;2026-05-09;BGH;Molkerei/Backwaren;90;013702;2;6.34;kg;Quality Raclette, eckig, 1/2 Laib ca. 3,2 kg;10.93;69.2962;1.8017012;2953272999993;0;0;1;;
90032159;63954344;2026-05-09;BGH;Molkerei/Backwaren;100;010436;2;2.837;kg;Quality Emmentaler AOP, ca. 1,5 kg;14.5;41.1365;1.069549;2900196999998;0;0;1;;
90032159;63954344;2026-05-09;BGH;Molkerei/Backwaren;110;024790;1;;Ds;Floralp Vollrahm 35%, ohne Zucker, UHT, 6 x 500 g;6.4;38.4;0.9984;7612300013173;0;1;7;;
90032159;63954344;2026-05-09;BGH;Molkerei/Backwaren;120;024440;2;;Tp;Quality Vollrahm 35%, UHT, 12 x 1 l;5.9;141.6;3.6816;7610034505315;0;0;1;;
90032159;63954344;2026-05-09;BGH;Molkerei/Backwaren;130;096261;4;;Pk;Quality Vollei flüssig Import, Bodenhaltung, pasteurisiert, 1 kg;7.8;31.2;0.8112;7610034507609;0;0;1;;
90032159;63954344;2026-05-09;BGH;Molkerei/Backwaren;140;096271;2;;Pk;Quality Eigelb flüssig Import, Bodenhaltung, pasteurisiert, 1 kg;12.8;25.6;0.6656;7610034508835;0;0;1;;
90032159;63954344;2026-05-09;BGH;Molkerei/Backwaren;150;027220;1;;Kt;Emmi Premium Butterportionen, Würfel, 100 x 10 g;22.02;22.02;0.57252;7610900031573;0;0;1;;
90032159;63954344;2026-05-09;BGH;Molkerei/Backwaren;160;018780;1;;Be;Züger Mascarpone, 6 x 500 g;5.56;33.36;0.86736;7640101091274;0;0;1;;
90032159;63954344;2026-05-09;BGH;Molkerei/Backwaren;170;020510;1;;Sc;Züger Bio Ricotta, 1,5 kg;12.43;12.43;0.32318;7640101090178;0;0;1;;
90032159;63954344;2026-05-09;BGH;Molkerei/Backwaren;180;012590;1;1.014;kg;Quality Brie Sandwich, 1/1 Laib ca. 1 kg;14.34;14.54076;0.37805976;2986872999995;0;0;1;;
90032159;63954344;2026-05-09;BGH;Molkerei/Backwaren;190;024673;1;;Ke;Quality Crème Fraîche, Sauerrahm 35%, 2,5 kg;24.76;24.76;0.64376;7610034514973;0;0;1;;
90032159;63954344;2026-05-09;BGH;Molkerei/Backwaren;200;016781;1;;Sc;Quality Grana Padano DOP, Flocken, 500 g;9.77;9.77;0.25402;2001678190008;0;0;7;;
90032159;63954344;2026-05-09;BGH;Molkerei/Backwaren;210;027310;1;;kg;Economy Butter, 10 x 1 kg;13.35;133.5;3.471;7610034508224;0;0;1;;
90032159;63954344;2026-05-09;BGH;Früchte + Gemüse;220;040972;3;;kg;Cherry Rispentomaten, 3 kg;8.75;78.75;2.0475;7610632984666;0;0;1;;
90032159;63954344;2026-05-09;BGH;Früchte + Gemüse;221;000079;3;;St;Ifco LiftLock;3.2;9.6;0;2000007960008;0;0;0;;
90032159;63954344;2026-05-09;BGH;Früchte + Gemüse;230;042303;1;6.635;kg;Kabis rot mittel, ca. 5 kg;2.2;14.597;0.379522;2904743999998;0;0;1;;
90032159;63954344;2026-05-09;BGH;Früchte + Gemüse;231;000079;1;;St;Ifco LiftLock;3.2;3.2;0;2000007960008;0;0;0;;
90032159;63954344;2026-05-09;BGH;Früchte + Gemüse;240;044747;1;;Bd;Schnittlauch gebündelt, 2 Bund à 100 g;5.71;11.42;0.29692;7640108600066;0;0;1;;
90032159;63954344;2026-05-09;BGH;Früchte + Gemüse;250;041217;1;;Bd;Cipollotte / Bundzwiebeln, gepackt, 2 Bund, ca. 3 St;2.56;5.12;0.13312;7610632974995;0;0;1;;
90032159;63954344;2026-05-09;BGH;Früchte + Gemüse;260;044270;1;;Bt;Radiesli Scheiben, 3 mm, 500 g;8.13;8.13;0.21138;7610514643261;0;0;1;;
90032159;63954344;2026-05-09;BGH;Früchte + Gemüse;270;044664;1;5;kg;Karotten Pfälzer gelb gewaschen, 5 kg;2.68;13.4;0.3484;2992584999994;0;0;1;;
90032159;63954344;2026-05-09;BGH;Früchte + Gemüse;271;000079;1;;St;Ifco LiftLock;3.2;3.2;0;2000007960008;0;0;0;;
90032159;63954344;2026-05-09;BGH;Früchte + Gemüse;280;044611;1;;kg;Rüebli / Karotten Gastro, gewaschen, Inland, 10 kg;1.15;11.5;0.299;7628072012832;0;1;1;;
90032159;63954344;2026-05-09;BGH;Früchte + Gemüse;281;000079;1;;St;Ifco LiftLock;3.2;3.2;0;2000007960008;0;0;0;;
90032159;63954344;2026-05-09;BGH;Früchte + Gemüse;290;044715;8;;St;Salanova Multiblatt assortiert, 8 St;2.5;160;4.16;7610632963678;0;0;1;;
90032159;63954344;2026-05-09;BGH;Früchte + Gemüse;291;000079;8;;St;Ifco LiftLock;3.2;25.6;0;2000007960008;0;0;0;;
90032159;63954344;2026-05-09;BGH;Früchte + Gemüse;300;040454;1;6;kg;Blumenkohl, ca. 7,5 kg;3.93;23.58;0.61308;2903704999992;0;0;1;;
90032159;63954344;2026-05-09;BGH;Früchte + Gemüse;301;000079;1;;St;Ifco LiftLock;3.2;3.2;0;2000007960008;0;0;0;;
90032159;63954344;2026-05-09;BGH;Früchte + Gemüse;310;040674;1;6;kg;Broccoli, ca. 6 kg;3.81;22.86;0.59436;2903734999993;0;0;1;;
90032159;63954344;2026-05-09;BGH;Früchte + Gemüse;311;000079;1;;St;Ifco LiftLock;3.2;3.2;0;2000007960008;0;0;0;;
90032159;63954344;2026-05-09;BGH;Früchte + Gemüse;320;040257;1;;kg;Auberginen, 5 kg;3.33;16.65;0.4329;7610632977958;0;0;1;;
90032159;63954344;2026-05-09;BGH;Früchte + Gemüse;330;045707;1;;kg;Zucchetti, 5 kg;2.02;10.1;0.2626;7610632980545;0;0;1;;
90032159;63954344;2026-05-09;BGH;Früchte + Gemüse;340;044400;2;3.254;kg;Rhabarber gepackt, ca. 1,5  kg;9.22;30.00188;0.78004888;2904010999997;0;0;1;;
90032159;63954344;2026-05-09;BGH;Früchte + Gemüse;350;045005;2;6;kg;Spinat, 3 kg;6.07;36.42;0.94692;2904065999997;0;0;1;;
90032159;63954344;2026-05-09;BGH;Früchte + Gemüse;351;000079;2;;St;Ifco LiftLock;3.2;6.4;0;2000007960008;0;0;0;;
90032159;63954344;2026-05-09;BGH;Früchte + Gemüse;360;045186;1;;Bd;Thymian Bund, 80 g;4.22;4.22;0.10972;7610632942604;0;0;1;;
90032159;63954344;2026-05-09;BGH;Früchte + Gemüse;370;044538;1;;Bt;Rosmarin, 250 g;8.81;8.81;0.22906;7610632969816;0;0;1;;
90032159;63954344;2026-05-09;BGH;Früchte + Gemüse;380;043598;1;;Bt;Minze, 250 g;8.81;8.81;0.22906;7610632977873;0;0;1;;
90032159;63954344;2026-05-09;BGH;Früchte + Gemüse;390;044980;10;;Bd;Spargeln grün, Europa, 1 kg;6.95;69.5;1.807;8437000507161;0;1;1;;
90032159;63954344;2026-05-09;BGH;Früchte + Gemüse;400;048827;1;;kg;Zitronen, 6 kg;2.85;17.1;0.4446;7610632320723;0;1;1;;
90032159;63954344;2026-05-09;BGH;Früchte + Gemüse;401;000079;1;;St;Ifco LiftLock;3.2;3.2;0;2000007960008;0;0;0;;
90032159;63954344;2026-05-09;BGH;Früchte + Gemüse;410;049127;6;;Kt;Champignons braun, frisch, 1 kg;9.22;55.32;1.43832;7610473014843;0;0;1;;
90032159;63954344;2026-05-09;BGH;Früchte + Gemüse;420;042360;3;4.266;kg;Kabis weiss mittel gefilmt, Stück, ca. 1 kg;2.86;12.20076;0.31721976;2904690999997;0;0;1;;
90032159;63954344;2026-05-09;BGH;Metzgerei;430;081540;1;2.688;kg;Quality Bratspeck ohne Schwarte, ohne Knorpel, 1/1, ca. 3 kg;16.9;45.4272;1.1811072;2945670999996;0;0;1;;
90032159;63954344;2026-05-09;BGH;Metzgerei;440;002109;3;9.847;kg;Schweins-Nierstück, lang, ca. 3 kg;10.99;108.21853;2.81368178;97610011597893;0;1;1;;
90032159;63954344;2026-05-09;BGH;Metzgerei;450;064180;1;;kg;Poulet Brust, tiefgekühlt, Brasilien, 160-180 g, 5 x 2 kg;12.5;125;3.25;17896295382217;0;0;1;;
90032159;63954344;2026-05-09;BGH;Metzgerei;460;078272;1;2.247;kg;Economy Trutenschinken, eckig, 1/2, Deutschland, ca. 2 kg;12.95;29.09865;0.7565649;2935177999995;0;0;1;;
90032159;63954344;2026-05-09;BGH;Früchte + Gemüse;470;000079;1;;St;Ifco LiftLock;3.2;3.2;0;2000007960008;0;0;0;;
90032159;63954344;2026-05-09;BGH;Früchte + Gemüse;480;000079;2;;St;Ifco LiftLock;3.2;6.4;0;2000007960008;0;0;0;;
90032159;63954344;2026-05-09;BGH;Früchte + Gemüse;490;000079;4;;St;Ifco LiftLock;3.2;12.8;0;2000007960008;0;0;0;;
90032159;63948309;2026-05-06;BGH;Früchte + Gemüse;10;000079;-18;;St;Ifco LiftLock;3.2;-57.6;0;2000007960008;0;0;0;;
90032159;63948309;2026-05-06;BGH;Metzgerei;10;001369;5;7.353;kg;Schweins-Filet ohne Strang, 3 x ca. 400 g;31.9;234.5607;6.0985782;97610011148811;0;0;1;;
90032159;63948309;2026-05-06;BGH;Food;10;345771;1;;Bt;American Sandwich Toast nature, 7 x 825 g;4.8;33.6;0.8736;83228850000596;0;0;1;;
90032159;63948309;2026-05-06;BGH;Food;20;100080;1;;Lt;Quality Rapsöl, 20 l;3.49;69.8;1.8148;7610034515147;0;1;1;;
90032159;63948309;2026-05-06;BGH;Food;30;235140;2;;Sa;Riso Gallo Arborio, 5 kg;34.58;69.16;1.79816;8001420000870;0;0;1;;
90032159;63948309;2026-05-06;BGH;Food;40;399030;1;;Gl;Pommery Senf Meaux, 500 g;11.81;11.81;0.30706;3158697781010;0;0;1;;
90032159;63948309;2026-05-06;BGH;Food;50;481660;3;;Ds;Mutti Tomaten Pelati, Gastronomia, 6 x 2,5 kg;7.2;129.6;3.3696;8005110043024;0;0;1;;
90032159;63948309;2026-05-06;BGH;Molkerei/Backwaren;60;027310;1;;kg;Economy Butter, 10 x 1 kg;13.35;133.5;3.471;7610034508224;0;0;1;;
90032159;63948309;2026-05-06;BGH;Molkerei/Backwaren;70;027220;1;;Kt;Emmi Premium Butterportionen, Würfel, 100 x 10 g;22.02;22.02;0.57252;7610900031573;0;0;1;;
90032159;63948309;2026-05-06;BGH;Molkerei/Backwaren;80;010131;1;;Pk;Berner Alphobelkäse AOP, gerollt, 600 g;27.95;27.95;0.7267;7600400001121;0;0;1;;
90032159;63948309;2026-05-06;BGH;Molkerei/Backwaren;90;022600;1;;Tp;Quality Vollmilch 3,5%, UHT, 12 x 1 l;1.28;15.36;0.39936;7610034507807;0;0;1;;
90032159;63948309;2026-05-06;BGH;Molkerei/Backwaren;100;016781;2;;Sc;Quality Grana Padano DOP, Flocken, 500 g;9.77;19.54;0.50804;2001678190008;0;0;7;;
90032159;63948309;2026-05-06;BGH;Molkerei/Backwaren;110;016601;2;;kg;Quality Grana Padano DOP, gerieben, 1 kg;16.24;32.48;0.84448;4388040340352;0;0;7;;
90032159;63948309;2026-05-06;BGH;Früchte + Gemüse;120;044400;2;3.084;kg;Rhabarber gepackt, ca. 1,5  kg;6.8;20.9712;0.5452512;2904010999997;0;1;1;;
90032159;63948309;2026-05-06;BGH;Früchte + Gemüse;130;044861;2;4.79;kg;Knollensellerie gepackt, 3 St ca. 2,4 kg;2.92;13.9868;0.3636568;2904751999997;0;0;1;;
90032159;63948309;2026-05-06;BGH;Früchte + Gemüse;140;045080;1;0.86;kg;Stangensellerie gepackt, 1 - 2 St / ca. 800 g;4.11;3.5346;0.0918996;2904130999990;0;0;1;;
90032159;63948309;2026-05-06;BGH;Früchte + Gemüse;150;091930;1;;kg;Ditzler Brunoise Gemüse, assortiert, TK, 4 x 1,25 kg;6.16;30.8;0.8008;7610247002038;0;0;1;;
90032159;63948309;2026-05-06;BGH;Früchte + Gemüse;160;040972;4;;kg;Cherry Rispentomaten, 3 kg;7.2;86.4;2.2464;7610632984666;0;1;1;;
90032159;63948309;2026-05-06;BGH;Früchte + Gemüse;161;000079;4;;St;Ifco LiftLock;3.2;12.8;0;2000007960008;0;0;0;;
90032159;63948309;2026-05-06;BGH;Früchte + Gemüse;170;044549;1;;kg;Rucola / Rauke, 1 kg;13.45;13.45;0.3497;7610632992456;0;0;1;;
90032159;63948309;2026-05-06;BGH;Früchte + Gemüse;180;047118;4;;kg;Erdbeeren Extra, 1 kg;5.89;23.56;0.61256;8437001876228;0;0;1;;
90032159;63948309;2026-05-06;BGH;Früchte + Gemüse;190;040174;2;;kg;Kartoffeln ganz, roh, geschält, festkochend, 5 kg;3.33;33.3;0.8658;7613399037231;0;0;1;;
90032159;63948309;2026-05-06;BGH;Früchte + Gemüse;200;040319;1;;Bt;Bärlauch, 1 kg;22.97;22.97;0.59722;7610794240761;0;0;1;;
90032159;63948309;2026-05-06;BGH;Früchte + Gemüse;210;045005;1;3;kg;Spinat, 3 kg;6.07;18.21;0.47346;2904065999997;0;0;1;;
90032159;63948309;2026-05-06;BGH;Früchte + Gemüse;211;000079;1;;St;Ifco LiftLock;3.2;3.2;0;2000007960008;0;0;0;;
90032159;63948309;2026-05-06;BGH;Früchte + Gemüse;220;045882;1;;kg;Zwiebeln gross, 10 kg;1.64;16.4;0.4264;7628072003557;0;0;7;;
90032159;63948309;2026-05-06;BGH;Früchte + Gemüse;221;000079;1;;St;Ifco LiftLock;3.2;3.2;0;2000007960008;0;0;0;;
90032159;63948309;2026-05-06;BGH;Früchte + Gemüse;230;045914;1;;kg;Zwiebeln rot gross, 10 kg;2.02;20.2;0.5252;7613399003366;0;0;1;;
90032159;63948309;2026-05-06;BGH;Früchte + Gemüse;240;045186;1;;Bd;Thymian Bund, 80 g;4.22;4.22;0.10972;7610632942604;0;0;1;;
90032159;63948309;2026-05-06;BGH;Früchte + Gemüse;260;047896;2;;St;Premium Mango extra einzeln, ca. 450 g;6.66;13.32;0.34632;7610632000250;0;0;1;;
90032159;63948309;2026-05-06;BGH;Früchte + Gemüse;270;047947;1;;St;Melonen Charentais Import, 6 St;2.99;17.94;0.46644;7610632001035;0;1;1;;
90032159;63948309;2026-05-06;BGH;Früchte + Gemüse;280;044611;1;;kg;Rüebli / Karotten Gastro, gewaschen, Inland, 10 kg;1.73;17.3;0.4498;7628072012832;0;0;1;;
90032159;63948309;2026-05-06;BGH;Früchte + Gemüse;281;000079;1;;St;Ifco LiftLock;3.2;3.2;0;2000007960008;0;0;0;;
90032159;63948309;2026-05-06;BGH;Früchte + Gemüse;290;044107;1;;kg;Peperoni Tricolor, Import, 5 kg;4.28;21.4;0.5564;7610632977132;0;0;1;;
90032159;63948309;2026-05-06;BGH;Früchte + Gemüse;291;000079;1;;St;Ifco LiftLock;3.2;3.2;0;2000007960008;0;0;0;;
90032159;63948309;2026-05-06;BGH;Früchte + Gemüse;300;044715;8;;St;Salanova Multiblatt assortiert, 8 St;2.5;160;4.16;7610632963678;0;0;1;;
90032159;63948309;2026-05-06;BGH;Früchte + Gemüse;301;000079;8;;St;Ifco LiftLock;3.2;25.6;0;2000007960008;0;0;0;;
90032159;63948309;2026-05-06;BGH;Früchte + Gemüse;310;092960;1;;kg;Quality Morcheln, TK, 2 x 1 kg;40.57;81.14;2.10964;7610034505896;0;0;1;;
90032159;63948309;2026-05-06;BGH;Früchte + Gemüse;320;040329;1;;Bt;Basilikum, 1 kg;29.69;29.69;0.77194;7610632989975;0;0;1;;
90032159;63948309;2026-05-06;BGH;Metzgerei;330;001976;1;13.355;kg;Quality GGAP Lachs Filet, mit Haut, grätenarm, ca. 1,0 - 1,4 kg;20.9;279.1195;7.257107;97610162230489;0;0;1;;
90032159;63948309;2026-05-06;BGH;Metzgerei;340;068141;2;;kg;Economy ASC Crevetten Black Tiger, easy peel, entdarmt, 8/12, tiefgekühlt, 1 kg;18.9;37.8;0.9828;7610034523524;0;0;7;;
90032159;63948309;2026-05-06;BGH;Nonfood;350;999530;2;;Pk;Kassenrolle 76/70/17 mm, Pack zu 10 Rollen;11.97;23.94;1.93914;7610588111130;0;0;2;;
90032159;63948309;2026-05-06;BGH;Nonfood;360;999640;3;;Pk;Thermorolle  57/28/8 mm, Pack zu 5 Rollen;4.15;12.45;1.00845;7610588111123;0;0;2;;
90032159;63948309;2026-05-06;BGH;Nonfood;370;999610;2;;Pk;Thermorolle  80/80/12 mm, Pack zu 5 Rollen;9.98;19.96;1.61676;7610588111086;0;0;2;;
90032159;63948309;2026-05-06;BGH;Früchte + Gemüse;380;000079;3;;St;Ifco LiftLock;3.2;9.6;0;2000007960008;0;0;0;;
90032159;63948309;2026-05-06;BGH;Früchte + Gemüse;390;000079;6;;St;Ifco LiftLock;3.2;19.2;0;2000007960008;0;0;0;;
90032159;63941583;2026-05-02;BGH;Früchte + Gemüse;10;000079;-29;;St;Ifco LiftLock;3.2;-92.8;0;2000007960008;0;0;0;;
90032159;63941583;2026-05-02;BGH;Früchte + Gemüse;10;044715;8;;St;Salanova Multiblatt assortiert, 8 St;1.78;113.92;2.96192;7610632963678;0;1;1;;
90032159;63941583;2026-05-02;BGH;Food;10;213411;1;;kg;Economy Spaghetti, 5 kg;1.59;7.95;0.2067;4388040200779;0;0;1;;
90032159;63941583;2026-05-02;BGH;Food;10;511101;2;;Gl;Quality Kapernäpfel mit Stiel, 1,695 kg;21.7;43.4;1.1284;7610034524897;0;0;1;;
90032159;63941583;2026-05-02;BGH;Nonfood;10;930270;5;;Pk;VC999 Vakuumbeutel, 90 µm, 160 x 210 mm, Pack zu 100 Stück;5.09;25.45;2.06145;7640144910204;0;1;2;;
90032159;63941583;2026-05-02;BGH;Früchte + Gemüse;11;000079;8;;St;Ifco LiftLock;3.2;25.6;0;2000007960008;0;0;0;;
90032159;63941583;2026-05-02;BGH;Früchte + Gemüse;20;040026;3;;Tt;Raclette Kartoffeln, 2,5 kg;4.11;12.33;0.32058;7613399023012;0;0;1;;
90032159;63941583;2026-05-02;BGH;Food;20;100080;1;;Lt;Quality Rapsöl, 20 l;3.49;69.8;1.8148;7610034515147;0;1;1;;
90032159;63941583;2026-05-02;BGH;Nonfood;20;930430;4;;Pk;VC999 Vakuumbeutel, 90 µm, 300 x 400 mm, Pack zu 100 Stück;16.59;66.36;5.37516;7640144910266;0;1;2;;
90032159;63941583;2026-05-02;BGH;Früchte + Gemüse;30;045005;1;3;kg;Spinat, 3 kg;6.07;18.21;0.47346;2904065999997;0;0;1;;
90032159;63941583;2026-05-02;BGH;Food;30;391050;1;;Ds;Quality Tomatenmark dreifach konzentriert, 6 x 800 g;4.24;25.44;0.66144;7610034509535;0;0;1;;
90032159;63941583;2026-05-02;BGH;Nonfood;30;930230;5;;Pk;VC999 Vakuumbeutel, 90 µm, 180 x 260 mm, Pack zu 100 Stück;6.79;33.95;2.74995;7640144910211;0;1;2;;
90032159;63941583;2026-05-02;BGH;Früchte + Gemüse;31;000079;1;;St;Ifco LiftLock;3.2;3.2;0;2000007960008;0;0;0;;
90032159;63941583;2026-05-02;BGH;Früchte + Gemüse;40;000079;3;;St;Ifco LiftLock;3.2;9.6;0;2000007960008;0;0;0;;
90032159;63941583;2026-05-02;BGH;Metzgerei;40;001976;1;6.275;kg;Quality GGAP Lachs Filet, mit Haut, grätenarm, ca. 1,0 - 1,4 kg;19.4;121.735;3.16511;97610162230489;0;0;1;;
90032159;63941583;2026-05-02;BGH;Food;40;511410;1;;Ds;Economy Sweet Corn - Maiskörner, 6 x 2,125 kg;5.14;30.84;0.80184;7610034526075;0;0;1;;
90032159;63941583;2026-05-02;BGH;Früchte + Gemüse;50;000079;1;;St;Ifco LiftLock;3.2;3.2;0;2000007960008;0;0;0;;
90032159;63941583;2026-05-02;BGH;Food;50;569390;1;;Ke;Hero Roux weiss Express glutenfrei, 2kg;29.27;29.27;0.76102;7614200104890;0;0;1;;
90032159;63941583;2026-05-02;BGH;Food;60;125410;1;;Lt;Economy Olivenöl extra vergine Spanien, 5 l;8.2;41;1.066;8413080025689;0;0;1;;
90032159;63941583;2026-05-02;BGH;Food;70;115081;1;;Lt;Quality Frito 2000 Gold, Frittieröl, 20 l;4.96;99.2;2.5792;7610034515079;0;0;1;;
90032159;63941583;2026-05-02;BGH;Food;80;235140;2;;Sa;Riso Gallo Arborio, 5 kg;34.58;69.16;1.79816;8001420000870;0;0;1;;
90032159;63941583;2026-05-02;BGH;Food;90;565650;2;;Kt;Heinz Tomato Ketchup, Beutel Cube, 100 x 20 g;19.72;39.44;1.02544;5413226100075;0;0;1;;
90032159;63941583;2026-05-02;BGH;Food;100;399030;1;;Gl;Pommery Senf Meaux, 500 g;11.81;11.81;0.30706;3158697781010;0;0;1;;
90032159;63941583;2026-05-02;BGH;Food;110;100431;2;;Fl;Blaze Balsamicosauce, dickflüssig, 380 ml;7.6;15.2;0.3952;8015352303909;0;1;1;;
90032159;63941583;2026-05-02;BGH;Nearfood;120;992830;4;;Kt;Quality Handtuch W-Falz, 2-lagig, weiss, 15 x 125 St;29.39;117.56;9.52236;7610034509610;0;1;3;;
90032159;63941583;2026-05-02;BGH;Nearfood;130;813141;1;;Bi;Topmatic Plus Geschirrspülmittel, 25 kg;327.2;327.2;26.5032;4028159012190;0;0;2;;
90032159;63941583;2026-05-02;BGH;Molkerei/Backwaren;140;096261;4;;Pk;Quality Vollei flüssig Import, Bodenhaltung, pasteurisiert, 1 kg;7.8;31.2;0.8112;7610034507609;0;0;1;;
90032159;63941583;2026-05-02;BGH;Molkerei/Backwaren;150;024440;1;;Tp;Quality Vollrahm 35%, UHT, 12 x 1 l;5.9;70.8;1.8408;7610034505315;0;0;1;;
90032159;63941583;2026-05-02;BGH;Molkerei/Backwaren;160;025040;1;;Kt;Quality Kaffeerahm Portionen 15%, UHT, 200 x 12 g;11.3;11.3;0.2938;7610034505124;0;0;1;;
90032159;63941583;2026-05-02;BGH;Früchte + Gemüse;170;045707;1;;kg;Zucchetti, 5 kg;2.26;11.3;0.2938;7610632980545;0;0;1;;
90032159;63941583;2026-05-02;BGH;Früchte + Gemüse;180;040454;1;7.03;kg;Blumenkohl, ca. 7,5 kg;4.17;29.3151;0.7621926;2903704999992;0;0;1;;
90032159;63941583;2026-05-02;BGH;Früchte + Gemüse;181;000079;1;;St;Ifco LiftLock;3.2;3.2;0;2000007960008;0;0;0;;
90032159;63941583;2026-05-02;BGH;Früchte + Gemüse;190;040674;1;6;kg;Broccoli, ca. 6 kg;2.95;17.7;0.4602;2903734999993;0;1;1;;
90032159;63941583;2026-05-02;BGH;Früchte + Gemüse;191;000079;1;;St;Ifco LiftLock;3.2;3.2;0;2000007960008;0;0;0;;
90032159;63941583;2026-05-02;BGH;Früchte + Gemüse;200;044664;1;5;kg;Karotten Pfälzer gelb gewaschen, 5 kg;2.68;13.4;0.3484;2992584999994;0;0;1;;
90032159;63941583;2026-05-02;BGH;Früchte + Gemüse;201;000079;1;;St;Ifco LiftLock;3.2;3.2;0;2000007960008;0;0;0;;
90032159;63941583;2026-05-02;BGH;Früchte + Gemüse;210;040257;1;;kg;Auberginen, 5 kg;2.68;13.4;0.3484;7610632977958;0;0;1;;
90032159;63941583;2026-05-02;BGH;Früchte + Gemüse;220;044411;1;;Bd;Spargeln weiss, 18 mm+, 6 x 1 kg;7.6;45.6;1.1856;7628072012351;0;1;1;;
90032159;63941583;2026-05-02;BGH;Früchte + Gemüse;230;044980;5;;Bd;Spargeln grün, Europa, 1 kg;10.23;51.15;1.3299;8437000507161;0;0;1;;
90032159;63941583;2026-05-02;BGH;Früchte + Gemüse;240;041556;5;;Ne;Eschalotten, gepackt, 1 kg;4.17;20.85;0.5421;7610632974964;0;0;1;;
90032159;63941583;2026-05-02;BGH;Früchte + Gemüse;250;047118;3;;kg;Erdbeeren Extra, 1 kg;6.13;18.39;0.47814;8437001876228;0;0;1;;
90032159;63941583;2026-05-02;BGH;Früchte + Gemüse;260;047247;1;;St;Feigen frisch, 6 St;1.9;11.4;0.2964;7610632000922;0;0;1;;
90032159;63941583;2026-05-02;BGH;Früchte + Gemüse;270;049135;4;;kg;Champignons weiss, frisch, 1 kg;8.53;34.12;0.88712;7610632995211;0;0;1;;
90032159;63941583;2026-05-02;BGH;Früchte + Gemüse;280;044156;1;;Bt;Petersilie gekraust, gepackt, 500 g;7.38;7.38;0.19188;7610632995082;0;0;1;;
90032159;63941583;2026-05-02;BGH;Metzgerei;290;071911;1;;kg;Quality Chicken Nuggets Premium, paniert, frittiert, tiefgekühlt, Polen, 2 kg;15.9;31.8;0.8268;7610162403590;0;0;7;;
90032159;63941583;2026-05-02;BGH;Metzgerei;300;085662;1;1.021;kg;Bauernspeck schwarz 1/2 ohne Schwarte/Knorpel, ca. 900g;32.3;32.9783;0.8574358;2943444999999;0;0;1;;
90032159;63941583;2026-05-02;BGH;Metzgerei;310;087443;2;0.877;kg;Appenzeller Mostbröckli 1/2, IGP, ca. 450 g;63.9;56.0403;1.4570478;2976861999990;0;0;1;;
90032159;63941583;2026-05-02;BGH;Früchte + Gemüse;320;000079;2;;St;Ifco LiftLock;3.2;6.4;0;2000007960008;0;0;0;;
90032159;63931671;2026-04-29;BGH;Früchte + Gemüse;10;000079;-39;;St;Ifco LiftLock;3.2;-124.8;0;2000007960008;0;0;0;;
90032159;63931671;2026-04-29;BGH;Food;10;410250;1;;kg;Barilla Hörnli, 5 kg;3.76;18.8;0.4888;8076809528382;0;0;1;;
90032159;63931671;2026-04-29;BGH;Food;20;438011;2;;Sc;Picosa Antipasti Piccadolce mit Frischkäse, 1,1 kg;39.32;78.64;2.04464;7610473001614;0;0;1;;
90032159;63931671;2026-04-29;BGH;Früchte + Gemüse;30;044549;1;;kg;Rucola / Rauke, 1 kg;13.45;13.45;0.3497;7610632992456;0;0;1;;
90032159;63931671;2026-04-29;BGH;Molkerei/Backwaren;40;024673;2;;Ke;Quality Crème Fraîche, Sauerrahm 35%, 2,5 kg;24.76;49.52;1.28752;7610034514973;0;0;1;;
90032159;63931671;2026-04-29;BGH;Nearfood;50;975792;2;;Pk;Quality Einweghandschuhe Nitril, Grösse L, schwarz, 100 St;8.9;17.8;1.4418;7610034546639;0;0;2;;
90032159;63931671;2026-04-29;BGH;Nearfood;60;975802;4;;Pk;Quality Einweghandschuhe Nitril, Grösse XL, schwarz, 100 St;9.97;39.88;3.23028;7610034546646;0;0;2;;
90032159;63931671;2026-04-29;BGH;Food;70;349611;2;;Kt;Hardy's Hüppen Topolinos, 300 Stück;33.5;67;1.742;7610666001025;0;0;1;;
90032159;63931671;2026-04-29;BGH;Food;80;372081;2;;Bt;Quality Mandeln gehobelt, 1 kg;15.76;31.52;0.81952;7610034535121;0;0;1;;
90032159;63931671;2026-04-29;BGH;Food;90;428120;2;;Fl;Nectaflor Blütenhonig, 2,8 kg;30.22;60.44;1.57144;7610184010080;0;0;1;;
90032159;63931671;2026-04-29;BGH;Früchte + Gemüse;100;048787;1;;kg;Trauben gemischt weiss / blau, 5 kg;6.13;30.65;0.7969;7610632261217;0;0;1;;
90032159;63931671;2026-04-29;BGH;Food;110;235440;1;;Lt;Quality Weissweinessig 4.5°, 10 l;2.84;28.4;0.7384;7610034516724;0;0;1;;
90032159;63931671;2026-04-29;BGH;Wein;120;611120;1;;Bx;Monvallon Vin Blanc, 10 l BiB;16.59;16.59;1.34379;7610593415353;0;1;3;;
90032159;63931671;2026-04-29;BGH;Food;130;235140;2;;Sa;Riso Gallo Arborio, 5 kg;34.58;69.16;1.79816;8001420000870;0;0;1;;
90032159;63931671;2026-04-29;BGH;Food;140;100080;1;;Lt;Quality Rapsöl, 20 l;3.52;70.4;1.8304;7610034515147;0;0;1;;
90032159;63931671;2026-04-29;BGH;Food;150;111060;1;;Pk;Transgourmet Puderzucker, 6 x 500 g;1.71;10.26;0.26676;07610815093284;0;0;1;;
90032159;63931671;2026-04-29;BGH;Food;160;512710;1;;Ds;Quality Cayennepfeffer gemahlen, 350 g;7.68;7.68;0.19968;7610034519824;0;0;1;;
90032159;63931671;2026-04-29;BGH;Metzgerei;170;085662;1;1.408;kg;Bauernspeck schwarz 1/2 ohne Schwarte/Knorpel, ca. 900g;32.3;45.4784;1.1824384;2943444999999;0;0;1;;
90032159;63931671;2026-04-29;BGH;Metzgerei;180;081540;2;6.44;kg;Quality Bratspeck ohne Schwarte, ohne Knorpel, 1/1, ca. 3 kg;12.99;83.6556;2.1750456;2945670999996;0;1;1;;
90032159;63931671;2026-04-29;BGH;Molkerei/Backwaren;190;010436;2;3.323;kg;Quality Emmentaler AOP, ca. 1,5 kg;14.5;48.1835;1.252771;2900196999998;0;0;1;;
90032159;63931671;2026-04-29;BGH;Molkerei/Backwaren;200;013702;2;6.475;kg;Quality Raclette, eckig, 1/2 Laib ca. 3,2 kg;10.93;70.77175;1.8400655;2953272999993;0;0;1;;
90032159;63931671;2026-04-29;BGH;Früchte + Gemüse;210;040174;2;;kg;Kartoffeln ganz, roh, geschält, festkochend, 5 kg;3.33;33.3;0.8658;7613399037231;0;0;1;;
90032159;63931671;2026-04-29;BGH;Früchte + Gemüse;220;044716;7;;St;Salanova Multiblatt mix, 8 St;1.78;99.68;2.59168;7610632967737;0;1;1;;
90032159;63931671;2026-04-29;BGH;Früchte + Gemüse;221;000079;7;;St;Ifco LiftLock;3.2;22.4;0;2000007960008;0;0;0;;
90032159;63931671;2026-04-29;BGH;Molkerei/Backwaren;230;027310;1;;kg;Economy Butter, 10 x 1 kg;13.35;133.5;3.471;7610034508224;0;0;1;;
90032159;63931671;2026-04-29;BGH;Molkerei/Backwaren;240;010201;2;;Bt;Economy Gran Moravia, gerieben, 1 kg;15.79;31.58;0.82108;4388040201158;0;0;7;;
90032159;63931671;2026-04-29;BGH;Food;250;391272;1;;Ke;Economy Ketchup, 5 kg;11.19;11.19;0.29094;9010054126930;0;0;1;;
90032159;63931671;2026-04-29;BGH;Früchte + Gemüse;260;048827;1;;kg;Zitronen, 6 kg;3.45;20.7;0.5382;7610632320723;0;0;1;;
90032159;63931671;2026-04-29;BGH;Früchte + Gemüse;261;000079;1;;St;Ifco LiftLock;3.2;3.2;0;2000007960008;0;0;0;;
90032159;63931671;2026-04-29;BGH;Früchte + Gemüse;270;040257;2;;kg;Auberginen, 5 kg;2.68;26.8;0.6968;7610632977958;0;0;1;;
90032159;63931671;2026-04-29;BGH;Früchte + Gemüse;280;045707;2;;kg;Zucchetti, 5 kg;1.75;17.5;0.455;7610632980545;0;1;1;;
90032159;63931671;2026-04-29;BGH;Früchte + Gemüse;290;044611;2;;kg;Rüebli / Karotten Gastro, gewaschen, Inland, 10 kg;1.73;34.6;0.8996;7628072012832;0;0;1;;
90032159;63931671;2026-04-29;BGH;Früchte + Gemüse;291;000079;2;;St;Ifco LiftLock;3.2;6.4;0;2000007960008;0;0;0;;
90032159;63931671;2026-04-29;BGH;Früchte + Gemüse;300;045882;1;;kg;Zwiebeln gross, 10 kg;1.64;16.4;0.4264;7628072003557;0;0;7;;
90032159;63931671;2026-04-29;BGH;Früchte + Gemüse;301;000079;1;;St;Ifco LiftLock;3.2;3.2;0;2000007960008;0;0;0;;
90032159;63931671;2026-04-29;BGH;Früchte + Gemüse;310;040972;3;;kg;Cherry Rispentomaten, 3 kg;8.75;78.75;2.0475;7610632984666;0;0;1;;
90032159;63931671;2026-04-29;BGH;Früchte + Gemüse;311;000079;3;;St;Ifco LiftLock;3.2;9.6;0;2000007960008;0;0;0;;
90032159;63931671;2026-04-29;BGH;Früchte + Gemüse;320;045358;1;;kg;Tomaten mit Rispen Import, 5 kg;2.85;14.25;0.3705;7610632977002;0;1;1;;
90032159;63931671;2026-04-29;BGH;Früchte + Gemüse;330;049135;3;;kg;Champignons weiss, frisch, 1 kg;8.53;25.59;0.66534;7610632995211;0;0;1;;
90032159;63931671;2026-04-29;BGH;Früchte + Gemüse;340;044981;2;;Bd;Spargeln grün Bund, Europa, 6 x 1 kg;7.75;93;2.418;7610632975497;0;1;1;;
90032159;63931671;2026-04-29;BGH;Früchte + Gemüse;350;044411;1;;Bd;Spargeln weiss, 18 mm+, 6 x 1 kg;9.28;55.68;1.44768;7628072012351;0;0;1;;
90032159;63931671;2026-04-29;BGH;Früchte + Gemüse;360;047753;2;2;kg;Limetten / Limes, ca. 1 kg;3.55;7.1;0.1846;2905053999999;0;0;1;;
90032159;63931671;2026-04-29;BGH;Molkerei/Backwaren;370;024440;1;;Tp;Quality Vollrahm 35%, UHT, 12 x 1 l;5.9;70.8;1.8408;7610034505315;0;0;1;;
90032159;63931671;2026-04-29;BGH;Molkerei/Backwaren;380;022600;1;;Tp;Quality Vollmilch 3,5%, UHT, 12 x 1 l;1.28;15.36;0.39936;7610034507807;0;0;1;;
90032159;63931671;2026-04-29;BGH;Molkerei/Backwaren;390;010131;1;;Pk;Berner Alphobelkäse AOP, gerollt, 600 g;27.95;27.95;0.7267;7600400001121;0;0;1;;
90032159;63931671;2026-04-29;BGH;Food;400;345771;1;;Bt;American Sandwich Toast nature, 7 x 825 g;3.75;26.25;0.6825;83228850000596;0;1;1;;
90032159;63931671;2026-04-29;BGH;Food;410;399030;2;;Gl;Pommery Senf Meaux, 500 g;11.81;23.62;0.61412;3158697781010;0;0;1;;
90032159;63931671;2026-04-29;BGH;Metzgerei;430;068481;3;;kg;Seafood Cocktail, blanchiert, tiefgekühlt, 1 kg;11.7;35.1;0.9126;5702008224697;0;0;1;;
90032159;63931671;2026-04-29;BGH;Früchte + Gemüse;440;000079;3;;St;Ifco LiftLock;3.2;9.6;0;2000007960008;0;0;0;;
90032159;63931671;2026-04-29;BGH;Früchte + Gemüse;450;000079;4;;St;Ifco LiftLock;3.2;12.8;0;2000007960008;0;0;0;;
90032159;63929502;2026-04-28;BGH;Metzgerei;10;061439;-8;-7.031;kg;Poulet Cordon-bleu Premium, mit Pouletschinken, nature, 5 x ca. 170 g;26.49;-186.25119;-4.84253094;2935441999997;0;1;1;;
90032159;63925467;2026-04-25;BGH;Früchte + Gemüse;10;000079;-18;;St;Ifco LiftLock;3.2;-57.6;0;2000007960008;0;0;0;;
90032159;63925467;2026-04-25;BGH;Früchte + Gemüse;10;091430;1;;kg;Kadi Rösti-Croquettes, TK, 2 x 2,5 kg;6.25;31.25;0.8125;7610314409210;0;1;1;;
90032159;63925467;2026-04-25;BGH;Food;10;235140;-1;;Sa;Riso Gallo Arborio, 5 kg;34.58;-34.58;-0.89908;8001420000870;0;0;1;;
90032159;63925467;2026-04-25;BGH;Food;10;564040;2;;Gl;Bosco d'oro Carpaccio, aus Sommertrüffeln, schwarz, 45 g;18.93;37.86;0.98436;8032680690549;0;0;1;;
90032159;63925467;2026-04-25;BGH;Metzgerei;20;054886;2;10.038;kg;Rinds-Voressen II, ca. 5 kg;17.99;180.58362;4.69517412;2906422999992;0;1;1;;
90032159;63925467;2026-04-25;BGH;Food;20;235140;2;;Sa;Riso Gallo Arborio, 5 kg;34.58;69.16;1.79816;8001420000870;0;0;1;;
90032159;63925467;2026-04-25;BGH;Metzgerei;30;002066;4;20.255;kg;Rinds-Entrecote, ca. 5 kg;35.99;728.97745;18.9534137;97610011014680;0;1;1;;
90032159;63925467;2026-04-25;BGH;Food;30;391220;1;;Ds;Economy Birnenhälften, in Sirup, 4,2 kg;10.62;10.62;0.27612;7610034513310;0;0;1;;
90032159;63925467;2026-04-25;BGH;Metzgerei;40;061439;8;7.031;kg;Poulet Cordon-bleu Premium, mit Pouletschinken, nature, 5 x ca. 170 g;26.49;186.25119;4.84253094;2935441999997;0;1;1;;
90032159;63925467;2026-04-25;BGH;Food;40;115081;1;;Lt;Quality Frito 2000 Gold, Frittieröl, 20 l;4.96;99.2;2.5792;7610034515079;0;0;1;;
90032159;63925467;2026-04-25;BGH;Metzgerei;50;002109;2;6.057;kg;Schweins-Nierstück, lang, ca. 3 kg;15.5;93.8835;2.440971;97610011597893;0;0;1;;
90032159;63925467;2026-04-25;BGH;Food;50;228001;1;;Pk;Weissmehl, 10 x 1 kg;1.27;12.7;0.3302;7610803013430;0;1;1;;
90032159;63925467;2026-04-25;BGH;Metzgerei;60;061172;7;;St;Bell Käsewurst 5 x 150 g;2.9;101.5;2.639;7610494037975;0;0;1;;
90032159;63925467;2026-04-25;BGH;Food;60;681651;2;;Fl;Hero Topping Schokolade, 1 kg;8.5;17;0.442;7610382661756;0;0;1;;
90032159;63925467;2026-04-25;BGH;Früchte + Gemüse;70;000079;8;;St;Ifco LiftLock;3.2;25.6;0;2000007960008;0;0;0;;
90032159;63925467;2026-04-25;BGH;Food;70;512590;1;;Ds;Quality Paprika mild, 380 g;9.61;9.61;0.24986;7610034518919;0;0;1;;
90032159;63925467;2026-04-25;BGH;Food;80;201530;1;;Fl;Sriracha Hot Chilli Sauce, 815 g;5.39;5.39;0.14014;016229912420;0;0;1;;
90032159;63925467;2026-04-25;BGH;Food;90;565650;1;;Kt;Heinz Tomato Ketchup, Beutel Cube, 100 x 20 g;19.72;19.72;0.51272;5413226100075;0;0;1;;
90032159;63925467;2026-04-25;BGH;Food;100;510190;1;;Kt;Quality Mayonnaise Portionen, 100 x 17 g;16.59;16.59;0.43134;7610034516588;0;1;1;;
90032159;63925467;2026-04-25;BGH;Food;110;391251;1;;Ke;Economy Salat-Mayonnaise, 9,4 kg;30.03;30.03;0.78078;7610034511705;0;0;1;;
90032159;63925467;2026-04-25;BGH;Food;120;345771;1;;Bt;American Sandwich Toast nature, 7 x 825 g;3.75;26.25;0.6825;83228850000596;0;1;1;;
90032159;63925467;2026-04-25;BGH;Food;130;569390;1;;Ke;Hero Roux weiss Express glutenfrei, 2kg;29.27;29.27;0.76102;7614200104890;0;0;1;;
90032159;63925467;2026-04-25;BGH;Food;140;200520;3;;Fl;Stein's Best Smokey Barbecue Sauce, 500 ml;5.9;17.7;0.4602;7611400927250;0;1;1;;
90032159;63925467;2026-04-25;BGH;Food;150;580700;1;;kg;Le Dragon Siam Jasmin Reis, 10 kg;2.59;25.9;0.6734;7610294750128;0;0;1;;
90032159;63925467;2026-04-25;BGH;Nearfood;160;819941;1;;Fl;Greasecutter Fast Foam, Grillreniger und Fettlöser, 4 x 750 ml;28;112;9.072;4028159052813;0;0;3;;
90032159;63925467;2026-04-25;BGH;Wein;170;639240;1;;Bx;Montagne Belle Allure Vin Rouge, 10 l BiB;16.59;16.59;1.34379;7610593204872;0;1;3;;
90032159;63925467;2026-04-25;BGH;Molkerei/Backwaren;180;010455;1;2.289;kg;Cremo Greyerzer AOP, classic, ca. 2 kg;16.91;38.70699;1.00638174;2987945999997;0;0;1;;
90032159;63925467;2026-04-25;BGH;Molkerei/Backwaren;190;024440;2;;Tp;Quality Vollrahm 35%, UHT, 12 x 1 l;5.9;141.6;3.6816;7610034505315;0;0;1;;
90032159;63925467;2026-04-25;BGH;Molkerei/Backwaren;200;022600;1;;Tp;Quality Vollmilch 3,5%, UHT, 12 x 1 l;1.28;15.36;0.39936;7610034507807;0;0;1;;
90032159;63925467;2026-04-25;BGH;Molkerei/Backwaren;210;025040;2;;Kt;Quality Kaffeerahm Portionen 15%, UHT, 200 x 12 g;11.07;22.14;0.57564;7610034505124;0;0;1;;
90032159;63925467;2026-04-25;BGH;Molkerei/Backwaren;220;027310;1;;kg;Economy Butter, 10 x 1 kg;13.35;133.5;3.471;7610034508224;0;0;1;;
90032159;63925467;2026-04-25;BGH;Molkerei/Backwaren;230;020510;1;;Sc;Züger Bio Ricotta, 1,5 kg;12.43;12.43;0.32318;7640101090178;0;0;1;;
90032159;63925467;2026-04-25;BGH;Molkerei/Backwaren;240;027970;1;;St;Knorr Garde d'Or Sauce Hollandaise, 6 x 1 l;7.76;46.56;1.21056;08712566717637;0;1;1;;
90032159;63925467;2026-04-25;BGH;Molkerei/Backwaren;250;016601;1;;kg;Quality Grana Padano DOP, gerieben, 1 kg;16.24;16.24;0.42224;4388040340352;0;0;7;;
90032159;63925467;2026-04-25;BGH;Molkerei/Backwaren;260;016781;2;;Sc;Quality Grana Padano DOP, Flocken, 500 g;9.77;19.54;0.50804;2001678190008;0;0;7;;
90032159;63925467;2026-04-25;BGH;Molkerei/Backwaren;270;096261;5;;Pk;Quality Vollei flüssig Import, Bodenhaltung, pasteurisiert, 1 kg;7.8;39;1.014;7610034507609;0;0;1;;
90032159;63925467;2026-04-25;BGH;Molkerei/Backwaren;280;096281;2;;Pk;Quality Konditor Eiweiss flüssig Import, Bodenhaltung, pasteurisiert, 1 kg;6.1;12.2;0.3172;7610034508811;0;0;1;;
90032159;63925467;2026-04-25;BGH;Molkerei/Backwaren;290;013702;2;6.365;kg;Quality Raclette, eckig, 1/2 Laib ca. 3,2 kg;10.93;69.56945;1.8088057;2953272999993;0;0;1;;
90032159;63925467;2026-04-25;BGH;Früchte + Gemüse;300;043598;1;;Bt;Minze, 250 g;8.81;8.81;0.22906;7610632977873;0;0;1;;
90032159;63925467;2026-04-25;BGH;Früchte + Gemüse;310;040329;1;;Bt;Basilikum, 1 kg;29.69;29.69;0.77194;7610632989975;0;0;1;;
90032159;63925467;2026-04-25;BGH;Früchte + Gemüse;320;044861;1;3.11;kg;Knollensellerie gepackt, 3 St ca. 2,4 kg;3.21;9.9831;0.2595606;2904751999997;0;0;1;;
90032159;63925467;2026-04-25;BGH;Früchte + Gemüse;330;044919;1;;kg;Premium Spargeln weiss Donau 22+, 5 kg;11.95;59.75;1.5535;7610632967720;0;1;1;;
90032159;63925467;2026-04-25;BGH;Früchte + Gemüse;340;044980;15;;Bd;Spargeln grün, Europa, 1 kg;8.25;123.75;3.2175;8437000507161;0;1;1;;
90032159;63925467;2026-04-25;BGH;Früchte + Gemüse;350;044715;7;;St;Salanova Multiblatt assortiert, 8 St;1.78;99.68;2.59168;7610632963678;0;1;1;;
90032159;63925467;2026-04-25;BGH;Früchte + Gemüse;351;000079;7;;St;Ifco LiftLock;3.2;22.4;0;2000007960008;0;0;0;;
90032159;63925467;2026-04-25;BGH;Früchte + Gemüse;360;045707;1;;kg;Zucchetti, 5 kg;1.75;8.75;0.2275;7610632980545;0;1;1;;
90032159;63925467;2026-04-25;BGH;Früchte + Gemüse;370;048827;1;;kg;Zitronen, 6 kg;3.45;20.7;0.5382;7610632320723;0;0;1;;
90032159;63925467;2026-04-25;BGH;Früchte + Gemüse;371;000079;1;;St;Ifco LiftLock;3.2;3.2;0;2000007960008;0;0;0;;
90032159;63925467;2026-04-25;BGH;Früchte + Gemüse;380;040968;3;;kg;Cherry Tomaten Rispen, 3 kg;8.75;78.75;2.0475;7610632949894;0;0;1;;
90032159;63925467;2026-04-25;BGH;Früchte + Gemüse;390;040026;4;;Tt;Raclette Kartoffeln, 2,5 kg;4.11;16.44;0.42744;7613399023012;0;0;1;;
90032159;63925467;2026-04-25;BGH;Früchte + Gemüse;400;041217;2;;Bd;Cipollotte / Bundzwiebeln, gepackt, 2 Bund, ca. 3 St;2.56;10.24;0.26624;7610632974995;0;0;1;;
90032159;63925467;2026-04-25;BGH;Früchte + Gemüse;410;040454;1;6.98;kg;Blumenkohl, ca. 7,5 kg;4.4;30.712;0.798512;2903704999992;0;0;1;;
90032159;63925467;2026-04-25;BGH;Früchte + Gemüse;411;000079;1;;St;Ifco LiftLock;3.2;3.2;0;2000007960008;0;0;0;;
90032159;63925467;2026-04-25;BGH;Früchte + Gemüse;420;040674;1;6;kg;Broccoli, ca. 6 kg;4.88;29.28;0.76128;2903734999993;0;0;1;;
90032159;63925467;2026-04-25;BGH;Früchte + Gemüse;421;000079;1;;St;Ifco LiftLock;3.2;3.2;0;2000007960008;0;0;0;;
90032159;63925467;2026-04-25;BGH;Früchte + Gemüse;430;040257;1;;kg;Auberginen, 5 kg;2.86;14.3;0.3718;7610632977958;0;0;1;;
90032159;63925467;2026-04-25;BGH;Früchte + Gemüse;440;042020;2;;St;Gurken 400 - 500 g / St, 4 St;1.37;10.96;0.28496;7610632994153;0;0;1;;
90032159;63925467;2026-04-25;BGH;Früchte + Gemüse;450;044747;2;;Bd;Schnittlauch gebündelt, 2 Bund à 100 g;5.71;22.84;0.59384;7640108600066;0;0;1;;
90032159;63925467;2026-04-25;BGH;Früchte + Gemüse;460;044156;2;;Bt;Petersilie gekraust, gepackt, 500 g;7.38;14.76;0.38376;7610632995082;0;0;1;;
90032159;63925467;2026-04-25;BGH;Früchte + Gemüse;470;044538;1;;Bt;Rosmarin, 250 g;8.81;8.81;0.22906;7610632969816;0;0;1;;
90032159;63925467;2026-04-25;BGH;Früchte + Gemüse;480;049135;3;;kg;Champignons weiss, frisch, 1 kg;8.53;25.59;0.66534;7610632995211;0;0;1;;
90032159;63925467;2026-04-25;BGH;Früchte + Gemüse;490;044107;1;;kg;Peperoni Tricolor, Import, 5 kg;4.88;24.4;0.6344;7610632977132;0;0;1;;
90032159;63925467;2026-04-25;BGH;Früchte + Gemüse;491;000079;1;;St;Ifco LiftLock;3.2;3.2;0;2000007960008;0;0;0;;
90032159;63925467;2026-04-25;BGH;Früchte + Gemüse;500;046594;2;;Be;Avocado Purée / Guacamole, 500 g;6.9;13.8;0.3588;8436008521063;0;0;1;;
90032159;63925467;2026-04-25;BGH;Früchte + Gemüse;510;047118;2;;kg;Erdbeeren Extra, 1 kg;4.7;9.4;0.2444;8437001876228;0;1;1;;
90032159;63925467;2026-04-25;BGH;Früchte + Gemüse;520;041229;1;;Bt;Dill, 250 g;8.81;8.81;0.22906;7610632971932;0;0;1;;
90032159;63925467;2026-04-25;BGH;Früchte + Gemüse;530;040171;2;;kg;Kartoffeln ganz, roh, geschält, mehligkochend, 5 kg;3.33;33.3;0.8658;7613399037255;0;0;1;;
90032159;63925467;2026-04-25;BGH;Früchte + Gemüse;540;004160;1;;kg;Ditzler Asia-Mix Gemüsemischung, TK, 2 x 2,5 kg;6.15;30.75;0.7995;7610247606595;0;1;1;;
90032159;63925467;2026-04-25;BGH;Metzgerei;550;086713;2;3.719;kg;Bell Schwarzwald Rohschinken 1/2 ca. 1,5 kg;21.5;79.9585;2.078921;2992423999994;0;0;1;;
90032159;63925467;2026-04-25;BGH;Metzgerei;560;068141;5;;kg;Economy ASC Crevetten Black Tiger, easy peel, entdarmt, 8/12, tiefgekühlt, 1 kg;18.9;94.5;2.457;7610034523524;0;0;7;;
90032159;63925467;2026-04-25;BGH;Metzgerei;570;081540;2;6.29;kg;Quality Bratspeck ohne Schwarte, ohne Knorpel, 1/1, ca. 3 kg;12.99;81.7071;2.1243846;2945670999996;0;1;1;;
90032159;63925467;2026-04-25;BGH;Metzgerei;580;087443;1;0.621;kg;Appenzeller Mostbröckli 1/2, IGP, ca. 450 g;63.9;39.6819;1.0317294;2976861999990;0;0;1;;
90032159;63925467;2026-04-25;BGH;Nonfood;590;991261;4;;Pk;Alustar Alubox mit Deckel Take Away 0,9 l Pack zu 25 Stück;8.69;34.76;2.81556;7610222701468;0;1;2;;
90032159;63925467;2026-04-25;BGH;Früchte + Gemüse;600;000079;13;;St;Ifco LiftLock;3.2;41.6;0;2000007960008;0;0;0;;
90032159;63913604;2026-04-18;BGH;Früchte + Gemüse;10;000079;-20;;St;Ifco LiftLock;3.2;-64;0;2000007960008;0;0;0;;
90032159;63913604;2026-04-18;BGH;Metzgerei;10;002109;4;13.824;kg;Schweins-Nierstück, lang, ca. 3 kg;9.99;138.10176;3.59064576;97610011597893;0;1;1;;
90032159;63913604;2026-04-18;BGH;Food;10;510560;1;;Gl;Quality Gurken Längsschnitt, 6 x 1,6 kg;10.57;63.42;1.64892;7610034525436;0;0;1;;
90032159;63913604;2026-04-18;BGH;Food;20;591117;1;;Ke;Valenzi Wildpreiselbeeren, 2 kg;15.01;15.01;0.39026;4100240150094;0;0;1;;
90032159;63913604;2026-04-18;BGH;Food;30;115081;1;;Lt;Quality Frito 2000 Gold, Frittieröl, 20 l;3.99;79.8;2.0748;7610034515079;0;1;1;;
90032159;63913604;2026-04-18;BGH;Food;40;102971;2;;kg;Economy Paniermehl, 5 kg;2.24;22.4;0.5824;4388040255021;0;0;1;;
90032159;63913604;2026-04-18;BGH;Food;50;448060;1;;Ds;Hilcona Randensalat gewürfelt, 3 kg;15.25;15.25;0.3965;7610227328127;0;0;1;;
90032159;63913604;2026-04-18;BGH;Food;60;125410;1;;Lt;Economy Olivenöl extra vergine Spanien, 5 l;7.98;39.9;1.0374;8413080025689;0;0;1;;
90032159;63913604;2026-04-18;BGH;Food;70;512440;1;;Bt;Quality Röstzwiebeln, 500 g;4.55;4.55;0.1183;4388040277375;0;1;1;;
90032159;63913604;2026-04-18;BGH;Nearfood;80;813141;1;;Bi;Topmatic Plus Geschirrspülmittel, 25 kg;238.99;238.99;19.35819;4028159012190;0;1;2;;
90032159;63913604;2026-04-18;BGH;Nearfood;90;813293;1;;Bi;Renolit Plus Fettlöser, 20 kg;248.99;248.99;20.16819;4028159036226;0;1;2;;
90032159;63913604;2026-04-18;BGH;Nearfood;100;993320;2;;Rl;Quality Wischtücher Midi, 2-lagig, weiss, 450 Blatt, 6 Rl;6.85;82.2;6.6582;7610034546196;0;0;3;;
90032159;63913604;2026-04-18;BGH;Spirituosen;110;661443;1;;Fl;Goldbrand Roidor 36%, 1 l;19.39;19.39;1.57059;7610034540125;0;0;8;;
90032159;63913604;2026-04-18;BGH;Molkerei/Backwaren;120;024440;2;;Tp;Quality Vollrahm 35%, UHT, 12 x 1 l;5.75;138;3.588;7610034505315;0;1;1;;
90032159;63913604;2026-04-18;BGH;Molkerei/Backwaren;130;022600;1;;Tp;Quality Vollmilch 3,5%, UHT, 12 x 1 l;1.28;15.36;0.39936;7610034507807;0;0;1;;
90032159;63913604;2026-04-18;BGH;Molkerei/Backwaren;140;027310;1;;kg;Economy Butter, 10 x 1 kg;13.35;133.5;3.471;7610034508224;0;0;1;;
90032159;63913604;2026-04-18;BGH;Molkerei/Backwaren;150;025040;2;;Kt;Quality Kaffeerahm Portionen 15%, UHT, 200 x 12 g;11.07;22.14;0.57564;7610034505124;0;0;1;;
90032159;63913604;2026-04-18;BGH;Molkerei/Backwaren;160;016601;1;;kg;Quality Grana Padano DOP, gerieben, 1 kg;16.24;16.24;0.42224;4388040340352;0;0;7;;
90032159;63913604;2026-04-18;BGH;Molkerei/Backwaren;170;019372;2;;St;Soignon Bûche de chèvre, Weichkäse, 1 kg;13.35;26.7;0.6942;3523237481000;0;1;1;;
90032159;63913604;2026-04-18;BGH;Molkerei/Backwaren;180;018780;1;;Be;Züger Mascarpone, 6 x 500 g;5.56;33.36;0.86736;7640101091274;0;0;1;;
90032159;63913604;2026-04-18;BGH;Früchte + Gemüse;190;092960;1;;kg;Quality Morcheln, TK, 2 x 1 kg;40.57;81.14;2.10964;7610034505896;0;0;1;;
90032159;63913604;2026-04-18;BGH;Früchte + Gemüse;200;043600;1;0.445;kg;Meerrettich, Stück zu ca. 200 g;15.83;7.04435;0.1831531;2903750999991;0;0;1;;
90032159;63913604;2026-04-18;BGH;Früchte + Gemüse;210;044980;5;;Bd;Spargeln grün, Europa, 1 kg;11.42;57.1;1.4846;8437000507161;0;0;1;;
90032159;63913604;2026-04-18;BGH;Früchte + Gemüse;220;044919;1;;kg;Premium Spargeln weiss Donau 22+, 5 kg;26.06;130.3;3.3878;7610632967720;0;0;1;;
90032159;63913604;2026-04-18;BGH;Früchte + Gemüse;230;040968;3;;kg;Cherry Tomaten Rispen, 3 kg;8.09;72.81;1.89306;7610632949894;0;0;1;;
90032159;63913604;2026-04-18;BGH;Früchte + Gemüse;240;044747;1;;Bd;Schnittlauch gebündelt, 2 Bund à 100 g;5.71;11.42;0.29692;7640108600066;0;0;1;;
90032159;63913604;2026-04-18;BGH;Früchte + Gemüse;250;048827;1;;kg;Zitronen, 6 kg;3.45;20.7;0.5382;7610632320723;0;0;1;;
90032159;63913604;2026-04-18;BGH;Früchte + Gemüse;251;000079;1;;St;Ifco LiftLock;3.2;3.2;0;2000007960008;0;0;0;;
90032159;63913604;2026-04-18;BGH;Früchte + Gemüse;260;040329;1;;Bt;Basilikum, 1 kg;29.69;29.69;0.77194;7610632989975;0;0;1;;
90032159;63913604;2026-04-18;BGH;Früchte + Gemüse;270;045186;1;;Bd;Thymian Bund, 80 g;4.22;4.22;0.10972;7610632942604;0;0;1;;
90032159;63913604;2026-04-18;BGH;Früchte + Gemüse;280;049135;5;;kg;Champignons weiss, frisch, 1 kg;8.53;42.65;1.1089;7610632995211;0;0;1;;
90032159;63913604;2026-04-18;BGH;Früchte + Gemüse;290;045707;1;;kg;Zucchetti, 5 kg;2.44;12.2;0.3172;7610632980545;0;0;1;;
90032159;63913604;2026-04-18;BGH;Früchte + Gemüse;300;044611;1;;kg;Rüebli / Karotten Gastro, gewaschen, Inland, 10 kg;1.73;17.3;0.4498;7628072012832;0;0;1;;
90032159;63913604;2026-04-18;BGH;Früchte + Gemüse;301;000079;1;;St;Ifco LiftLock;3.2;3.2;0;2000007960008;0;0;0;;
90032159;63913604;2026-04-18;BGH;Früchte + Gemüse;310;044715;6;;St;Salanova Multiblatt assortiert, 8 St;2.62;125.76;3.26976;7610632963678;0;0;1;;
90032159;63913604;2026-04-18;BGH;Früchte + Gemüse;311;000079;6;;St;Ifco LiftLock;3.2;19.2;0;2000007960008;0;0;0;;
90032159;63913604;2026-04-18;BGH;Früchte + Gemüse;320;045358;1;;kg;Tomaten mit Rispen Import, 5 kg;4.64;23.2;0.6032;7610632977002;0;0;1;;
90032159;63913604;2026-04-18;BGH;Früchte + Gemüse;330;047118;2;;kg;Erdbeeren Extra, 1 kg;6.78;13.56;0.35256;8437001876228;0;0;1;;
90032159;63913604;2026-04-18;BGH;Früchte + Gemüse;340;040174;1;;kg;Kartoffeln ganz, roh, geschält, festkochend, 5 kg;3.33;16.65;0.4329;7613399037231;0;0;1;;
90032159;63913604;2026-04-18;BGH;Früchte + Gemüse;350;046594;2;;Be;Avocado Purée / Guacamole, 500 g;5.7;11.4;0.2964;8436008521063;0;1;1;;
90032159;63913604;2026-04-18;BGH;Früchte + Gemüse;360;042303;1;7.005;kg;Kabis rot mittel, ca. 5 kg;2.2;15.411;0.400686;2904743999998;0;0;1;;
90032159;63913604;2026-04-18;BGH;Früchte + Gemüse;361;000079;1;;St;Ifco LiftLock;3.2;3.2;0;2000007960008;0;0;0;;
90032159;63913604;2026-04-18;BGH;Nonfood;370;901160;1;;Pk;VC999 Vakuumbeutel kochfest 90 µm, 150 x 200 mm, Pack zu 100 Stück;11.04;11.04;0.89424;7640144910051;0;0;2;;
90032159;63913604;2026-04-18;BGH;Früchte + Gemüse;380;000079;4;;St;Ifco LiftLock;3.2;12.8;0;2000007960008;0;0;0;;
90032159;63913604;2026-04-18;BGH;Früchte + Gemüse;390;000079;4;;St;Ifco LiftLock;3.2;12.8;0;2000007960008;0;0;0;;
90032159;63907858;2026-04-15;BGH;Früchte + Gemüse;10;000079;-15;;St;Ifco LiftLock;3.2;-48;0;2000007960008;0;0;0;;
90032159;63907858;2026-04-15;BGH;Food;10;569390;1;;Ke;Hero Roux weiss Express glutenfrei, 2kg;29.27;29.27;0.76102;7614200104890;0;0;1;;
90032159;63907858;2026-04-15;BGH;Food;20;342321;6;;Pk;Kambly Petit Beurre, 160 g;3.35;20.1;0.5226;7614800100001;0;0;1;;
90032159;63907858;2026-04-15;BGH;Food;30;235140;1;;Sa;Riso Gallo Arborio, 5 kg;29.5;29.5;0.767;8001420000870;0;1;1;;
90032159;63907858;2026-04-15;BGH;Food;40;428120;1;;Fl;Nectaflor Blütenhonig, 2,8 kg;30.22;30.22;0.78572;7610184010080;0;0;1;;
90032159;63907858;2026-04-15;BGH;Food;50;100080;1;;Lt;Quality Rapsöl, 20 l;3.52;70.4;1.8304;7610034515147;0;0;1;;
90032159;63907858;2026-04-15;BGH;Food;60;250712;1;;Pk;Maggi Polenta Ticines, 188 g;3.21;32.1;0.8346;7610100510311;0;0;7;;
90032159;63907858;2026-04-15;BGH;Nearfood;70;992830;1;;Kt;Quality Handtuch W-Falz, 2-lagig, weiss, 15 x 125 St;34.39;34.39;2.78559;7610034509610;0;0;3;;
90032159;63907858;2026-04-15;BGH;Nearfood;80;992093;2;;Pk;Quality Toilettenpapier, 4-lagig, weiss, 160 Blatt, 24 Rl;16.54;33.08;2.67948;7610034532120;0;0;3;;
90032159;63907858;2026-04-15;BGH;Wein;90;639240;1;;Bx;Montagne Belle Allure Vin Rouge, 10 l BiB;22;22;1.782;7610593204872;0;0;3;;
90032159;63907858;2026-04-15;BGH;Spirituosen;100;652360;1;;Fl;Honorable Porto Rot 19%, 1 l;14.03;84.18;6.81858;7614101461115;0;0;3;;
90032159;63907858;2026-04-15;BGH;Molkerei/Backwaren;110;029717;3;;St;Natura Bio Tofu nature, 1,25 kg;9.1;27.3;0.7098;7610034530089;0;1;7;;
90032159;63907858;2026-04-15;BGH;Molkerei/Backwaren;120;039280;1;;kg;Hilcona Cannelloni Padrone Broccoli & Ricotta, tiefgekühlt, 2 kg;15.12;30.24;0.78624;7610227973242;0;0;7;;
90032159;63907858;2026-04-15;BGH;Molkerei/Backwaren;130;099973;1;;St;Economy Hamburger Bun Sesam, tiefgekühlt, geschnitten, Ø 11,5 cm, 30 x 81 g;0.52;15.6;0.4056;4068774002626;0;0;7;;
90032159;63907858;2026-04-15;BGH;Früchte + Gemüse;140;044980;5;;Bd;Spargeln grün, Europa, 1 kg;9.5;47.5;1.235;8437000507161;0;1;1;;
90032159;63907858;2026-04-15;BGH;Früchte + Gemüse;150;048130;1;;kg;Orangen blond, gepackt, ca. 2 kg;2.14;4.28;0.11128;7613399009115;0;0;7;;
90032159;63907858;2026-04-15;BGH;Früchte + Gemüse;160;044400;1;1.622;kg;Rhabarber gepackt, ca. 1,5  kg;9.76;15.83072;0.41159872;2904010999997;0;0;1;;
90032159;63907858;2026-04-15;BGH;Früchte + Gemüse;170;041217;2;;Bd;Cipollotte / Bundzwiebeln, gepackt, 2 Bund, ca. 3 St;1.85;7.4;0.1924;7610632974995;0;1;1;;
90032159;63907858;2026-04-15;BGH;Früchte + Gemüse;180;040171;2;;kg;Kartoffeln ganz, roh, geschält, mehligkochend, 5 kg;3.33;33.3;0.8658;7613399037255;0;0;1;;
90032159;63907858;2026-04-15;BGH;Früchte + Gemüse;190;044715;4;;St;Salanova Multiblatt assortiert, 8 St;2.62;83.84;2.17984;7610632963678;0;0;1;;
90032159;63907858;2026-04-15;BGH;Früchte + Gemüse;191;000079;4;;St;Ifco LiftLock;3.2;12.8;0;2000007960008;0;0;0;;
90032159;63907858;2026-04-15;BGH;Früchte + Gemüse;200;041556;5;;Ne;Eschalotten, gepackt, 1 kg;4.7;23.5;0.611;7610632974964;0;0;1;;
90032159;63907858;2026-04-15;BGH;Früchte + Gemüse;210;045707;1;;kg;Zucchetti, 5 kg;2.44;12.2;0.3172;7610632980545;0;0;1;;
90032159;63907858;2026-04-15;BGH;Früchte + Gemüse;220;044611;1;;kg;Rüebli / Karotten Gastro, gewaschen, Inland, 10 kg;1.73;17.3;0.4498;7628072012832;0;0;1;;
90032159;63907858;2026-04-15;BGH;Früchte + Gemüse;221;000079;1;;St;Ifco LiftLock;3.2;3.2;0;2000007960008;0;0;0;;
90032159;63907858;2026-04-15;BGH;Früchte + Gemüse;230;040968;1;;kg;Cherry Tomaten Rispen, 3 kg;7.62;22.86;0.59436;7610632949894;0;0;1;;
90032159;63907858;2026-04-15;BGH;Metzgerei;240;001912;1;;St;Bell Kalbs-Pojarski Steak, tiefgekühlt, 50 x 150 g;3.2;160;4.16;7610162265938;0;0;1;;
90032159;63907858;2026-04-15;BGH;Metzgerei;250;055710;1;;kg;Bell Pulled Beef tiefgekühlt, 4 x 1 kg;25.9;103.6;2.6936;7610162275326;0;0;1;;
90032159;63907858;2026-04-15;BGH;Metzgerei;260;061951;1;;kg;Truthahn, tiefgekühlt, Frankreich, 4 kg;14.2;56.8;1.4768;3276724802405;0;0;7;;
90032159;63907858;2026-04-15;BGH;Metzgerei;270;001507;2;5.32;kg;Poulet Brust Geschnetzeltes, ca. 2,5 kg;21.9;116.508;3.029208;97610011947452;0;0;1;;
90032159;63907858;2026-04-15;BGH;Metzgerei;280;001976;1;3.458;kg;Quality GGAP Lachs Filet, mit Haut, grätenarm, ca. 1,0 - 1,4 kg;19.9;68.8142;1.7891692;97610162230489;0;0;1;;
90032159;63907858;2026-04-15;BGH;Metzgerei;290;071911;1;;kg;Quality Chicken Nuggets Premium, paniert, frittiert, tiefgekühlt, Polen, 2 kg;15.9;31.8;0.8268;7610162403590;0;0;7;;
90032159;63907858;2026-04-15;BGH;Metzgerei;300;069981;2;;kg;Quality ASC Crevetten Black Tiger, geschält, entdarmt, 8/12, tiefgekühlt, 1 kg;29.9;59.8;1.5548;7610034506565;0;0;1;;
90032159;63907858;2026-04-15;BGH;Metzgerei;310;001064;3;6.061;kg;Rinds-Filet II, ca.1,9kg;46.9;284.2609;7.3907834;97610011527319;0;0;1;;
90032159;63907858;2026-04-15;BGH;Früchte + Gemüse;320;000079;1;;St;Ifco LiftLock;3.2;3.2;0;2000007960008;0;0;0;;
90032159;63907858;2026-04-15;BGH;Früchte + Gemüse;330;000079;3;;St;Ifco LiftLock;3.2;9.6;0;2000007960008;0;0;0;;
90032159;63902099;2026-04-11;BGH;Früchte + Gemüse;10;000079;-10;;St;Ifco LiftLock;3.2;-32;0;2000007960008;0;0;0;;
90032159;63902099;2026-04-11;BGH;Metzgerei;10;002667;8;4.446;kg;Poulet Saltimbocca, 5 x ca. 100 g;26.99;119.99754;3.11993604;2921821999992;0;1;1;;
90032159;63902099;2026-04-11;BGH;Früchte + Gemüse;10;044720;1;;Bd;Salbei Bund, 80 g;4.22;4.22;0.10972;7610632942598;0;0;1;;
90032159;63902099;2026-04-11;BGH;Food;10;564090;1;;Fl;Bosco d'oro Olivenöl mit Trüffelaroma, 250 ml;18.81;18.81;0.48906;8032680690303;0;0;1;;
90032159;63902099;2026-04-11;BGH;Metzgerei;20;002279;1;1.139;kg;Bell Bündner Rohschinken, ohne Schwarte, 1/2, ca. 1,2 kg;32.8;37.3592;0.9713392;2965452999990;0;0;1;;
90032159;63902099;2026-04-11;BGH;Food;20;564040;1;;Gl;Bosco d'oro Carpaccio, aus Sommertrüffeln, schwarz, 45 g;18.93;18.93;0.49218;8032680690549;0;0;1;;
90032159;63902099;2026-04-11;BGH;Food;30;213411;1;;kg;Economy Spaghetti, 5 kg;1.59;7.95;0.2067;4388040200779;0;0;1;;
90032159;63902099;2026-04-11;BGH;Food;40;235140;1;;Sa;Riso Gallo Arborio, 5 kg;29.5;29.5;0.767;8001420000870;0;1;1;;
90032159;63902099;2026-04-11;BGH;Food;50;560053;1;;Pk;JuraSel Speisesalz grün, mit Jod und Fluor, 1 kg;1.1;11;0.286;7610039000099;0;0;1;;
90032159;63902099;2026-04-11;BGH;Food;60;399043;1;;Gl;Majestic grüner Pfeffer, 6 x 100 g;3.79;22.74;0.59124;7615900012768;0;0;1;;
90032159;63902099;2026-04-11;BGH;Food;70;345771;1;;Bt;American Sandwich Toast nature, 7 x 825 g;4.8;33.6;0.8736;83228850000596;0;0;1;;
90032159;63902099;2026-04-11;BGH;Food;80;391251;1;;Ke;Economy Salat-Mayonnaise, 9,4 kg;30.03;30.03;0.78078;7610034511705;0;0;1;;
90032159;63902099;2026-04-11;BGH;Food;90;512280;1;;Bt;Quality Pfeffer schwarz ganz, 800 g;19.78;19.78;0.51428;7610034518285;0;0;1;;
90032159;63902099;2026-04-11;BGH;Wein;100;639240;1;;Bx;Montagne Belle Allure Vin Rouge, 10 l BiB;22;22;1.782;7610593204872;0;0;3;;
90032159;63902099;2026-04-11;BGH;Spirituosen;110;653003;3;;Fl;Miranda Marsala 17%, 1 l;9.83;29.49;2.38869;7614100081109;0;0;3;;
90032159;63902099;2026-04-11;BGH;Molkerei/Backwaren;120;009570;1;;St;Quality Flammkuchenböden oval, tiefgekühlt, ca. 29 x 39 cm, 130g;1.11;111;2.886;4388040311444;0;0;7;;
90032159;63902099;2026-04-11;BGH;Molkerei/Backwaren;130;016601;3;;kg;Quality Grana Padano DOP, gerieben, 1 kg;15.55;46.65;1.2129;4388040340352;0;1;7;;
90032159;63902099;2026-04-11;BGH;Molkerei/Backwaren;140;010455;1;2.244;kg;Cremo Greyerzer AOP, classic, ca. 2 kg;14.99;33.63756;0.87457656;2987945999997;0;1;1;;
90032159;63902099;2026-04-11;BGH;Molkerei/Backwaren;150;010436;1;1.563;kg;Quality Emmentaler AOP, ca. 1,7 kg;14.5;22.6635;0.589251;2900196999998;0;0;1;;
90032159;63902099;2026-04-11;BGH;Molkerei/Backwaren;160;013702;1;3.315;kg;Quality Raclette, eckig, 1/2 Laib ca. 3,2 kg;11.13;36.89595;0.9592947;2953272999993;0;0;1;;
90032159;63902099;2026-04-11;BGH;Molkerei/Backwaren;170;025040;1;;Kt;Quality Kaffeerahm Portionen 15%, UHT, 200 x 12 g;11.07;11.07;0.28782;7610034505124;0;0;1;;
90032159;63902099;2026-04-11;BGH;Molkerei/Backwaren;180;024673;1;;Ke;Quality Crème Fraîche, Sauerrahm 35%, 2,5 kg;21.35;21.35;0.5551;7610034514973;0;1;1;;
90032159;63902099;2026-04-11;BGH;Molkerei/Backwaren;190;024440;1;;Tp;Quality Vollrahm 35%, UHT, 12 x 1 l;5.9;70.8;1.8408;7610034505315;0;0;1;;
90032159;63902099;2026-04-11;BGH;Früchte + Gemüse;200;049135;4;;kg;Champignons weiss, frisch, 1 kg;8.53;34.12;0.88712;7610632995211;0;0;1;;
90032159;63902099;2026-04-11;BGH;Früchte + Gemüse;210;041556;5;;Ne;Eschalotten, gepackt, 1 kg;4.7;23.5;0.611;7610632974964;0;0;1;;
90032159;63902099;2026-04-11;BGH;Früchte + Gemüse;220;045005;2;6;kg;Spinat, 3 kg;6.96;41.76;1.08576;2904065999997;0;0;1;;
90032159;63902099;2026-04-11;BGH;Früchte + Gemüse;221;000079;2;;St;Ifco LiftLock;3.2;6.4;0;2000007960008;0;0;0;;
90032159;63902099;2026-04-11;BGH;Früchte + Gemüse;230;040968;1;;kg;Cherry Tomaten Rispen, 3 kg;8.31;24.93;0.64818;7610632949894;0;0;1;;
90032159;63902099;2026-04-11;BGH;Früchte + Gemüse;240;047753;2;2;kg;Limetten / Limes, ca. 1 kg;3.69;7.38;0.19188;2905053999999;0;0;1;;
90032159;63902099;2026-04-11;BGH;Früchte + Gemüse;250;043598;1;;Bt;Minze, 250 g;8.81;8.81;0.22906;7610632977873;0;0;1;;
90032159;63902099;2026-04-11;BGH;Früchte + Gemüse;260;044919;1;;kg;Premium Spargeln weiss Donau 22+, 5 kg;18.95;94.75;2.4635;7610632967720;0;1;1;;
90032159;63902099;2026-04-11;BGH;Früchte + Gemüse;270;044715;6;;St;Salanova Multiblatt assortiert, 8 St;2.62;125.76;3.26976;7610632963678;0;0;1;;
90032159;63902099;2026-04-11;BGH;Früchte + Gemüse;271;000079;6;;St;Ifco LiftLock;3.2;19.2;0;2000007960008;0;0;0;;
90032159;63902099;2026-04-11;BGH;Metzgerei;280;087443;1;0.509;kg;Appenzeller Mostbröckli 1/2, IGP, ca. 450 g;63.9;32.5251;0.8456526;2976861999990;0;0;1;;
90032159;63902099;2026-04-11;BGH;Nonfood;290;930430;1;;Pk;VC999 Vakuumbeutel, 90 µm, 300 x 400 mm, Pack zu 100 Stück;21.95;21.95;1.77795;7640144910266;0;0;2;;
90032159;63902099;2026-04-11;BGH;Nonfood;300;901180;1;;Pk;VC999 Vakuumbeutel kochfest 90 µm, 200 x 300 mm, Pack zu 100 Stück;22.14;22.14;1.79334;7640144910075;0;0;2;;
90032159;63902099;2026-04-11;BGH;Früchte + Gemüse;310;000079;3;;St;Ifco LiftLock;3.2;9.6;0;2000007960008;0;0;0;;
90032159;63902099;2026-04-11;BGH;Früchte + Gemüse;320;000079;3;;St;Ifco LiftLock;3.2;9.6;0;2000007960008;0;0;0;;
90032159;63896297;2026-04-08;BGH;Früchte + Gemüse;10;000079;-11;;St;Ifco LiftLock;3.2;-35.2;0;2000007960008;0;0;0;;
90032159;63896297;2026-04-08;BGH;Food;10;399030;3;;Gl;Pommery Senf Meaux, 500 g;11.81;35.43;0.92118;3158697781010;0;0;1;;
90032159;63896297;2026-04-08;BGH;Food;20;100080;1;;Lt;Quality Rapsöl, 20 l;3.52;70.4;1.8304;7610034515147;0;0;1;;
90032159;63896297;2026-04-08;BGH;Molkerei/Backwaren;30;005640;1;;kg;Hilcona Pasta Fina Tortelli Spargel, tiefgekühlt, 2 x 2 kg;12.95;51.8;1.3468;7610227964936;0;1;1;;
90032159;63896297;2026-04-08;BGH;Molkerei/Backwaren;40;038820;1;;Bt;Hilcona It’s Vegic Indian Coconut Dal, tiefgekühlt, 5 x 1,5 kg;13.89;69.45;1.8057;7610227989335;0;0;1;;
90032159;63896297;2026-04-08;BGH;Molkerei/Backwaren;50;016120;1;;St;Hilcona It’s Vegic Gemüse Schnitzel, tiefgekühlt, 30 x 145 g;1.96;58.8;1.5288;7610227989670;0;0;1;;
90032159;63896297;2026-04-08;BGH;Molkerei/Backwaren;60;022600;1;;Tp;Quality Vollmilch 3,5%, UHT, 12 x 1 l;1.28;15.36;0.39936;7610034507807;0;0;1;;
90032159;63896297;2026-04-08;BGH;Früchte + Gemüse;70;048827;1;;kg;Zitronen, 6 kg;2.98;17.88;0.46488;7610632320723;0;0;1;;
90032159;63896297;2026-04-08;BGH;Früchte + Gemüse;71;000079;1;;St;Ifco LiftLock;3.2;3.2;0;2000007960008;0;0;0;;
90032159;63896297;2026-04-08;BGH;Früchte + Gemüse;80;090689;1;;Bt;Kaffirlimonenblätter TK, 100 g;5.5;5.5;0.143;7640138833144;0;1;1;;
90032159;63896297;2026-04-08;BGH;Früchte + Gemüse;90;044107;1;;kg;Peperoni Tricolor, Import, 5 kg;4.46;22.3;0.5798;7610632977132;0;0;1;;
90032159;63896297;2026-04-08;BGH;Früchte + Gemüse;91;000079;1;;St;Ifco LiftLock;3.2;3.2;0;2000007960008;0;0;0;;
90032159;63896297;2026-04-08;BGH;Früchte + Gemüse;100;040454;1;7.45;kg;Blumenkohl, ca. 7,5 kg;4.94;36.803;0.956878;2903704999992;0;0;1;;
90032159;63896297;2026-04-08;BGH;Früchte + Gemüse;101;000079;1;;St;Ifco LiftLock;3.2;3.2;0;2000007960008;0;0;0;;
90032159;63896297;2026-04-08;BGH;Früchte + Gemüse;110;040674;1;6;kg;Broccoli, ca. 6 kg;5.77;34.62;0.90012;2903734999993;0;0;1;;
90032159;63896297;2026-04-08;BGH;Früchte + Gemüse;111;000079;1;;St;Ifco LiftLock;3.2;3.2;0;2000007960008;0;0;0;;
90032159;63896297;2026-04-08;BGH;Früchte + Gemüse;120;045707;1;;kg;Zucchetti, 5 kg;2.56;12.8;0.3328;7610632980545;0;0;1;;
90032159;63896297;2026-04-08;BGH;Früchte + Gemüse;130;041217;2;;Bd;Cipollotte / Bundzwiebeln, gepackt, 2 Bund, ca. 3 St;2.56;10.24;0.26624;7610632974995;0;0;1;;
90032159;63896297;2026-04-08;BGH;Früchte + Gemüse;140;040174;2;;kg;Kartoffeln ganz, roh, geschält, festkochend, 5 kg;3.33;33.3;0.8658;7613399037231;0;0;1;;
90032159;63896297;2026-04-08;BGH;Früchte + Gemüse;150;045882;1;;kg;Zwiebeln gross, 10 kg;1.64;16.4;0.4264;7628072003557;0;0;7;;
90032159;63896297;2026-04-08;BGH;Früchte + Gemüse;151;000079;1;;St;Ifco LiftLock;3.2;3.2;0;2000007960008;0;0;0;;
90032159;63896297;2026-04-08;BGH;Früchte + Gemüse;160;042780;6;;St;Kopfsalat rot / grün, gemischt, 8 St;2.37;113.76;2.95776;7613399056126;0;0;7;;
90032159;63896297;2026-04-08;BGH;Früchte + Gemüse;161;000079;6;;St;Ifco LiftLock;3.2;19.2;0;2000007960008;0;0;0;;
90032159;63896297;2026-04-08;BGH;Früchte + Gemüse;170;044611;1;;kg;Rüebli / Karotten Gastro, gewaschen, Inland, 10 kg;1.2;12;0.312;7628072012832;0;1;1;;
90032159;63896297;2026-04-08;BGH;Früchte + Gemüse;171;000079;1;;St;Ifco LiftLock;3.2;3.2;0;2000007960008;0;0;0;;
90032159;63896297;2026-04-08;BGH;Früchte + Gemüse;180;044980;5;;Bd;Spargeln grün, Europa, 1 kg;11.42;57.1;1.4846;8437000507161;0;0;1;;
90032159;63896297;2026-04-08;BGH;Früchte + Gemüse;190;044411;1;;Bd;Spargeln weiss, 18 mm+, 6 x 1 kg;10.75;64.5;1.677;7628072012351;0;1;1;;
90032159;63896297;2026-04-08;BGH;Früchte + Gemüse;200;040026;2;;Tt;Raclette Kartoffeln, 2,5 kg;4.11;8.22;0.21372;7613399023012;0;0;1;;
90032159;63896297;2026-04-08;BGH;Früchte + Gemüse;210;045358;1;;kg;Tomaten mit Rispen Import, 5 kg;5.36;26.8;0.6968;7610632977002;0;0;1;;
90032159;63896297;2026-04-08;BGH;Früchte + Gemüse;220;044549;1;;kg;Rucola / Rauke, 1 kg;13.45;13.45;0.3497;7610632992456;0;0;1;;
90032159;63896297;2026-04-08;BGH;Metzgerei;230;001064;7;13.222;kg;Rinds-Filet II, ca.1,9kg;41.99;555.19178;14.43498628;97610011527319;0;1;1;;
90032159;63896297;2026-04-08;BGH;Metzgerei;250;053430;1;;Pk;Quality Fleischvogel mit Kalbfleischfüllung, tiefgekühlt, 6 x 5 x150 g;14.99;89.94;2.33844;7610162360565;0;1;7;;
90032159;63896297;2026-04-08;BGH;Metzgerei;260;001371;3;8.974;kg;Schweins-Rack Premium ca. 3 kg;10.99;98.62426;2.56423076;2952690999998;0;1;1;;
90032159;63896297;2026-04-08;BGH;Metzgerei;270;054921;6;5.453;kg;Schweins-Cordon-bleu, nature, 5 x ca. 180 g;16.99;92.64647;2.40880822;2928170999994;0;1;1;;
90032159;63896297;2026-04-08;BGH;Metzgerei;280;001991;1;5.885;kg;Quality GGAP Wolfsbarsch Filet, mit Haut, grätenarm, ca. 90-120 g, ca. 1 kg;21.9;128.8815;3.350919;97610162283133;0;1;1;;
90032159;63896297;2026-04-08;BGH;Früchte + Gemüse;290;000079;4;;St;Ifco LiftLock;3.2;12.8;0;2000007960008;0;0;0;;
90032159;63892142;2026-04-04;BGH;Früchte + Gemüse;10;000079;-27;;St;Ifco LiftLock;3.2;-86.4;0;2000007960008;0;0;0;;
90032159;63892142;2026-04-04;BGH;Food;10;512590;3;;Ds;Quality Paprika mild, 380 g;7.2;21.6;0.5616;7610034518919;0;1;1;;
90032159;63892142;2026-04-04;BGH;Food;20;235140;2;;Sa;Riso Gallo Arborio, 5 kg;34.58;69.16;1.79816;8001420000870;0;0;1;;
90032159;63892142;2026-04-04;BGH;Food;30;115081;1;;Lt;Quality Frito 2000 Gold, Frittieröl, 20 l;4.96;99.2;2.5792;7610034515079;0;0;1;;
90032159;63892142;2026-04-04;BGH;Food;40;510190;2;;Kt;Quality Mayonnaise Portionen, 100 x 17 g;22.2;44.4;1.1544;7610034516588;0;0;1;;
90032159;63892142;2026-04-04;BGH;Food;50;565650;2;;Kt;Heinz Tomato Ketchup, Beutel Cube, 100 x 20 g;14.99;29.98;0.77948;5413226100075;0;1;1;;
90032159;63892142;2026-04-04;BGH;Nearfood;60;813141;1;;Bi;Topmatic Plus Geschirrspülmittel, 25 kg;327.2;327.2;26.5032;4028159012190;0;0;2;;
90032159;63892142;2026-04-04;BGH;Spirituosen;70;674221;1;;Fl;Baileys Irish Creme 17%, 70 cl;17.23;17.23;1.39563;5011013100378;0;0;2;;
90032159;63892142;2026-04-04;BGH;Molkerei/Backwaren;80;096261;6;;Pk;Quality Vollei flüssig Import, Bodenhaltung, pasteurisiert, 1 kg;7.8;46.8;1.2168;7610034507609;0;0;1;;
90032159;63892142;2026-04-04;BGH;Molkerei/Backwaren;90;018780;1;;Be;Züger Mascarpone, 6 x 500 g;5.56;33.36;0.86736;7640101091274;0;0;1;;
90032159;63892142;2026-04-04;BGH;Molkerei/Backwaren;100;019372;5;;St;Soignon Bûche de chèvre, Weichkäse, 1 kg;16.47;82.35;2.1411;3523237481000;0;0;1;;
90032159;63892142;2026-04-04;BGH;Molkerei/Backwaren;110;024440;1;;Tp;Quality Vollrahm 35%, UHT, 12 x 1 l;5.9;70.8;1.8408;7610034505315;0;0;1;;
90032159;63892142;2026-04-04;BGH;Molkerei/Backwaren;120;027310;1;;kg;Economy Butter, 10 x 1 kg;13.35;133.5;3.471;7610034508224;0;0;1;;
90032159;63892142;2026-04-04;BGH;Molkerei/Backwaren;130;010131;1;;Pk;Berner Alphobelkäse AOP, gerollt, 600 g;27.95;27.95;0.7267;7600400001121;0;0;1;;
90032159;63892142;2026-04-04;BGH;Früchte + Gemüse;140;094821;2;;kg;Boiron Erdbeer Purée TK, 1 kg;10.16;20.32;0.52832;3389133000017;0;1;1;;
90032159;63892142;2026-04-04;BGH;Früchte + Gemüse;150;040401;1;;kg;Baked Potatoes, festkochend, 10 kg;1.2;12;0.312;7628072012900;0;1;1;;
90032159;63892142;2026-04-04;BGH;Früchte + Gemüse;151;000079;1;;St;Ifco LiftLock;3.2;3.2;0;2000007960008;0;0;0;;
90032159;63892142;2026-04-04;BGH;Früchte + Gemüse;160;040257;1;;kg;Auberginen, 5 kg;3.51;17.55;0.4563;7610632977958;0;0;1;;
90032159;63892142;2026-04-04;BGH;Früchte + Gemüse;170;045707;1;;kg;Zucchetti, 5 kg;2.5;12.5;0.325;7610632980545;0;1;1;;
90032159;63892142;2026-04-04;BGH;Früchte + Gemüse;180;045882;2;;kg;Zwiebeln gross, 10 kg;1.64;32.8;0.8528;7628072003557;0;0;7;;
90032159;63892142;2026-04-04;BGH;Früchte + Gemüse;181;000079;2;;St;Ifco LiftLock;3.2;6.4;0;2000007960008;0;0;0;;
90032159;63892142;2026-04-04;BGH;Früchte + Gemüse;190;045914;1;;kg;Zwiebeln rot gross, 10 kg;1.75;17.5;0.455;7613399003366;0;1;1;;
90032159;63892142;2026-04-04;BGH;Früchte + Gemüse;191;000079;1;;St;Ifco LiftLock;3.2;3.2;0;2000007960008;0;0;0;;
90032159;63892142;2026-04-04;BGH;Früchte + Gemüse;200;045186;1;;Bd;Thymian Bund, 80 g;4.22;4.22;0.10972;7610632942604;0;0;1;;
90032159;63892142;2026-04-04;BGH;Früchte + Gemüse;210;044107;1;;kg;Peperoni Tricolor, Import, 5 kg;5.59;27.95;0.7267;7610632977132;0;0;1;;
90032159;63892142;2026-04-04;BGH;Früchte + Gemüse;211;000079;1;;St;Ifco LiftLock;3.2;3.2;0;2000007960008;0;0;0;;
90032159;63892142;2026-04-04;BGH;Früchte + Gemüse;220;042593;1;;kg;Knoblauch ganz geschält, 1 kg;20.48;20.48;0.53248;7613399021391;0;0;1;;
90032159;63892142;2026-04-04;BGH;Früchte + Gemüse;230;040329;1;;Bt;Basilikum, 1 kg;29.69;29.69;0.77194;7610632989975;0;0;1;;
90032159;63892142;2026-04-04;BGH;Früchte + Gemüse;240;049135;3;;kg;Champignons weiss, frisch, 1 kg;6.9;20.7;0.5382;7610632995211;0;1;1;;
90032159;63892142;2026-04-04;BGH;Früchte + Gemüse;250;047248;1;;St;Feigen frisch, 24 St;1.43;34.32;0.89232;7610632000939;0;0;1;;
90032159;63892142;2026-04-04;BGH;Früchte + Gemüse;260;041704;1;5;kg;Fenchel, 5 kg;3.33;16.65;0.4329;2903814999998;0;0;1;;
90032159;63892142;2026-04-04;BGH;Früchte + Gemüse;261;000079;1;;St;Ifco LiftLock;3.2;3.2;0;2000007960008;0;0;0;;
90032159;63892142;2026-04-04;BGH;Metzgerei;270;001479;1;10.263;kg;Poulet Schenkel, 230-250 g, ca. 10 kg;7.2;73.8936;1.9212336;97610011618819;0;0;1;;
90032159;63892142;2026-04-04;BGH;Metzgerei;280;002082;3;8.136;kg;Rinds-Hohrücken II spezial, ca. 2,5 kg;25.99;211.45464;5.49782064;97610011016233;0;1;1;;
90032159;63892142;2026-04-04;BGH;Metzgerei;290;001351;2;10.038;kg;Schweins-Geschnetzeltes, ca. 5 kg;9.99;100.27962;2.60727012;2930702999990;0;1;1;;
90032159;63892142;2026-04-04;BGH;Metzgerei;300;068481;1;;kg;Seafood Cocktail, blanchiert, tiefgekühlt, 1 kg;11.7;11.7;0.3042;5702008224697;0;0;1;;
90032159;63892142;2026-04-04;BGH;Nonfood;310;991253;1;;Rl;Alustar Alufolie Economique 45 cm x 55 m;19.9;19.9;1.6119;7610222001773;0;0;2;;
90032159;63892142;2026-04-04;BGH;Nonfood;320;902275;4;;Pk;Trinkhalm Papier, schwarz, 21 cm, Ø 6 mm, Pack zu 150 Stück;4.33;17.32;1.40292;7610588101964;0;0;3;;
90032159;63892142;2026-04-04;BGH;Früchte + Gemüse;330;000079;2;;St;Ifco LiftLock;3.2;6.4;0;2000007960008;0;0;0;;
90032159;63892142;2026-04-04;BGH;Früchte + Gemüse;340;000079;2;;St;Ifco LiftLock;3.2;6.4;0;2000007960008;0;0;0;;
90032159;63890332;2026-04-02;BGH;Früchte + Gemüse;10;000079;-13;;St;Ifco LiftLock;3.2;-41.6;0;2000007960008;0;0;0;;
90032159;63890332;2026-04-02;BGH;Molkerei/Backwaren;10;028000;1;;kg;Economy Schweizer Butter in Platten, 10 x 1 kg;13.76;137.6;3.5776;7610034508460;0;0;1;;
90032159;63890332;2026-04-02;BGH;Food;10;391050;1;;Ds;Quality Tomatenmark dreifach konzentriert, 6 x 800 g;4.24;25.44;0.66144;7610034509535;0;0;1;;
90032159;63890332;2026-04-02;BGH;Früchte + Gemüse;20;000079;1;;St;Ifco LiftLock;3.2;3.2;0;2000007960008;0;0;0;;
90032159;63890332;2026-04-02;BGH;Food;20;681671;3;;Fl;Hero Topping Erdbeer, 1 kg;7.65;22.95;0.5967;7610382662050;0;1;1;;
90032159;63890332;2026-04-02;BGH;Food;30;115081;1;;Lt;Quality Frito 2000 Gold, Frittieröl, 20 l;4.96;99.2;2.5792;7610034515079;0;0;1;;
90032159;63890332;2026-04-02;BGH;Food;40;511101;2;;Gl;Quality Kapernäpfel mit Stiel, 1,695 kg;20.95;41.9;1.0894;7610034524897;0;0;1;;
90032159;63890332;2026-04-02;BGH;Food;50;235140;2;;Sa;Riso Gallo Arborio, 5 kg;34.58;69.16;1.79816;8001420000870;0;0;1;;
90032159;63890332;2026-04-02;BGH;Food;60;235440;1;;Lt;Quality Weissweinessig 4.5°, 10 l;2.84;28.4;0.7384;7610034516724;0;0;1;;
90032159;63890332;2026-04-02;BGH;Nearfood;80;992093;1;;Pk;Quality Toilettenpapier, 4-lagig, weiss, 160 Blatt, 24 Rl;16.54;16.54;1.33974;7610034532120;0;0;3;;
90032159;63890332;2026-04-02;BGH;Wein;90;639240;2;;Bx;Montagne Belle Allure Vin Rouge, 10 l BiB;22;44;3.564;7610593204872;0;0;3;;
90032159;63890332;2026-04-02;BGH;Wein;100;611120;1;;Bx;Monvallon Vin Blanc, 10 l BiB;22;22;1.782;7610593415353;0;0;3;;
90032159;63890332;2026-04-02;BGH;Spirituosen;110;652360;1;;Fl;Honorable Porto Rot 19%, 1 l;14.03;84.18;6.81858;7614101461115;0;0;3;;
90032159;63890332;2026-04-02;BGH;Molkerei/Backwaren;120;019372;5;;St;Soignon Bûche de chèvre, Weichkäse, 1 kg;17.03;85.15;2.2139;3523237481000;0;0;1;;
90032159;63890332;2026-04-02;BGH;Molkerei/Backwaren;130;024440;1;;Tp;Quality Vollrahm 35%, UHT, 12 x 1 l;5.9;70.8;1.8408;7610034505315;0;0;1;;
90032159;63890332;2026-04-02;BGH;Molkerei/Backwaren;140;020510;2;;Sc;Züger Bio Ricotta, 1,5 kg;12.43;24.86;0.64636;7640101090178;0;0;1;;
90032159;63890332;2026-04-02;BGH;Molkerei/Backwaren;150;019481;8;;Be;Galbani Mascarpone, 500 g;7.73;61.84;1.60784;8000430171013;0;0;1;;
90032159;63890332;2026-04-02;BGH;Molkerei/Backwaren;160;022600;1;;Tp;Quality Vollmilch 3,5%, UHT, 12 x 1 l;1.28;15.36;0.39936;7610034507807;0;0;1;;
90032159;63890332;2026-04-02;BGH;Molkerei/Backwaren;170;027970;1;;St;Knorr Garde d'Or Sauce Hollandaise, 6 x 1 l;7.76;46.56;1.21056;08712566717637;0;1;1;;
90032159;63890332;2026-04-02;BGH;Molkerei/Backwaren;190;096261;4;;Pk;Quality Vollei flüssig Import, Bodenhaltung, pasteurisiert, 1 kg;7.8;31.2;0.8112;7610034507609;0;0;1;;
90032159;63890332;2026-04-02;BGH;Molkerei/Backwaren;200;096281;3;;Pk;Quality Konditor Eiweiss flüssig Import, Bodenhaltung, pasteurisiert, 1 kg;6.1;18.3;0.4758;7610034508811;0;0;1;;
90032159;63890332;2026-04-02;BGH;Früchte + Gemüse;210;044747;1;;Bd;Schnittlauch gebündelt, 2 Bund à 100 g;5.71;11.42;0.29692;7640108600066;0;0;1;;
90032159;63890332;2026-04-02;BGH;Früchte + Gemüse;220;044156;2;;Bt;Petersilie gekraust, gepackt, 500 g;7.38;14.76;0.38376;7610632995082;0;0;1;;
90032159;63890332;2026-04-02;BGH;Früchte + Gemüse;230;040257;2;;kg;Auberginen, 5 kg;3.51;35.1;0.9126;7610632977958;0;0;1;;
90032159;63890332;2026-04-02;BGH;Früchte + Gemüse;250;047118;5;;kg;Erdbeeren Extra, 1 kg;7.38;36.9;0.9594;8437001876228;0;0;1;;
90032159;63890332;2026-04-02;BGH;Früchte + Gemüse;260;047247;1;;St;Feigen frisch, 6 St;1.9;11.4;0.2964;7610632000922;0;0;1;;
90032159;63890332;2026-04-02;BGH;Früchte + Gemüse;270;041229;1;;Bt;Dill, 250 g;7.4;7.4;0.1924;7610632971932;0;1;1;;
90032159;63890332;2026-04-02;BGH;Früchte + Gemüse;280;041556;5;;Ne;Eschalotten, gepackt, 1 kg;4.7;23.5;0.611;7610632974964;0;0;1;;
90032159;63890332;2026-04-02;BGH;Früchte + Gemüse;290;040174;2;;kg;Kartoffeln ganz, roh, geschält, festkochend, 5 kg;3.33;33.3;0.8658;7613399037231;0;0;1;;
90032159;63890332;2026-04-02;BGH;Früchte + Gemüse;300;048827;1;;kg;Zitronen, 6 kg;2.35;14.1;0.3666;7610632320723;0;1;1;;
90032159;63890332;2026-04-02;BGH;Früchte + Gemüse;301;000079;1;;St;Ifco LiftLock;3.2;3.2;0;2000007960008;0;0;0;;
90032159;63890332;2026-04-02;BGH;Früchte + Gemüse;310;046594;2;;Be;Avocado Purée / Guacamole, 500 g;6.9;13.8;0.3588;8436008521063;0;0;1;;
90032159;63890332;2026-04-02;BGH;Früchte + Gemüse;320;042780;6;;St;Kopfsalat rot / grün, gemischt, 8 St;2.37;113.76;2.95776;7613399056126;0;0;7;;
90032159;63890332;2026-04-02;BGH;Früchte + Gemüse;321;000079;6;;St;Ifco LiftLock;3.2;19.2;0;2000007960008;0;0;0;;
90032159;63890332;2026-04-02;BGH;Früchte + Gemüse;330;044980;5;;Bd;Spargeln grün, Europa, 1 kg;9.95;49.75;1.2935;8437000507161;0;1;1;;
90032159;63890332;2026-04-02;BGH;Früchte + Gemüse;340;047947;1;;St;Melonen Charentais Import, 6 St;2.5;15;0.39;7610632001035;0;1;1;;
90032159;63890332;2026-04-02;BGH;Früchte + Gemüse;350;000079;5;;St;Ifco LiftLock;3.2;16;0;2000007960008;0;0;0;;
90032159;63877251;2026-03-28;BGH;Früchte + Gemüse;10;000079;-24;;St;Ifco LiftLock;3.2;-76.8;0;2000007960008;0;0;0;;
90032159;63877251;2026-03-28;BGH;Food;10;100080;1;;Lt;Quality Rapsöl, 20 l;3.52;70.4;1.8304;7610034515147;0;0;1;;
90032159;63877251;2026-03-28;BGH;Spirituosen;10;664381;1;;Fl;Rum Escape 7 Mamajuana 28%, 70 cl;24.79;24.79;2.00799;7617700440659;0;0;2;;
90032159;63877251;2026-03-28;BGH;Metzgerei;20;002810;6;;St;Bärlauch Bratwurst, 5 x 140 g;1.59;47.7;1.2402;7610162407956;0;1;7;;
90032159;63877251;2026-03-28;BGH;Food;20;510190;1;;Kt;Quality Mayonnaise Portionen, 100 x 17 g;22.2;22.2;0.5772;7610034516588;0;0;1;;
90032159;63877251;2026-03-28;BGH;Metzgerei;30;054886;2;10.112;kg;Rinds-Voressen II, ca. 5 kg;16.99;171.80288;4.46687488;2906422999992;0;1;1;;
90032159;63877251;2026-03-28;BGH;Food;30;565650;1;;Kt;Heinz Tomato Ketchup, Beutel Cube, 100 x 20 g;14.99;14.99;0.38974;5413226100075;0;1;1;;
90032159;63877251;2026-03-28;BGH;Food;40;249670;1;;Ds;Quality Apfelmus, 2,7 kg;7.85;7.85;0.2041;7610034511392;0;0;1;;
90032159;63877251;2026-03-28;BGH;Nonfood;40;979115;1;;St;Passiertuch Leinen 90 x 85 cm Pack zu 3 Stück;12.77;38.31;3.10311;7611545466034;0;0;2;;
90032159;63877251;2026-03-28;BGH;Früchte + Gemüse;50;000079;2;;St;Ifco LiftLock;3.2;6.4;0;2000007960008;0;0;0;;
90032159;63877251;2026-03-28;BGH;Food;50;235140;1;;Sa;Riso Gallo Arborio, 5 kg;34.58;34.58;0.89908;8001420000870;0;0;1;;
90032159;63877251;2026-03-28;BGH;Food;60;399030;2;;Gl;Pommery Senf Meaux, 500 g;11.81;23.62;0.61412;3158697781010;0;0;1;;
90032159;63877251;2026-03-28;BGH;Food;70;391241;1;;Ke;Economy Senf mild, 5,25 kg;10.68;10.68;0.27768;7610034512641;0;0;1;;
90032159;63877251;2026-03-28;BGH;Molkerei/Backwaren;80;019372;3;;St;Soignon Bûche de chèvre, Weichkäse, 1 kg;17.03;51.09;1.32834;3523237481000;0;0;1;;
90032159;63877251;2026-03-28;BGH;Früchte + Gemüse;90;041328;1;;St;Eisberg Salat, 12 St;1.49;17.88;0.46488;7610632995181;0;0;1;;
90032159;63877251;2026-03-28;BGH;Früchte + Gemüse;100;042780;5;;St;Kopfsalat rot / grün, gemischt, 8 St;2.37;94.8;2.4648;7613399056126;0;0;7;;
90032159;63877251;2026-03-28;BGH;Früchte + Gemüse;101;000079;5;;St;Ifco LiftLock;3.2;16;0;2000007960008;0;0;0;;
90032159;63877251;2026-03-28;BGH;Früchte + Gemüse;110;042303;1;7.27;kg;Kabis rot mittel, ca. 5 kg;2.2;15.994;0.415844;2904743999998;0;0;1;;
90032159;63877251;2026-03-28;BGH;Früchte + Gemüse;111;000079;1;;St;Ifco LiftLock;3.2;3.2;0;2000007960008;0;0;0;;
90032159;63877251;2026-03-28;BGH;Früchte + Gemüse;120;040968;3;;kg;Cherry Tomaten Rispen, 3 kg;5.7;51.3;1.3338;7610632949894;0;1;1;;
90032159;63877251;2026-03-28;BGH;Früchte + Gemüse;130;045355;1;2.43;kg;Tomaten mit Rispen, ca. 2,5 kg;5.71;13.8753;0.3607578;2960415999994;0;0;1;;
90032159;63877251;2026-03-28;BGH;Früchte + Gemüse;140;040329;1;;Bt;Basilikum, 1 kg;29.69;29.69;0.77194;7610632989975;0;0;1;;
90032159;63877251;2026-03-28;BGH;Früchte + Gemüse;150;044990;10;0;Bd;Spargeln grün, Import, 1 kg;10.65;0;0;7610632989739;0;0;1;;
90032159;63877251;2026-03-28;BGH;Früchte + Gemüse;160;044500;10;;Bd;Spargeln weiss / violett 16+, Import, 1 kg;11.66;116.6;3.0316;8411162101252;0;0;1;;
90032159;63877251;2026-03-28;BGH;Früchte + Gemüse;170;040026;4;;Tt;Raclette Kartoffeln, 2,5 kg;4.11;16.44;0.42744;7613399023012;0;0;1;;
90032159;63877251;2026-03-28;BGH;Früchte + Gemüse;180;044538;2;;Bt;Rosmarin, 250 g;8.81;17.62;0.45812;7610632969816;0;0;1;;
90032159;63877251;2026-03-28;BGH;Früchte + Gemüse;190;044270;6;;Bt;Radiesli Scheiben, 3 mm, 500 g;8.13;48.78;1.26828;7610514643261;0;0;1;;
90032159;63877251;2026-03-28;BGH;Früchte + Gemüse;200;042020;3;;St;Gurken 400 - 500 g / St, 4 St;1.25;15;0.39;7610632994153;0;0;1;;
90032159;63877251;2026-03-28;BGH;Früchte + Gemüse;210;040257;1;;kg;Auberginen, 5 kg;4.11;20.55;0.5343;7610632977958;0;0;1;;
90032159;63877251;2026-03-28;BGH;Früchte + Gemüse;220;044611;1;;kg;Rüebli / Karotten Gastro, gewaschen, Inland, 10 kg;1.73;17.3;0.4498;7628072012832;0;0;1;;
90032159;63877251;2026-03-28;BGH;Früchte + Gemüse;221;000079;1;;St;Ifco LiftLock;3.2;3.2;0;2000007960008;0;0;0;;
90032159;63877251;2026-03-28;BGH;Früchte + Gemüse;230;044664;1;5;kg;Karotten Pfälzer gelb gewaschen, 5 kg;2.68;13.4;0.3484;2992584999994;0;0;1;;
90032159;63877251;2026-03-28;BGH;Früchte + Gemüse;231;000079;1;;St;Ifco LiftLock;3.2;3.2;0;2000007960008;0;0;0;;
90032159;63877251;2026-03-28;BGH;Früchte + Gemüse;240;040674;1;6;kg;Broccoli, ca. 6 kg;4.17;25.02;0.65052;2903734999993;0;0;1;;
90032159;63877251;2026-03-28;BGH;Früchte + Gemüse;241;000079;1;;St;Ifco LiftLock;3.2;3.2;0;2000007960008;0;0;0;;
90032159;63877251;2026-03-28;BGH;Früchte + Gemüse;250;040454;1;5.66;kg;Blumenkohl, ca. 7,5 kg;3.81;21.5646;0.5606796;2903704999992;0;0;1;;
90032159;63877251;2026-03-28;BGH;Früchte + Gemüse;251;000079;1;;St;Ifco LiftLock;3.2;3.2;0;2000007960008;0;0;0;;
90032159;63877251;2026-03-28;BGH;Früchte + Gemüse;260;045707;1;;kg;Zucchetti, 5 kg;2.5;12.5;0.325;7610632980545;0;1;1;;
90032159;63877251;2026-03-28;BGH;Früchte + Gemüse;270;044400;3;4.64;kg;Rhabarber gepackt, ca. 1,5  kg;13.45;62.408;1.622608;2904010999997;0;0;1;;
90032159;63877251;2026-03-28;BGH;Früchte + Gemüse;280;046767;1;;kg;Birnen Bosc, 6 kg;3.51;21.06;0.54756;7610632350003;0;0;1;;
90032159;63877251;2026-03-28;BGH;Früchte + Gemüse;290;047410;3;;Sc;Johannisbeeren, Import, 125 g;6.19;18.57;0.48282;7610632010327;0;0;1;;
90032159;63877251;2026-03-28;BGH;Früchte + Gemüse;300;048787;1;;kg;Trauben gemischt weiss / blau, 5 kg;5.24;26.2;0.6812;7610632261217;0;0;1;;
90032159;63877251;2026-03-28;BGH;Metzgerei;310;058571;1;11.58;kg;Lamm Racks RR, tiefgekühlt, Australien/Neuseeland, ca. 12 kg;41.9;485.202;12.615252;2972300999996;0;0;1;;
90032159;63877251;2026-03-28;BGH;Metzgerei;320;086713;1;1.828;kg;Bell Schwarzwald Rohschinken 1/2 ca. 1,5 kg;21.5;39.302;1.021852;2992423999994;0;0;1;;
90032159;63877251;2026-03-28;BGH;Früchte + Gemüse;330;000079;4;;St;Ifco LiftLock;3.2;12.8;0;2000007960008;0;0;0;;
90032159;63877251;2026-03-28;BGH;Früchte + Gemüse;340;000079;1;;St;Ifco LiftLock;3.2;3.2;0;2000007960008;0;0;0;;
90032159;63871402;2026-03-25;BGH;Früchte + Gemüse;10;000079;-26;;St;Ifco LiftLock;3.2;-83.2;0;2000007960008;0;0;0;;
90032159;63871402;2026-03-25;BGH;Food;10;235140;1;;Sa;Riso Gallo Arborio, 5 kg;34.58;34.58;0.89908;8001420000870;0;0;1;;
90032159;63871402;2026-03-25;BGH;Food;10;448060;3;;Ds;Hilcona Randensalat gewürfelt, 3 kg;15.25;45.75;1.1895;7610227328127;0;0;1;;
90032159;63871402;2026-03-25;BGH;Food;20;180231;1;;Ke;Bieri Meersalz fein, 6,5 kg;14.58;14.58;0.37908;7610876020175;0;0;1;;
90032159;63871402;2026-03-25;BGH;Food;20;258650;1;;kg;Knorr Professional Sauce Demi-Glace, 4 kg;25.03;100.12;2.60312;7611100346320;0;0;1;;
90032159;63871402;2026-03-25;BGH;Food;30;391251;2;;Ke;Economy Salat-Mayonnaise, 9,4 kg;30.03;60.06;1.56156;7610034511705;0;0;1;;
90032159;63871402;2026-03-25;BGH;Food;30;560002;1;;Pk;JuraSel Tafelsalz mit Jod, 500 g;1.2;24;0.624;7610039000334;0;0;1;;
90032159;63871402;2026-03-25;BGH;Food;40;391050;1;;Ds;Quality Tomatenmark dreifach konzentriert, 6 x 800 g;4.24;25.44;0.66144;7610034509535;0;0;1;;
90032159;63871402;2026-03-25;BGH;Food;40;512590;1;;Ds;Quality Paprika mild, 380 g;9.61;9.61;0.24986;7610034518919;0;0;1;;
90032159;63871402;2026-03-25;BGH;Food;50;100080;1;;Lt;Quality Rapsöl, 20 l;3.52;70.4;1.8304;7610034515147;0;0;1;;
90032159;63871402;2026-03-25;BGH;Nonfood;50;963495;1;;St;Thermometer infrarot;73.2;73.2;5.9292;7640122429032;0;0;2;;
90032159;63871402;2026-03-25;BGH;Food;60;512630;2;;Ds;Quality Pfeffer schwarz gemahlen, 355 g;11.07;22.14;0.57564;7610034518995;0;0;1;;
90032159;63871402;2026-03-25;BGH;Nearfood;70;992574;1;;Pk;Quality Servietten Party, 3-lagig, 24 x 24 cm, weiss, 8 x 250 St;7.19;57.52;4.65912;7610034546158;0;1;3;;
90032159;63871402;2026-03-25;BGH;Nearfood;80;968700;12;;St;Zylinderkerze 70 x 200 mm, 90h, ecru;3.29;39.48;3.19788;7610054040247;0;1;2;;
90032159;63871402;2026-03-25;BGH;Molkerei/Backwaren;90;020510;2;;Sc;Züger Bio Ricotta, 1,5 kg;12.43;24.86;0.64636;7640101090178;0;0;1;;
90032159;63871402;2026-03-25;BGH;Molkerei/Backwaren;100;024673;1;;Ke;Quality Crème Fraîche, Sauerrahm 35%, 2,5 kg;24.76;24.76;0.64376;7610034514973;0;0;1;;
90032159;63871402;2026-03-25;BGH;Molkerei/Backwaren;110;019481;4;;Be;Galbani Mascarpone, 500 g;6.1;24.4;0.6344;8000430171013;0;1;1;;
90032159;63871402;2026-03-25;BGH;Molkerei/Backwaren;120;098030;1;;St;Romer's Buttertoastbrot, gebacken, einzeln verpackt, tiefgekühlt, 9 cm x 9 cm, 12 x 500 g;3.53;42.36;1.10136;7611075109609;0;0;1;;
90032159;63871402;2026-03-25;BGH;Molkerei/Backwaren;130;010436;1;1.827;kg;Quality Emmentaler AOP, ca. 1,7 kg;14.5;26.4915;0.688779;2900196999998;0;0;1;;
90032159;63871402;2026-03-25;BGH;Molkerei/Backwaren;140;016781;3;;Sc;Quality Grana Padano DOP, Flocken, 500 g;9.96;29.88;0.77688;2001678190008;0;0;7;;
90032159;63871402;2026-03-25;BGH;Molkerei/Backwaren;150;016601;3;;kg;Quality Grana Padano DOP, gerieben, 1 kg;16.9;50.7;1.3182;4388040340352;0;0;7;;
90032159;63871402;2026-03-25;BGH;Molkerei/Backwaren;160;024440;1;;Tp;Quality Vollrahm 35%, UHT, 12 x 1 l;5.9;70.8;1.8408;7610034505315;0;0;1;;
90032159;63871402;2026-03-25;BGH;Molkerei/Backwaren;170;013702;2;6.285;kg;Quality Raclette, eckig, 1/2 Laib ca. 3,2 kg;11.13;69.95205;1.8187533;2953272999993;0;0;1;;
90032159;63871402;2026-03-25;BGH;Molkerei/Backwaren;180;027310;1;;kg;Economy Butter, 10 x 1 kg;13.35;133.5;3.471;7610034508224;0;0;1;;
90032159;63871402;2026-03-25;BGH;Molkerei/Backwaren;190;010455;1;1.7;kg;Cremo Greyerzer AOP, classic, ca. 2 kg;16.91;28.747;0.747422;2987945999997;0;0;1;;
90032159;63871402;2026-03-25;BGH;Früchte + Gemüse;200;044400;2;3.23;kg;Rhabarber gepackt, ca. 1,5  kg;13.45;43.4435;1.129531;2904010999997;0;0;1;;
90032159;63871402;2026-03-25;BGH;Früchte + Gemüse;210;044990;5;;Bd;Spargeln grün, Import, 1 kg;10.65;53.25;1.3845;7610632989739;0;0;1;;
90032159;63871402;2026-03-25;BGH;Früchte + Gemüse;220;044500;2;;Bd;Spargeln weiss / violett 16+, Import, 1 kg;11.66;23.32;0.60632;8411162101252;0;0;1;;
90032159;63871402;2026-03-25;BGH;Früchte + Gemüse;230;092960;1;;kg;Quality Morcheln, TK, 2 x 1 kg;33.5;67;1.742;7610034505896;0;1;1;;
90032159;63871402;2026-03-25;BGH;Früchte + Gemüse;240;044270;2;;Bt;Radiesli Scheiben, 3 mm, 500 g;8.13;16.26;0.42276;7610514643261;0;0;1;;
90032159;63871402;2026-03-25;BGH;Früchte + Gemüse;250;042780;6;;St;Kopfsalat rot / grün, gemischt, 8 St;2.37;113.76;2.95776;7613399056126;0;0;7;;
90032159;63871402;2026-03-25;BGH;Früchte + Gemüse;251;000079;6;;St;Ifco LiftLock;3.2;19.2;0;2000007960008;0;0;0;;
90032159;63871402;2026-03-25;BGH;Früchte + Gemüse;260;041328;1;;St;Eisberg Salat, 12 St;1.49;17.88;0.46488;7610632995181;0;0;1;;
90032159;63871402;2026-03-25;BGH;Früchte + Gemüse;270;044107;1;;kg;Peperoni Tricolor, Import, 5 kg;5.65;28.25;0.7345;7610632977132;0;0;1;;
90032159;63871402;2026-03-25;BGH;Früchte + Gemüse;271;000079;1;;St;Ifco LiftLock;3.2;3.2;0;2000007960008;0;0;0;;
90032159;63871402;2026-03-25;BGH;Früchte + Gemüse;280;040674;1;6;kg;Broccoli, ca. 6 kg;4.17;25.02;0.65052;2903734999993;0;0;1;;
90032159;63871402;2026-03-25;BGH;Früchte + Gemüse;281;000079;1;;St;Ifco LiftLock;3.2;3.2;0;2000007960008;0;0;0;;
90032159;63871402;2026-03-25;BGH;Früchte + Gemüse;290;040454;1;7.185;kg;Blumenkohl, ca. 7,5 kg;3.81;27.37485;0.7117461;2903704999992;0;0;1;;
90032159;63871402;2026-03-25;BGH;Früchte + Gemüse;291;000079;1;;St;Ifco LiftLock;3.2;3.2;0;2000007960008;0;0;0;;
90032159;63871402;2026-03-25;BGH;Früchte + Gemüse;300;044611;1;;kg;Rüebli / Karotten Gastro, gewaschen, Inland, 10 kg;1.73;17.3;0.4498;7628072012832;0;0;1;;
90032159;63871402;2026-03-25;BGH;Früchte + Gemüse;301;000079;1;;St;Ifco LiftLock;3.2;3.2;0;2000007960008;0;0;0;;
90032159;63871402;2026-03-25;BGH;Früchte + Gemüse;310;044664;1;5;kg;Karotten Pfälzer gelb gewaschen, 5 kg;2.68;13.4;0.3484;2992584999994;0;0;1;;
90032159;63871402;2026-03-25;BGH;Früchte + Gemüse;311;000079;1;;St;Ifco LiftLock;3.2;3.2;0;2000007960008;0;0;0;;
90032159;63871402;2026-03-25;BGH;Früchte + Gemüse;320;041704;1;5;kg;Fenchel, 5 kg;2.8;14;0.364;2903814999998;0;0;1;;
90032159;63871402;2026-03-25;BGH;Früchte + Gemüse;321;000079;1;;St;Ifco LiftLock;3.2;3.2;0;2000007960008;0;0;0;;
90032159;63871402;2026-03-25;BGH;Früchte + Gemüse;330;040026;4;;Tt;Raclette Kartoffeln, 2,5 kg;4.11;16.44;0.42744;7613399023012;0;0;1;;
90032159;63871402;2026-03-25;BGH;Früchte + Gemüse;340;040174;2;;kg;Kartoffeln ganz, roh, geschält, festkochend, 5 kg;3.33;33.3;0.8658;7613399037231;0;0;1;;
90032159;63871402;2026-03-25;BGH;Früchte + Gemüse;350;045882;2;;kg;Zwiebeln gross, 10 kg;1.35;27;0.702;7628072003557;0;1;7;;
90032159;63871402;2026-03-25;BGH;Früchte + Gemüse;351;000079;2;;St;Ifco LiftLock;3.2;6.4;0;2000007960008;0;0;0;;
90032159;63871402;2026-03-25;BGH;Früchte + Gemüse;360;045707;1;;kg;Zucchetti, 5 kg;3.21;16.05;0.4173;7610632980545;0;0;1;;
90032159;63871402;2026-03-25;BGH;Früchte + Gemüse;370;040257;1;;kg;Auberginen, 5 kg;4.11;20.55;0.5343;7610632977958;0;0;1;;
90032159;63871402;2026-03-25;BGH;Früchte + Gemüse;380;040968;3;;kg;Cherry Tomaten Rispen, 3 kg;6.66;59.94;1.55844;7610632949894;0;0;1;;
90032159;63871402;2026-03-25;BGH;Früchte + Gemüse;390;094403;1;;kg;Quality Bohnen mittelfein, Schweiz, TK, 2 x 2,5 kg;3.15;15.75;0.4095;7610034505537;0;1;1;;
90032159;63871402;2026-03-25;BGH;Metzgerei;400;069991;2;;kg;Quality ASC Crevetten Black Tiger, geschält, entdarmt, 26/30, tiefgekühlt, 1 kg;18.5;37;0.962;7610034506589;0;0;1;;
90032159;63871402;2026-03-25;BGH;Metzgerei;410;086713;1;1.431;kg;Bell Schwarzwald Rohschinken 1/2 ca. 1,5 kg;16.39;23.45409;0.60980634;2992423999994;0;1;1;;
90032159;63871402;2026-03-25;BGH;Metzgerei;420;001369;3;4.662;kg;Schweins-Filet ohne Strang, 3 x ca. 400 g;31.9;148.7178;3.8666628;97610011148811;0;0;1;;
90032159;63871402;2026-03-25;BGH;Nonfood;430;901180;2;;Pk;VC999 Vakuumbeutel kochfest 90 µm, 200 x 300 mm, Pack zu 100 Stück;22.14;44.28;3.58668;7640144910075;0;0;2;;
90032159;63871402;2026-03-25;BGH;Nonfood;440;930430;1;;Pk;VC999 Vakuumbeutel, 90 µm, 300 x 400 mm, Pack zu 100 Stück;21.95;21.95;1.77795;7640144910266;0;0;2;;
90032159;63871402;2026-03-25;BGH;Nonfood;450;974261;1;;Pk;Xerox Fotokopierpapier Performer A4 PEFC 80 g Karton zu 5 x 500 Blatt;6.11;30.55;2.47455;5017534506491;0;0;2;;
90032159;63871402;2026-03-25;BGH;Nonfood;460;995088;2;;St;Antirutschmatte schwarz 30 x150;4.88;9.76;0.79056;4007383760565;0;0;3;;
90032159;63871402;2026-03-25;BGH;Nonfood;470;991222;1;;Pk;Alustar Alubox ECO mit Deckel 0,4 l Pack zu 50 Stück;11.04;11.04;0.89424;7610222017507;0;0;3;;
90032159;63871402;2026-03-25;BGH;Früchte + Gemüse;480;000079;1;;St;Ifco LiftLock;3.2;3.2;0;2000007960008;0;0;0;;
90032159;63871402;2026-03-25;BGH;Früchte + Gemüse;490;000079;4;;St;Ifco LiftLock;3.2;12.8;0;2000007960008;0;0;0;;
90032159;63871402;2026-03-25;BGH;Früchte + Gemüse;500;000079;2;;St;Ifco LiftLock;3.2;6.4;0;2000007960008;0;0;0;;
90032159;63865728;2026-03-21;BGH;Früchte + Gemüse;10;000079;-17;;St;Ifco LiftLock;3.2;-54.4;0;2000007960008;0;0;0;;
90032159;63865728;2026-03-21;BGH;Früchte + Gemüse;10;040621;-1;;Be;BRESC Knoblauchpüree, 1 kg;15.5;-15.5;-0.403;8712698510120;0;1;1;;
90032159;63865728;2026-03-21;BGH;Food;10;580700;1;;kg;Le Dragon Siam Jasmin Reis, 10 kg;1.94;19.4;0.5044;7610294750128;0;1;1;;
90032159;63865728;2026-03-21;BGH;Food;20;209170;2;;kg;Quality Tagliatelle, 4-Ei, 6 mm, 5 kg;4.79;47.9;1.2454;7610034522718;0;1;1;;
90032159;63865728;2026-03-21;BGH;Food;30;102971;1;;kg;Economy Paniermehl, 5 kg;2.24;11.2;0.2912;4388040255021;0;0;1;;
90032159;63865728;2026-03-21;BGH;Food;40;250712;1;;Pk;Maggi Polenta Ticines, 188 g;3.21;32.1;0.8346;7610100510311;0;0;7;;
90032159;63865728;2026-03-21;BGH;Food;50;240190;1;;Bt;Le Dragon Sesamsamen schwarz, geröstet, 1 kg;7.95;7.95;0.2067;7613324113153;0;1;1;;
90032159;63865728;2026-03-21;BGH;Food;60;100431;3;;Fl;Blaze Balsamicosauce, dickflüssig, 380 ml;9.51;28.53;0.74178;8015352303909;0;0;1;;
90032159;63865728;2026-03-21;BGH;Food;70;246430;2;;Ds;Parmadoro Pelati gewürfelt, 6 x 2,95 kg;9.99;119.88;3.11688;7614200800921;0;1;1;;
90032159;63865728;2026-03-21;BGH;Nearfood;80;968700;24;;St;Zylinderkerze 70 x 200 mm, 90h, ecru;3.29;78.96;6.39576;7610054040247;0;1;2;;
90032159;63865728;2026-03-21;BGH;Molkerei/Backwaren;90;025040;2;;Kt;Quality Kaffeerahm Portionen 15%, UHT, 200 x 12 g;11.07;22.14;0.57564;7610034505124;0;0;1;;
90032159;63865728;2026-03-21;BGH;Molkerei/Backwaren;100;096271;2;;Pk;Quality Eigelb flüssig Import, Bodenhaltung, pasteurisiert, 1 kg;11.1;22.2;0.5772;7610034508835;0;1;1;;
90032159;63865728;2026-03-21;BGH;Molkerei/Backwaren;110;096261;2;;Pk;Quality Vollei flüssig Import, Bodenhaltung, pasteurisiert, 1 kg;6.6;13.2;0.3432;7610034507609;0;1;1;;
90032159;63865728;2026-03-21;BGH;Molkerei/Backwaren;120;013702;2;6.47;kg;Quality Raclette, eckig, 1/2 Laib ca. 3,2 kg;11.13;72.0111;1.8722886;2953272999993;0;0;1;;
90032159;63865728;2026-03-21;BGH;Molkerei/Backwaren;130;019372;4;;St;Soignon Bûche de chèvre, Weichkäse, 1 kg;17.03;68.12;1.77112;3523237481000;0;0;1;;
90032159;63865728;2026-03-21;BGH;Molkerei/Backwaren;140;029717;2;;St;Natura Bio Tofu nature, 1,25 kg;10.75;21.5;0.559;7610034530089;0;0;7;;
90032159;63865728;2026-03-21;BGH;Molkerei/Backwaren;150;022600;1;;Tp;Quality Vollmilch 3,5%, UHT, 12 x 1 l;1.28;15.36;0.39936;7610034507807;0;0;1;;
90032159;63865728;2026-03-21;BGH;Früchte + Gemüse;160;040968;5;;kg;Cherry Tomaten Rispen, 3 kg;5.24;78.6;2.0436;7610632949894;0;0;1;;
90032159;63865728;2026-03-21;BGH;Früchte + Gemüse;170;040674;1;6;kg;Broccoli, ca. 6 kg;2.98;17.88;0.46488;2903734999993;0;0;1;;
90032159;63865728;2026-03-21;BGH;Früchte + Gemüse;171;000079;1;;St;Ifco LiftLock;3.2;3.2;0;2000007960008;0;0;0;;
90032159;63865728;2026-03-21;BGH;Früchte + Gemüse;180;040454;1;8.12;kg;Blumenkohl, ca. 7,5 kg;2.86;23.2232;0.6038032;2903704999992;0;0;1;;
90032159;63865728;2026-03-21;BGH;Früchte + Gemüse;181;000079;1;;St;Ifco LiftLock;3.2;3.2;0;2000007960008;0;0;0;;
90032159;63865728;2026-03-21;BGH;Früchte + Gemüse;190;044107;2;;kg;Peperoni Tricolor, Import, 5 kg;5.41;54.1;1.4066;7610632977132;0;0;1;;
90032159;63865728;2026-03-21;BGH;Früchte + Gemüse;191;000079;2;;St;Ifco LiftLock;3.2;6.4;0;2000007960008;0;0;0;;
90032159;63865728;2026-03-21;BGH;Früchte + Gemüse;200;044611;1;;kg;Rüebli / Karotten Gastro, gewaschen, Inland, 10 kg;1.73;17.3;0.4498;7628072012832;0;0;1;;
90032159;63865728;2026-03-21;BGH;Früchte + Gemüse;201;000079;1;;St;Ifco LiftLock;3.2;3.2;0;2000007960008;0;0;0;;
90032159;63865728;2026-03-21;BGH;Früchte + Gemüse;210;048130;1;;kg;Orangen blond, gepackt, ca. 2 kg;1.85;3.7;0.0962;7613399009115;0;1;7;;
90032159;63865728;2026-03-21;BGH;Früchte + Gemüse;220;047248;1;;St;Feigen frisch, 24 St;1.43;34.32;0.89232;7610632000939;0;0;1;;
90032159;63865728;2026-03-21;BGH;Früchte + Gemüse;230;048827;1;;kg;Zitronen, 6 kg;2.35;14.1;0.3666;7610632320723;0;1;1;;
90032159;63865728;2026-03-21;BGH;Früchte + Gemüse;231;000079;1;;St;Ifco LiftLock;3.2;3.2;0;2000007960008;0;0;0;;
90032159;63865728;2026-03-21;BGH;Früchte + Gemüse;240;048787;1;;kg;Trauben gemischt weiss / blau, 5 kg;5.24;26.2;0.6812;7610632261217;0;0;1;;
90032159;63865728;2026-03-21;BGH;Früchte + Gemüse;250;040621;1;;Be;BRESC Knoblauchpüree, 1 kg;15.5;15.5;0.403;8712698510120;0;1;1;;
90032159;63865728;2026-03-21;BGH;Früchte + Gemüse;260;040171;2;;kg;Kartoffeln ganz, roh, geschält, mehligkochend, 5 kg;3.33;33.3;0.8658;7613399037255;0;0;1;;
90032159;63865728;2026-03-21;BGH;Früchte + Gemüse;270;042780;6;;St;Kopfsalat rot / grün, gemischt, 8 St;2.37;113.76;2.95776;7613399056126;0;0;7;;
90032159;63865728;2026-03-21;BGH;Früchte + Gemüse;271;000079;6;;St;Ifco LiftLock;3.2;19.2;0;2000007960008;0;0;0;;
90032159;63865728;2026-03-21;BGH;Früchte + Gemüse;280;044549;1;;kg;Rucola / Rauke, 1 kg;13.45;13.45;0.3497;7610632992456;0;0;1;;
90032159;63865728;2026-03-21;BGH;Früchte + Gemüse;290;045707;1;;kg;Zucchetti, 5 kg;3.39;16.95;0.4407;7610632980545;0;0;1;;
90032159;63865728;2026-03-21;BGH;Früchte + Gemüse;300;044327;3;;kg;Quality Randen ganz geschält, pasteurisiert, 3 kg;4;36;0.936;7610034527584;0;0;1;;
90032159;63865728;2026-03-21;BGH;Früchte + Gemüse;310;045080;3;2.5;kg;Stangensellerie gepackt, 1 - 2 St / ca. 800 g;3.99;9.975;0.25935;2904130999990;0;0;1;;
90032159;63865728;2026-03-21;BGH;Früchte + Gemüse;320;000079;1;;St;Ifco LiftLock;3.2;3.2;0;2000007960008;0;0;0;;
90032159;63865728;2026-03-21;BGH;Früchte + Gemüse;330;000079;1;;St;Ifco LiftLock;3.2;3.2;0;2000007960008;0;0;0;;
90032159;63865728;2026-03-21;BGH;Früchte + Gemüse;340;000079;2;;St;Ifco LiftLock;3.2;6.4;0;2000007960008;0;0;0;;
90032159;63865728;2026-03-21;BGH;Früchte + Gemüse;350;000079;3;;St;Ifco LiftLock;3.2;9.6;0;2000007960008;0;0;0;;
90032159;63860122;2026-03-18;BGH;Früchte + Gemüse;10;000079;-20;;St;Ifco LiftLock;3.2;-64;0;2000007960008;0;0;0;;
90032159;63860122;2026-03-18;BGH;Food;10;235140;1;;Sa;Riso Gallo Arborio, 5 kg;34.58;34.58;0.89908;8001420000870;0;0;1;;
90032159;63860122;2026-03-18;BGH;Food;10;249670;2;;Ds;Quality Apfelmus, 2,7 kg;7.85;15.7;0.4082;7610034511392;0;0;1;;
90032159;63860122;2026-03-18;BGH;Food;20;511410;1;;Ds;Economy Sweet Corn - Maiskörner, 6 x 2,125 kg;5.25;31.5;0.819;7610034526075;0;0;1;;
90032159;63860122;2026-03-18;BGH;Food;30;102971;1;;kg;Economy Paniermehl, 5 kg;2.24;11.2;0.2912;4388040255021;0;0;1;;
90032159;63860122;2026-03-18;BGH;Food;40;580230;2;;Bt;Le Dragon Panko Paniermehl, 1 kg;6.67;13.34;0.34684;7613324116680;0;0;1;;
90032159;63860122;2026-03-18;BGH;Food;50;115081;1;;Lt;Quality Frito 2000 Gold, Frittieröl, 20 l;4.96;99.2;2.5792;7610034515079;0;0;1;;
90032159;63860122;2026-03-18;BGH;Food;60;100080;1;;Lt;Quality Rapsöl, 20 l;3.52;70.4;1.8304;7610034515147;0;0;1;;
90032159;63860122;2026-03-18;BGH;Food;70;428120;1;;Fl;Nectaflor Blütenhonig, 2,8 kg;23.5;23.5;0.611;7610184010080;0;1;1;;
90032159;63860122;2026-03-18;BGH;Food;80;258650;1;;kg;Knorr Professional Sauce Demi-Glace, 4 kg;25.03;100.12;2.60312;7611100346320;0;0;1;;
90032159;63860122;2026-03-18;BGH;Food;90;228001;1;;Pk;Weissmehl, 10 x 1 kg;1.7;17;0.442;7610803013430;0;0;1;;
90032159;63860122;2026-03-18;BGH;Molkerei/Backwaren;100;022600;1;;Tp;Quality Vollmilch 3,5%, UHT, 12 x 1 l;1.28;15.36;0.39936;7610034507807;0;0;1;;
90032159;63860122;2026-03-18;BGH;Molkerei/Backwaren;110;024440;1;;Tp;Quality Vollrahm 35%, UHT, 12 x 1 l;5.9;70.8;1.8408;7610034505315;0;0;1;;
90032159;63860122;2026-03-18;BGH;Molkerei/Backwaren;120;096261;4;;Pk;Quality Vollei flüssig Import, Bodenhaltung, pasteurisiert, 1 kg;7.8;31.2;0.8112;7610034507609;0;0;1;;
90032159;63860122;2026-03-18;BGH;Molkerei/Backwaren;130;095210;1;;St;Eier Import, Bodenhaltung, 53g+, 90 Stück;0.4;36;0.936;7640104163138;0;0;1;;
90032159;63860122;2026-03-18;BGH;Molkerei/Backwaren;140;016601;2;;kg;Quality Grana Padano DOP, gerieben, 1 kg;16.9;33.8;0.8788;4388040340352;0;0;7;;
90032159;63860122;2026-03-18;BGH;Früchte + Gemüse;150;040454;1;6.375;kg;Blumenkohl, ca. 7,5 kg;2.86;18.2325;0.474045;2903704999992;0;0;1;;
90032159;63860122;2026-03-18;BGH;Früchte + Gemüse;151;000079;1;;St;Ifco LiftLock;3.2;3.2;0;2000007960008;0;0;0;;
90032159;63860122;2026-03-18;BGH;Früchte + Gemüse;160;041328;1;;St;Eisberg Salat, 12 St;0.99;11.88;0.30888;7610632995181;0;1;1;;
90032159;63860122;2026-03-18;BGH;Früchte + Gemüse;170;040674;1;6;kg;Broccoli, ca. 6 kg;2.98;17.88;0.46488;2903734999993;0;0;1;;
90032159;63860122;2026-03-18;BGH;Früchte + Gemüse;171;000079;1;;St;Ifco LiftLock;3.2;3.2;0;2000007960008;0;0;0;;
90032159;63860122;2026-03-18;BGH;Früchte + Gemüse;180;044107;1;;kg;Peperoni Tricolor, Import, 5 kg;5.2;26;0.676;7610632977132;0;1;1;;
90032159;63860122;2026-03-18;BGH;Früchte + Gemüse;181;000079;1;;St;Ifco LiftLock;3.2;3.2;0;2000007960008;0;0;0;;
90032159;63860122;2026-03-18;BGH;Früchte + Gemüse;190;045707;1;;kg;Zucchetti, 5 kg;3.21;16.05;0.4173;7610632980545;0;0;1;;
90032159;63860122;2026-03-18;BGH;Früchte + Gemüse;200;040257;1;;kg;Auberginen, 5 kg;3.99;19.95;0.5187;7610632977958;0;0;1;;
90032159;63860122;2026-03-18;BGH;Früchte + Gemüse;210;049135;5;;kg;Champignons weiss, frisch, 1 kg;8.53;42.65;1.1089;7610632995211;0;0;1;;
90032159;63860122;2026-03-18;BGH;Früchte + Gemüse;220;040026;2;;Tt;Raclette Kartoffeln, 2,5 kg;4.11;8.22;0.21372;7613399023012;0;0;1;;
90032159;63860122;2026-03-18;BGH;Früchte + Gemüse;240;000079;3;;St;Ifco LiftLock;3.2;9.6;0;2000007960008;0;0;0;;
90032159;63860122;2026-03-18;BGH;Früchte + Gemüse;250;000079;2;;St;Ifco LiftLock;3.2;6.4;0;2000007960008;0;0;0;;
90032159;63854059;2026-03-14;BGH;Früchte + Gemüse;10;000079;-19;;St;Ifco LiftLock;3.2;-60.8;0;2000007960008;0;0;0;;
90032159;63854059;2026-03-14;BGH;Metzgerei;10;002176;1;4.206;kg;Poulet-Brust suprême jaune, tiefgekühlt, Frankreich, 8 x 4 x 200-220 g, ca. 6,7 kg;18.5;77.811;2.023086;2954800999997;0;0;1;;
90032159;63854059;2026-03-14;BGH;Food;10;410091;1;;kg;Barilla Maccheroni, n° 44, 5 kg;3.76;18.8;0.4888;8076800035445;0;0;1;;
90032159;63854059;2026-03-14;BGH;Food;10;512630;3;;Ds;Quality Pfeffer schwarz gemahlen, 355 g;11.07;33.21;0.86346;7610034518995;0;0;1;;
90032159;63854059;2026-03-14;BGH;Molkerei/Backwaren;20;005010;1;;kg;Quality Joghurt Nature, 3 kg;2.46;7.38;0.19188;7610034534230;0;0;7;;
90032159;63854059;2026-03-14;BGH;Molkerei/Backwaren;20;010131;2;;Pk;Berner Alphobelkäse AOP, gerollt, 600 g;27.95;55.9;1.4534;7600400001121;0;0;1;;
90032159;63854059;2026-03-14;BGH;Molkerei/Backwaren;30;010843;1;1.072;kg;Emmi Luzerner Rahmkäse, 1/4 Laib ca. 1,1 kg;22.51;24.13072;0.62739872;2900223999991;0;0;1;;
90032159;63854059;2026-03-14;BGH;Molkerei/Backwaren;30;013702;3;10.001;kg;Quality Raclette, eckig, 1/2 Laib ca. 3,2 kg;11.13;111.31113;2.89408938;2953272999993;0;0;1;;
90032159;63854059;2026-03-14;BGH;Molkerei/Backwaren;40;012590;1;1.016;kg;Quality Brie Sandwich, 1/1 Laib ca. 1 kg;14.34;14.56944;0.37880544;2986872999995;0;0;1;;
90032159;63854059;2026-03-14;BGH;Früchte + Gemüse;40;042020;1;;St;Gurken 400 - 500 g / St, 4 St;1.61;6.44;0.16744;7610632994153;0;0;1;;
90032159;63854059;2026-03-14;BGH;Früchte + Gemüse;50;000079;1;;St;Ifco LiftLock;3.2;3.2;0;2000007960008;0;0;0;;
90032159;63854059;2026-03-14;BGH;Molkerei/Backwaren;50;099821;3;;St;Romer's Gasterländer Birnbrot, einzeln verpackt, 470 g;4.92;14.76;0.38376;7611075011117;0;0;1;;
90032159;63854059;2026-03-14;BGH;Molkerei/Backwaren;60;027310;1;;kg;Economy Butter, 10 x 1 kg;13.35;133.5;3.471;7610034508224;0;0;1;;
90032159;63854059;2026-03-14;BGH;Molkerei/Backwaren;70;022600;1;;Tp;Quality Vollmilch 3,5%, UHT, 12 x 1 l;1.28;15.36;0.39936;7610034507807;0;0;1;;
90032159;63854059;2026-03-14;BGH;Molkerei/Backwaren;80;024673;1;;Ke;Quality Crème Fraîche, Sauerrahm 35%, 2,5 kg;24.76;24.76;0.64376;7610034514973;0;0;1;;
90032159;63854059;2026-03-14;BGH;Früchte + Gemüse;90;040111;1;;kg;Kartoffeln, festkochend, 10 kg;1.3;13;0.338;7628072012870;0;1;1;;
90032159;63854059;2026-03-14;BGH;Früchte + Gemüse;91;000079;1;;St;Ifco LiftLock;3.2;3.2;0;2000007960008;0;0;0;;
90032159;63854059;2026-03-14;BGH;Früchte + Gemüse;100;040141;1;;kg;Kartoffeln, mehligkochend, 10 kg;1.55;15.5;0.403;7628072012887;0;0;1;;
90032159;63854059;2026-03-14;BGH;Früchte + Gemüse;101;000079;1;;St;Ifco LiftLock;3.2;3.2;0;2000007960008;0;0;0;;
90032159;63854059;2026-03-14;BGH;Früchte + Gemüse;110;040674;1;6;kg;Broccoli, ca. 6 kg;2.98;17.88;0.46488;2903734999993;0;0;1;;
90032159;63854059;2026-03-14;BGH;Früchte + Gemüse;111;000079;1;;St;Ifco LiftLock;3.2;3.2;0;2000007960008;0;0;0;;
90032159;63854059;2026-03-14;BGH;Früchte + Gemüse;120;040454;1;10.235;kg;Blumenkohl, ca. 7,5 kg;2.74;28.0439;0.7291414;2903704999992;0;0;1;;
90032159;63854059;2026-03-14;BGH;Früchte + Gemüse;121;000079;1;;St;Ifco LiftLock;3.2;3.2;0;2000007960008;0;0;0;;
90032159;63854059;2026-03-14;BGH;Früchte + Gemüse;130;044611;1;;kg;Rüebli / Karotten Gastro, gewaschen, Inland, 10 kg;1.73;17.3;0.4498;7628072012832;0;0;1;;
90032159;63854059;2026-03-14;BGH;Früchte + Gemüse;131;000079;1;;St;Ifco LiftLock;3.2;3.2;0;2000007960008;0;0;0;;
90032159;63854059;2026-03-14;BGH;Früchte + Gemüse;140;044664;1;5;kg;Karotten Pfälzer gelb gewaschen, 5 kg;2.68;13.4;0.3484;2992584999994;0;0;1;;
90032159;63854059;2026-03-14;BGH;Früchte + Gemüse;141;000079;1;;St;Ifco LiftLock;3.2;3.2;0;2000007960008;0;0;0;;
90032159;63854059;2026-03-14;BGH;Früchte + Gemüse;150;041704;1;5;kg;Fenchel, 5 kg;2.14;10.7;0.2782;2903814999998;0;0;1;;
90032159;63854059;2026-03-14;BGH;Früchte + Gemüse;151;000079;1;;St;Ifco LiftLock;3.2;3.2;0;2000007960008;0;0;0;;
90032159;63854059;2026-03-14;BGH;Früchte + Gemüse;160;040257;1;;kg;Auberginen, 5 kg;2.74;13.7;0.3562;7610632977958;0;0;1;;
90032159;63854059;2026-03-14;BGH;Früchte + Gemüse;170;045707;1;;kg;Zucchetti, 5 kg;2.44;12.2;0.3172;7610632980545;0;0;1;;
90032159;63854059;2026-03-14;BGH;Früchte + Gemüse;180;045355;1;2.525;kg;Tomaten mit Rispen, ca. 2,5 kg;3.99;10.07475;0.2619435;2960415999994;0;0;1;;
90032159;63854059;2026-03-14;BGH;Früchte + Gemüse;190;047248;1;;St;Feigen frisch, 24 St;1.37;32.88;0.85488;7610632000939;0;0;1;;
90032159;63854059;2026-03-14;BGH;Früchte + Gemüse;200;048827;1;;kg;Zitronen, 6 kg;2.56;15.36;0.39936;7610632320723;0;0;1;;
90032159;63854059;2026-03-14;BGH;Früchte + Gemüse;201;000079;1;;St;Ifco LiftLock;3.2;3.2;0;2000007960008;0;0;0;;
90032159;63854059;2026-03-14;BGH;Früchte + Gemüse;210;048130;1;;kg;Orangen blond, gepackt, ca. 2 kg;2.14;4.28;0.11128;7613399009115;0;0;7;;
90032159;63854059;2026-03-14;BGH;Früchte + Gemüse;220;040329;1;;Bt;Basilikum, 1 kg;29.69;29.69;0.77194;7610632989975;0;0;1;;
90032159;63854059;2026-03-14;BGH;Früchte + Gemüse;230;044715;8;;St;Salanova Multiblatt assortiert, 8 St;2.62;167.68;4.35968;7610632963678;0;0;1;;
90032159;63854059;2026-03-14;BGH;Früchte + Gemüse;231;000079;8;;St;Ifco LiftLock;3.2;25.6;0;2000007960008;0;0;0;;
90032159;63854059;2026-03-14;BGH;Früchte + Gemüse;240;041328;1;;St;Eisberg Salat, 12 St;0.99;11.88;0.30888;7610632995181;0;1;1;;
90032159;63854059;2026-03-14;BGH;Früchte + Gemüse;250;040968;2;;kg;Cherry Tomaten Rispen, 3 kg;4.74;28.44;0.73944;7610632949894;0;0;1;;
90032159;63854059;2026-03-14;BGH;Früchte + Gemüse;260;045882;1;;kg;Zwiebeln gross, 10 kg;1.64;16.4;0.4264;7628072003557;0;0;7;;
90032159;63854059;2026-03-14;BGH;Früchte + Gemüse;261;000079;1;;St;Ifco LiftLock;3.2;3.2;0;2000007960008;0;0;0;;
90032159;63854059;2026-03-14;BGH;Metzgerei;270;075109;10;;St;Bell St. Galler OLMA-Bratwurst, IGP, 5 x 160 g;2.25;112.5;2.925;7610162233784;0;0;1;;
90032159;63854059;2026-03-14;BGH;Metzgerei;280;087443;2;0.782;kg;Appenzeller Mostbröckli 1/2, IGP, ca. 450 g;63.9;49.9698;1.2992148;2976861999990;0;0;1;;
90032159;63854059;2026-03-14;BGH;Metzgerei;290;002279;1;1.218;kg;Bell Bündner Rohschinken, ohne Schwarte, 1/2, ca. 1,2 kg;32.8;39.9504;1.0387104;2965452999990;0;0;1;;
90032159;63854059;2026-03-14;BGH;Metzgerei;300;054886;2;10.062;kg;Rinds-Voressen II, ca. 5 kg;19.9;200.2338;5.2060788;2906422999992;0;0;1;;
90032159;63854059;2026-03-14;BGH;Metzgerei;310;068574;1;;kg;Zander Filet, mit Haut, ca. 40 - 70 g, tiefgekühlt, 5 kg;10.9;54.5;1.417;7610162296680;0;1;1;;
90032159;63854059;2026-03-14;BGH;Früchte + Gemüse;320;000079;1;;St;Ifco LiftLock;3.2;3.2;0;2000007960008;0;0;0;;
90032159;63847831;2026-03-11;BGH;Früchte + Gemüse;10;000079;-22;;St;Ifco LiftLock;3.2;-70.4;0;2000007960008;0;0;0;;
90032159;63847831;2026-03-11;BGH;Food;10;125410;2;;Lt;Economy Olivenöl extra vergine Spanien, 5 l;7.98;79.8;2.0748;8413080025689;0;0;1;;
90032159;63847831;2026-03-11;BGH;Nearfood;20;813141;1;;Bi;Topmatic Plus Geschirrspülmittel, 25 kg;327.23;327.23;26.50563;4028159012190;0;0;2;;
90032159;63847831;2026-03-11;BGH;Molkerei/Backwaren;30;096261;3;;Pk;Quality Vollei flüssig Import, Bodenhaltung, pasteurisiert, 1 kg;7.8;23.4;0.6084;7610034507609;0;0;1;;
90032159;63847831;2026-03-11;BGH;Molkerei/Backwaren;40;027210;1;;Kt;Emmi Premium Butterportionen, Becher, 96 x 10 g;21.67;21.67;0.56342;7610900146291;0;0;1;;
90032159;63847831;2026-03-11;BGH;Molkerei/Backwaren;50;024440;1;;Tp;Quality Vollrahm 35%, UHT, 12 x 1 l;5.9;70.8;1.8408;7610034505315;0;0;1;;
90032159;63847831;2026-03-11;BGH;Molkerei/Backwaren;60;019372;4;;St;Soignon Bûche de chèvre, Weichkäse, 1 kg;17.03;68.12;1.77112;3523237481000;0;0;1;;
90032159;63847831;2026-03-11;BGH;Molkerei/Backwaren;70;025040;2;;Kt;Quality Kaffeerahm Portionen 15%, UHT, 200 x 12 g;11.07;22.14;0.57564;7610034505124;0;0;1;;
90032159;63847831;2026-03-11;BGH;Früchte + Gemüse;80;040968;3;;kg;Cherry Tomaten Rispen, 3 kg;3.8;34.2;0.8892;7610632949894;0;1;1;;
90032159;63847831;2026-03-11;BGH;Früchte + Gemüse;90;045707;1;;kg;Zucchetti, 5 kg;2.44;12.2;0.3172;7610632980545;0;0;1;;
90032159;63847831;2026-03-11;BGH;Früchte + Gemüse;100;040257;1;;kg;Auberginen, 5 kg;2.5;12.5;0.325;7610632977958;0;1;1;;
90032159;63847831;2026-03-11;BGH;Früchte + Gemüse;110;047248;1;;St;Feigen frisch, 24 St;1.37;32.88;0.85488;7610632000939;0;0;1;;
90032159;63847831;2026-03-11;BGH;Früchte + Gemüse;120;041556;5;;Ne;Eschalotten, gepackt, 1 kg;4.7;23.5;0.611;7610632974964;0;0;1;;
90032159;63847831;2026-03-11;BGH;Früchte + Gemüse;130;044538;1;;Bt;Rosmarin, 250 g;8.81;8.81;0.22906;7610632969816;0;0;1;;
90032159;63847831;2026-03-11;BGH;Früchte + Gemüse;140;049135;10;;kg;Champignons weiss, frisch, 1 kg;8.53;85.3;2.2178;7610632995211;0;0;1;;
90032159;63847831;2026-03-11;BGH;Früchte + Gemüse;150;044715;5;;St;Salanova Multiblatt assortiert, 8 St;2.62;104.8;2.7248;7610632963678;0;0;1;;
90032159;63847831;2026-03-11;BGH;Früchte + Gemüse;151;000079;5;;St;Ifco LiftLock;3.2;16;0;2000007960008;0;0;0;;
90032159;63847831;2026-03-11;BGH;Früchte + Gemüse;160;044611;1;;kg;Rüebli / Karotten Gastro, gewaschen, Inland, 10 kg;1.2;12;0.312;7628072012832;0;1;1;;
90032159;63847831;2026-03-11;BGH;Früchte + Gemüse;161;000079;1;;St;Ifco LiftLock;3.2;3.2;0;2000007960008;0;0;0;;
90032159;63847831;2026-03-11;BGH;Früchte + Gemüse;170;044861;2;5.67;kg;Knollensellerie gepackt, 3 St ca. 2,4 kg;3.21;18.2007;0.4732182;2904751999997;0;0;1;;
90032159;63847831;2026-03-11;BGH;Früchte + Gemüse;180;044156;2;;Bt;Petersilie gekraust, gepackt, 500 g;7.38;14.76;0.38376;7610632995082;0;0;1;;
90032159;63847831;2026-03-11;BGH;Früchte + Gemüse;190;043204;1;5;kg;Lauch grün, ca. 5 kg;4.28;21.4;0.5564;2903924999994;0;0;1;;
90032159;63847831;2026-03-11;BGH;Früchte + Gemüse;191;000079;1;;St;Ifco LiftLock;3.2;3.2;0;2000007960008;0;0;0;;
90032159;63847831;2026-03-11;BGH;Früchte + Gemüse;200;045882;1;;kg;Zwiebeln gross, 10 kg;1.64;16.4;0.4264;7628072003557;0;0;7;;
90032159;63847831;2026-03-11;BGH;Früchte + Gemüse;201;000079;1;;St;Ifco LiftLock;3.2;3.2;0;2000007960008;0;0;0;;
90032159;63847831;2026-03-11;BGH;Nonfood;210;991228;2;;Rl;Jet-Cut Frischhaltefolie PE Refill 45 cm x 500 m;27.25;54.5;4.4145;7610222701741;0;0;2;;
90032159;63847831;2026-03-11;BGH;Früchte + Gemüse;220;000079;3;;St;Ifco LiftLock;3.2;9.6;0;2000007960008;0;0;0;;
90032159;63847831;2026-03-11;BGH;Früchte + Gemüse;230;000079;5;;St;Ifco LiftLock;3.2;16;0;2000007960008;0;0;0;;
90032159;63841738;2026-03-07;BGH;Früchte + Gemüse;10;000079;-22;;St;Ifco LiftLock;3.2;-70.4;0;2000007960008;0;0;0;;
90032159;63841738;2026-03-07;BGH;Früchte + Gemüse;10;048130;5;;kg;Orangen blond, gepackt, ca. 2 kg;2.14;21.4;0.5564;7613399009115;0;0;7;;
90032159;63841738;2026-03-07;BGH;Food;10;565650;2;;Kt;Heinz Tomato Ketchup, Beutel Cube, 100 x 20 g;19.72;39.44;1.02544;5413226100075;0;0;1;;
90032159;63841738;2026-03-07;BGH;Nearfood;10;992830;4;;Kt;Quality Handtuch W-Falz, 2-lagig, weiss, 15 x 125 St;34.39;137.56;11.14236;7610034509610;0;0;3;;
90032159;63841738;2026-03-07;BGH;Früchte + Gemüse;20;048827;1;;kg;Zitronen, 6 kg;2.56;15.36;0.39936;7610632320723;0;0;1;;
90032159;63841738;2026-03-07;BGH;Food;20;510190;2;;Kt;Quality Mayonnaise Portionen, 100 x 17 g;22.2;44.4;1.1544;7610034516588;0;0;1;;
90032159;63841738;2026-03-07;BGH;Nearfood;20;813293;1;;Bi;Renolit Plus Fettlöser, 20 kg;321.16;321.16;26.01396;4028159036226;0;0;2;;
90032159;63841738;2026-03-07;BGH;Früchte + Gemüse;21;000079;1;;St;Ifco LiftLock;3.2;3.2;0;2000007960008;0;0;0;;
90032159;63841738;2026-03-07;BGH;Früchte + Gemüse;30;043598;1;;Bt;Minze, 250 g;8.81;8.81;0.22906;7610632977873;0;0;1;;
90032159;63841738;2026-03-07;BGH;Food;30;111410;2;;Pk;Quality Zuckersticks schwarz, 1000 x 5 g;16.72;33.44;0.86944;7610034510647;0;0;1;;
90032159;63841738;2026-03-07;BGH;Nearfood;30;992093;4;;Pk;Quality Toilettenpapier, 4-lagig, weiss, 160 Blatt, 24 Rl;16.54;66.16;5.35896;7610034532120;0;0;3;;
90032159;63841738;2026-03-07;BGH;Metzgerei;40;086320;1;1.124;kg;Tradiziun Trockenfleisch 1/2, Irland, ca. 1,35 kg;55.9;62.8316;1.6336216;2964790999990;0;0;7;;
90032159;63841738;2026-03-07;BGH;Food;40;314871;1;;Bt;Economy Chips Nature, 12 x 400 g;4.52;54.24;1.41024;7610034534223;0;0;1;;
90032159;63841738;2026-03-07;BGH;Nearfood;40;819941;1;;Fl;Greasecutter Fast Foam, Grillreniger und Fettlöser, 4 x 750 ml;27.99;111.96;9.06876;4028159052813;0;0;3;;
90032159;63841738;2026-03-07;BGH;Metzgerei;50;001369;8;10.154;kg;Schweins-Filet ohne Strang, 3 x ca. 400 g;31.9;323.9126;8.4217276;97610011148811;0;0;1;;
90032159;63841738;2026-03-07;BGH;Food;50;366101;1;;Bt;Economy Erdnüsse, gesalzen, geröstet, 4 x 2,5 kg;11.29;45.16;1.17416;7610815092119;0;0;1;;
90032159;63841738;2026-03-07;BGH;Nearfood;50;819911;1;;Fl;Sirafan Speed, Schnelldesinfektion, 6 x 750 ml;21.05;126.3;10.2303;4028159033072;0;0;3;;
90032159;63841738;2026-03-07;BGH;Metzgerei;60;001976;1;5.24;kg;Quality GGAP Lachs Filet, mit Haut, grätenarm, ca. 1,0 - 1,4 kg;17.95;94.058;2.445508;97610162230489;0;1;1;;
90032159;63841738;2026-03-07;BGH;Food;60;511101;1;;Gl;Quality Kapernäpfel mit Stiel, 1,695 kg;20.95;20.95;0.5447;7610034524897;0;0;1;;
90032159;63841738;2026-03-07;BGH;Früchte + Gemüse;70;000079;1;;St;Ifco LiftLock;3.2;3.2;0;2000007960008;0;0;0;;
90032159;63841738;2026-03-07;BGH;Food;70;511501;1;;Ds;Economy Oliven schwarz entsteint, 4,25 kg;13.86;13.86;0.36036;4388040253720;0;0;1;;
90032159;63841738;2026-03-07;BGH;Food;80;249670;1;;Ds;Quality Apfelmus, 2,7 kg;7.85;7.85;0.2041;7610034511392;0;0;1;;
90032159;63841738;2026-03-07;BGH;Food;90;580230;2;;Bt;Le Dragon Panko Paniermehl, 1 kg;6.67;13.34;0.34684;7613324116680;0;0;1;;
90032159;63841738;2026-03-07;BGH;Food;100;241600;1;;kg;Economy Cornflakes, 3 x 2 kg;5.59;33.54;0.87204;4388040262890;0;0;1;;
90032159;63841738;2026-03-07;BGH;Food;110;391251;2;;Ke;Economy Salat-Mayonnaise, 9,4 kg;30.03;60.06;1.56156;7610034511705;0;0;1;;
90032159;63841738;2026-03-07;BGH;Food;120;510221;1;;Ke;Quality Senf mild, 5,25 kg;8.99;8.99;0.23374;7610034509276;0;1;1;;
90032159;63841738;2026-03-07;BGH;Food;130;100080;1;;Lt;Quality Rapsöl, 20 l;3.52;70.4;1.8304;7610034515147;0;0;1;;
90032159;63841738;2026-03-07;BGH;Food;140;391200;1;;kg;Economy Langkornreis Parboiled, 10 kg;1.52;15.2;0.3952;7610034535756;0;0;1;;
90032159;63841738;2026-03-07;BGH;Nearfood;150;968700;30;;St;Zylinderkerze 70 x 200 mm, 90h, ecru;3.95;118.5;9.5985;7610054040247;0;0;2;;
90032159;63841738;2026-03-07;BGH;Molkerei/Backwaren;160;005010;1;;kg;Quality Joghurt Nature, 3 kg;2.46;7.38;0.19188;7610034534230;0;0;7;;
90032159;63841738;2026-03-07;BGH;Molkerei/Backwaren;170;016601;2;;kg;Quality Grana Padano DOP, gerieben, 1 kg;16.9;33.8;0.8788;4388040340352;0;0;7;;
90032159;63841738;2026-03-07;BGH;Molkerei/Backwaren;180;024361;3;;Tp;Cremo Doppelrahm 45%, UHT, 5 dl;8.72;26.16;0.68016;7610434532843;0;0;1;;
90032159;63841738;2026-03-07;BGH;Molkerei/Backwaren;190;024440;2;;Tp;Quality Vollrahm 35%, UHT, 12 x 1 l;5.9;141.6;3.6816;7610034505315;0;0;1;;
90032159;63841738;2026-03-07;BGH;Molkerei/Backwaren;200;022600;2;;Tp;Quality Vollmilch 3,5%, UHT, 12 x 1 l;1.28;30.72;0.79872;7610034507807;0;0;1;;
90032159;63841738;2026-03-07;BGH;Früchte + Gemüse;210;047248;1;;St;Feigen frisch, 24 St;1.37;32.88;0.85488;7610632000939;0;0;1;;
90032159;63841738;2026-03-07;BGH;Früchte + Gemüse;220;044715;4;;St;Salanova Multiblatt assortiert, 8 St;2.62;83.84;2.17984;7610632963678;0;0;1;;
90032159;63841738;2026-03-07;BGH;Früchte + Gemüse;221;000079;4;;St;Ifco LiftLock;3.2;12.8;0;2000007960008;0;0;0;;
90032159;63841738;2026-03-07;BGH;Früchte + Gemüse;230;045355;6;15.225;kg;Tomaten mit Rispen, ca. 2,5 kg;3.39;51.61275;1.3419315;2960415999994;0;0;1;;
90032159;63841738;2026-03-07;BGH;Früchte + Gemüse;240;045882;1;;kg;Zwiebeln gross, 10 kg;1.64;16.4;0.4264;7628072003557;0;0;7;;
90032159;63841738;2026-03-07;BGH;Früchte + Gemüse;241;000079;1;;St;Ifco LiftLock;3.2;3.2;0;2000007960008;0;0;0;;
90032159;63841738;2026-03-07;BGH;Früchte + Gemüse;250;041556;5;;Ne;Eschalotten, gepackt, 1 kg;4.7;23.5;0.611;7610632974964;0;0;1;;
90032159;63841738;2026-03-07;BGH;Früchte + Gemüse;260;049135;15;;kg;Champignons weiss, frisch, 1 kg;8.53;127.95;3.3267;7610632995211;0;0;1;;
90032159;63841738;2026-03-07;BGH;Früchte + Gemüse;270;048787;1;;kg;Trauben gemischt weiss / blau, 5 kg;5.83;29.15;0.7579;7610632261217;0;0;1;;
90032159;63841738;2026-03-07;BGH;Früchte + Gemüse;280;040111;1;;kg;Kartoffeln, festkochend, 10 kg;1.55;15.5;0.403;7628072012870;0;0;1;;
90032159;63841738;2026-03-07;BGH;Früchte + Gemüse;281;000079;1;;St;Ifco LiftLock;3.2;3.2;0;2000007960008;0;0;0;;
90032159;63841738;2026-03-07;BGH;Früchte + Gemüse;290;040141;1;;kg;Kartoffeln, mehligkochend, 10 kg;1.55;15.5;0.403;7628072012887;0;0;1;;
90032159;63841738;2026-03-07;BGH;Früchte + Gemüse;291;000079;1;;St;Ifco LiftLock;3.2;3.2;0;2000007960008;0;0;0;;
90032159;63841738;2026-03-07;BGH;Früchte + Gemüse;300;041328;1;;St;Eisberg Salat, 12 St;1.18;14.16;0.36816;7610632995181;0;0;1;;
90032159;63841738;2026-03-07;BGH;Früchte + Gemüse;310;044664;1;5;kg;Karotten Pfälzer gelb gewaschen, 5 kg;2.68;13.4;0.3484;2992584999994;0;0;1;;
90032159;63841738;2026-03-07;BGH;Früchte + Gemüse;311;000079;1;;St;Ifco LiftLock;3.2;3.2;0;2000007960008;0;0;0;;
90032159;63841738;2026-03-07;BGH;Früchte + Gemüse;320;040257;1;;kg;Auberginen, 5 kg;2.5;12.5;0.325;7610632977958;0;1;1;;
90032159;63841738;2026-03-07;BGH;Metzgerei;330;087443;2;0.753;kg;Appenzeller Mostbröckli 1/2, IGP, ca. 450 g;63.9;48.1167;1.2510342;2976861999990;0;0;1;;
90032159;63841738;2026-03-07;BGH;Nonfood;340;991261;4;;Pk;Alustar Alubox mit Deckel Take Away 0,9 l Pack zu 25 Stück;8.69;34.76;2.81556;7610222701468;0;1;2;;
90032159;63841738;2026-03-07;BGH;Nonfood;350;991206;2;;Rl;Ecoline Frischhaltefolie PE Refill 30 cm x 300 m  9.5 µm;5.67;11.34;0.91854;7610588352007;0;0;2;;
90032159;63841738;2026-03-07;BGH;Früchte + Gemüse;360;000079;9;;St;Ifco LiftLock;3.2;28.8;0;2000007960008;0;0;0;;
90032159;63841738;2026-03-07;BGH;Früchte + Gemüse;370;000079;3;;St;Ifco LiftLock;3.2;9.6;0;2000007960008;0;0;0;;
90032159;63835761;2026-03-04;BGH;Früchte + Gemüse;10;000079;-9;;St;Ifco LiftLock;3.2;-28.8;0;2000007960008;0;0;0;;
90032159;63835761;2026-03-04;BGH;Food;10;115081;1;;Lt;Quality Frito 2000 Gold, Frittieröl, 20 l;4.96;99.2;2.5792;7610034515079;0;0;1;;
90032159;63835761;2026-03-04;BGH;Food;20;100080;1;;Lt;Quality Rapsöl, 20 l;3.52;70.4;1.8304;7610034515147;0;0;1;;
90032159;63835761;2026-03-04;BGH;Food;30;235440;1;;Lt;Quality Weissweinessig 4.5°, 10 l;2.19;21.9;0.5694;7610034516724;0;1;1;;
90032159;63835761;2026-03-04;BGH;Food;40;391050;1;;Ds;Quality Tomatenmark dreifach konzentriert, 6 x 800 g;3.35;20.1;0.5226;7610034509535;0;1;1;;
90032159;63835761;2026-03-04;BGH;Food;50;102971;2;;kg;Economy Paniermehl, 5 kg;2.24;22.4;0.5824;4388040255021;0;0;1;;
90032159;63835761;2026-03-04;BGH;Food;60;551932;2;;Ds;McCormick Zwiebelpulver, 260 g;10.06;20.12;0.52312;7610071881663;0;0;1;;
90032159;63835761;2026-03-04;BGH;Food;70;512630;1;;Ds;Quality Pfeffer schwarz gemahlen, 355 g;11.07;11.07;0.28782;7610034518995;0;0;1;;
90032159;63835761;2026-03-04;BGH;Molkerei/Backwaren;80;013702;2;6.082;kg;Quality Raclette, eckig, 1/2 Laib ca. 3,2 kg;11.13;67.69266;1.76000916;2953272999993;0;0;1;;
90032159;63835761;2026-03-04;BGH;Molkerei/Backwaren;90;024440;1;;Tp;Quality Vollrahm 35%, UHT, 12 x 1 l;5.9;70.8;1.8408;7610034505315;0;0;1;;
90032159;63835761;2026-03-04;BGH;Molkerei/Backwaren;100;027310;1;;kg;Economy Butter, 10 x 1 kg;13.35;133.5;3.471;7610034508224;0;0;1;;
90032159;63835761;2026-03-04;BGH;Molkerei/Backwaren;110;016781;2;;Sc;Quality Grana Padano DOP, Flocken, 500 g;9.96;19.92;0.51792;2001678190008;0;0;7;;
90032159;63835761;2026-03-04;BGH;Molkerei/Backwaren;120;024790;1;;Ds;Floralp Vollrahm 35%, ohne Zucker, UHT, 6 x 500 g;7.24;43.44;1.12944;7612300013173;0;0;7;;
90032159;63835761;2026-03-04;BGH;Molkerei/Backwaren;130;098030;1;;St;Romer's Buttertoastbrot, gebacken, einzeln verpackt, tiefgekühlt, 9 cm x 9 cm, 12 x 500 g;3.53;42.36;1.10136;7611075109609;0;0;1;;
90032159;63835761;2026-03-04;BGH;Molkerei/Backwaren;140;010131;1;;Pk;Berner Alphobelkäse AOP, gerollt, 600 g;27.95;27.95;0.7267;7600400001121;0;0;1;;
90032159;63835761;2026-03-04;BGH;Molkerei/Backwaren;150;095210;1;;St;Eier Import, Bodenhaltung, 53g+, 90 Stück;0.4;36;0.936;7640104163138;0;0;1;;
90032159;63835761;2026-03-04;BGH;Früchte + Gemüse;160;044107;1;;kg;Peperoni Tricolor, Import, 5 kg;4.94;24.7;0.6422;7610632977132;0;0;1;;
90032159;63835761;2026-03-04;BGH;Früchte + Gemüse;161;000079;1;;St;Ifco LiftLock;3.2;3.2;0;2000007960008;0;0;0;;
90032159;63835761;2026-03-04;BGH;Früchte + Gemüse;170;040111;1;;kg;Kartoffeln, festkochend, 10 kg;1.55;15.5;0.403;7628072012870;0;0;1;;
90032159;63835761;2026-03-04;BGH;Früchte + Gemüse;171;000079;1;;St;Ifco LiftLock;3.2;3.2;0;2000007960008;0;0;0;;
90032159;63835761;2026-03-04;BGH;Früchte + Gemüse;180;044715;7;;St;Salanova Multiblatt assortiert, 8 St;2.62;146.72;3.81472;7610632963678;0;0;1;;
90032159;63835761;2026-03-04;BGH;Früchte + Gemüse;181;000079;7;;St;Ifco LiftLock;3.2;22.4;0;2000007960008;0;0;0;;
90032159;63835761;2026-03-04;BGH;Früchte + Gemüse;190;040968;3;;kg;Cherry Tomaten Rispen, 3 kg;4.74;42.66;1.10916;7610632949894;0;0;1;;
90032159;63835761;2026-03-04;BGH;Früchte + Gemüse;200;045882;1;;kg;Zwiebeln gross, 10 kg;1.25;12.5;0.325;7628072003557;0;1;7;;
90032159;63835761;2026-03-04;BGH;Früchte + Gemüse;201;000079;1;;St;Ifco LiftLock;3.2;3.2;0;2000007960008;0;0;0;;
90032159;63835761;2026-03-04;BGH;Früchte + Gemüse;210;049135;5;;kg;Champignons weiss, frisch, 1 kg;8.53;42.65;1.1089;7610632995211;0;0;1;;
90032159;63835761;2026-03-04;BGH;Früchte + Gemüse;220;048827;1;;kg;Zitronen, 6 kg;2.68;16.08;0.41808;7610632320723;0;0;1;;
90032159;63835761;2026-03-04;BGH;Früchte + Gemüse;221;000079;1;;St;Ifco LiftLock;3.2;3.2;0;2000007960008;0;0;0;;
90032159;63835761;2026-03-04;BGH;Früchte + Gemüse;230;044611;1;;kg;Rüebli / Karotten Gastro, gewaschen, Inland, 10 kg;1.73;17.3;0.4498;7628072012832;0;0;1;;
90032159;63835761;2026-03-04;BGH;Früchte + Gemüse;231;000079;1;;St;Ifco LiftLock;3.2;3.2;0;2000007960008;0;0;0;;
90032159;63835761;2026-03-04;BGH;Früchte + Gemüse;240;048130;3;;kg;Orangen blond, gepackt, ca. 2 kg;2.14;12.84;0.33384;7613399009115;0;0;7;;
90032159;63835761;2026-03-04;BGH;Früchte + Gemüse;250;041507;8;;Sc;Erbsenspargelsprossen, 100 g;4.52;36.16;0.94016;7610632956366;0;0;1;;
90032159;63835761;2026-03-04;BGH;Früchte + Gemüse;270;045005;3;9;kg;Spinat, 3 kg;6.84;61.56;1.60056;2904065999997;0;0;1;;
90032159;63835761;2026-03-04;BGH;Früchte + Gemüse;271;000079;3;;St;Ifco LiftLock;3.2;9.6;0;2000007960008;0;0;0;;
90032159;63835761;2026-03-04;BGH;Früchte + Gemüse;280;000079;2;;St;Ifco LiftLock;3.2;6.4;0;2000007960008;0;0;0;;
90032159;63835761;2026-03-04;BGH;Früchte + Gemüse;290;000079;3;;St;Ifco LiftLock;3.2;9.6;0;2000007960008;0;0;0;;
90032159;63829129;2026-02-28;BGH;Früchte + Gemüse;10;000079;-37;;St;Ifco LiftLock;3.2;-118.4;0;2000007960008;0;0;0;;
90032159;63829129;2026-02-28;BGH;Food;10;100080;1;;Lt;Quality Rapsöl, 20 l;3.52;70.4;1.8304;7610034515147;0;0;1;;
90032159;63829129;2026-02-28;BGH;Food;20;125410;2;;Lt;Economy Olivenöl extra vergine Spanien, 5 l;7.98;79.8;2.0748;8413080025689;0;0;1;;
90032159;63829129;2026-02-28;BGH;Food;30;391251;2;;Ke;Economy Salat-Mayonnaise, 9,4 kg;30.03;60.06;1.56156;7610034511705;0;0;1;;
90032159;63829129;2026-02-28;BGH;Food;40;213411;2;;kg;Economy Spaghetti, 5 kg;1.59;15.9;0.4134;4388040200779;0;0;1;;
90032159;63829129;2026-02-28;BGH;Food;50;512580;1;;Ds;Quality Oregano, 140 g;6.44;6.44;0.16744;7610034518780;0;0;1;;
90032159;63829129;2026-02-28;BGH;Food;60;512670;1;;Ds;Quality Schnittlauch luftgetrocknet, 55 g;8.81;8.81;0.22906;7610034519084;0;0;1;;
90032159;63829129;2026-02-28;BGH;Food;70;681671;1;;Fl;Hero Topping Erdbeer, 1 kg;8.5;8.5;0.221;7610382662050;0;0;1;;
90032159;63829129;2026-02-28;BGH;Food;80;259910;1;;Pk;Maizena Maisstärke, 2,5 kg;14.8;14.8;0.3848;7611100056410;0;0;1;;
90032159;63829129;2026-02-28;BGH;Food;90;681651;1;;Fl;Hero Topping Schokolade, 1 kg;6.35;6.35;0.1651;7610382661756;0;1;1;;
90032159;63829129;2026-02-28;BGH;Food;100;362291;1;;Kt;Hug Pastetli Menu, 8,5 cm, 72 Stück;66.6;66.6;1.7316;7610032045349;0;0;1;;
90032159;63829129;2026-02-28;BGH;Spirituosen;110;674221;1;;Fl;Baileys Irish Creme 17%, 70 cl;14.58;14.58;1.18098;5011013100378;0;1;2;;
90032159;63829129;2026-02-28;BGH;Molkerei/Backwaren;120;022600;1;;Tp;Quality Vollmilch 3,5%, UHT, 12 x 1 l;1.28;15.36;0.39936;7610034507807;0;0;1;;
90032159;63829129;2026-02-28;BGH;Molkerei/Backwaren;130;024440;1;;Tp;Quality Vollrahm 35%, UHT, 12 x 1 l;5.59;67.08;1.74408;7610034505315;0;1;1;;
90032159;63829129;2026-02-28;BGH;Molkerei/Backwaren;140;027310;1;;kg;Economy Butter, 10 x 1 kg;13.35;133.5;3.471;7610034508224;0;0;1;;
90032159;63829129;2026-02-28;BGH;Molkerei/Backwaren;150;019372;4;;St;Soignon Bûche de chèvre, Weichkäse, 1 kg;13.35;53.4;1.3884;3523237481000;0;1;1;;
90032159;63829129;2026-02-28;BGH;Molkerei/Backwaren;160;016781;4;;Sc;Quality Grana Padano DOP, Flocken, 500 g;10.4;41.6;1.0816;2001678190008;0;0;7;;
90032159;63829129;2026-02-28;BGH;Molkerei/Backwaren;170;016601;4;;kg;Quality Grana Padano DOP, gerieben, 1 kg;17.71;70.84;1.84184;4388040340352;0;0;7;;
90032159;63829129;2026-02-28;BGH;Molkerei/Backwaren;180;025040;2;;Kt;Quality Kaffeerahm Portionen 15%, UHT, 200 x 12 g;11.07;22.14;0.57564;7610034505124;0;0;1;;
90032159;63829129;2026-02-28;BGH;Molkerei/Backwaren;190;096261;3;;Pk;Quality Vollei flüssig Import, Bodenhaltung, pasteurisiert, 1 kg;7.8;23.4;0.6084;7610034507609;0;0;1;;
90032159;63829129;2026-02-28;BGH;Früchte + Gemüse;200;044664;1;5;kg;Karotten Pfälzer gelb gewaschen, 5 kg;2.68;13.4;0.3484;2992584999994;0;0;1;;
90032159;63829129;2026-02-28;BGH;Früchte + Gemüse;201;000079;1;;St;Ifco LiftLock;3.2;3.2;0;2000007960008;0;0;0;;
90032159;63829129;2026-02-28;BGH;Früchte + Gemüse;210;040674;1;6;kg;Broccoli, ca. 6 kg;2.98;17.88;0.46488;2903734999993;0;0;1;;
90032159;63829129;2026-02-28;BGH;Früchte + Gemüse;211;000079;1;;St;Ifco LiftLock;3.2;3.2;0;2000007960008;0;0;0;;
90032159;63829129;2026-02-28;BGH;Früchte + Gemüse;220;045707;1;;kg;Zucchetti, 5 kg;2.68;13.4;0.3484;7610632980545;0;0;1;;
90032159;63829129;2026-02-28;BGH;Früchte + Gemüse;230;040257;1;;kg;Auberginen, 5 kg;3.03;15.15;0.3939;7610632977958;0;0;1;;
90032159;63829129;2026-02-28;BGH;Früchte + Gemüse;240;041704;1;5;kg;Fenchel, 5 kg;2.14;10.7;0.2782;2903814999998;0;0;1;;
90032159;63829129;2026-02-28;BGH;Früchte + Gemüse;241;000079;1;;St;Ifco LiftLock;3.2;3.2;0;2000007960008;0;0;0;;
90032159;63829129;2026-02-28;BGH;Früchte + Gemüse;250;040454;1;7.925;kg;Blumenkohl, ca. 7,5 kg;2.74;21.7145;0.564577;2903704999992;0;0;1;;
90032159;63829129;2026-02-28;BGH;Früchte + Gemüse;251;000079;1;;St;Ifco LiftLock;3.2;3.2;0;2000007960008;0;0;0;;
90032159;63829129;2026-02-28;BGH;Früchte + Gemüse;260;044861;1;3.1;kg;Knollensellerie gepackt, 3 St ca. 2,4 kg;3.21;9.951;0.258726;2904751999997;0;0;1;;
90032159;63829129;2026-02-28;BGH;Früchte + Gemüse;270;044538;1;;Bt;Rosmarin, 250 g;8.81;8.81;0.22906;7610632969816;0;0;1;;
90032159;63829129;2026-02-28;BGH;Früchte + Gemüse;280;040329;2;;Bt;Basilikum, 1 kg;23.95;47.9;1.2454;7610632989975;0;1;1;;
90032159;63829129;2026-02-28;BGH;Früchte + Gemüse;290;044156;1;;Bt;Petersilie gekraust, gepackt, 500 g;7.38;7.38;0.19188;7610632995082;0;0;1;;
90032159;63829129;2026-02-28;BGH;Früchte + Gemüse;300;044715;6;;St;Salanova Multiblatt assortiert, 8 St;2.62;125.76;3.26976;7610632963678;0;0;1;;
90032159;63829129;2026-02-28;BGH;Früchte + Gemüse;301;000079;6;;St;Ifco LiftLock;3.2;19.2;0;2000007960008;0;0;0;;
90032159;63829129;2026-02-28;BGH;Früchte + Gemüse;310;048130;1;;kg;Orangen blond, gepackt, ca. 2 kg;1.8;3.6;0.0936;7613399009115;0;1;7;;
90032159;63829129;2026-02-28;BGH;Früchte + Gemüse;320;045188;1;;Bt;Thymian, 250 g;8.81;8.81;0.22906;7610632948002;0;0;1;;
90032159;63829129;2026-02-28;BGH;Früchte + Gemüse;330;043204;1;5;kg;Lauch grün, ca. 5 kg;2.9;14.5;0.377;2903924999994;0;1;1;;
90032159;63829129;2026-02-28;BGH;Früchte + Gemüse;331;000079;1;;St;Ifco LiftLock;3.2;3.2;0;2000007960008;0;0;0;;
90032159;63829129;2026-02-28;BGH;Früchte + Gemüse;340;040111;1;;kg;Kartoffeln, festkochend, 10 kg;1.55;15.5;0.403;7628072012870;0;0;1;;
90032159;63829129;2026-02-28;BGH;Früchte + Gemüse;341;000079;1;;St;Ifco LiftLock;3.2;3.2;0;2000007960008;0;0;0;;
90032159;63829129;2026-02-28;BGH;Früchte + Gemüse;350;040141;1;;kg;Kartoffeln, mehligkochend, 10 kg;1.55;15.5;0.403;7628072012887;0;0;1;;
90032159;63829129;2026-02-28;BGH;Früchte + Gemüse;351;000079;1;;St;Ifco LiftLock;3.2;3.2;0;2000007960008;0;0;0;;
90032159;63829129;2026-02-28;BGH;Früchte + Gemüse;360;045355;2;4.92;kg;Tomaten mit Rispen, ca. 2,5 kg;3.69;18.1548;0.4720248;2960415999994;0;0;1;;
90032159;63829129;2026-02-28;BGH;Früchte + Gemüse;370;042653;1;5.04;kg;Köhli / Wirz grün leicht, ca. 5 kg;3.69;18.5976;0.4835376;2916733999994;0;0;1;;
90032159;63829129;2026-02-28;BGH;Früchte + Gemüse;371;000079;1;;St;Ifco LiftLock;3.2;3.2;0;2000007960008;0;0;0;;
90032159;63829129;2026-02-28;BGH;Früchte + Gemüse;380;041556;2;;Ne;Eschalotten, gepackt, 1 kg;4.7;9.4;0.2444;7610632974964;0;0;1;;
90032159;63829129;2026-02-28;BGH;Früchte + Gemüse;390;049135;5;;kg;Champignons weiss, frisch, 1 kg;8.53;42.65;1.1089;7610632995211;0;0;1;;
90032159;63829129;2026-02-28;BGH;Früchte + Gemüse;400;047248;1;;St;Feigen frisch, 24 St;1.37;32.88;0.85488;7610632000939;0;0;1;;
90032159;63829129;2026-02-28;BGH;Früchte + Gemüse;410;094403;1;;kg;Quality Bohnen mittelfein, Schweiz, TK, 2 x 2,5 kg;3.65;18.25;0.4745;7610034505537;0;0;1;;
90032159;63829129;2026-02-28;BGH;Metzgerei;420;064180;1;;kg;Poulet Brust, tiefgekühlt, Brasilien, 160-180 g, 5 x 2 kg;12.5;125;3.25;17896295382217;0;0;1;;
90032159;63829129;2026-02-28;BGH;Metzgerei;430;068662;2;;kg;Quality ASC Pangasius Filet, tiefgekühlt, ca. 140 - 160 g, 3 kg;7.9;47.4;1.2324;7610034506541;0;0;1;;
90032159;63829129;2026-02-28;BGH;Metzgerei;440;071911;1;;kg;Quality Chicken Nuggets Premium, paniert, frittiert, tiefgekühlt, Polen, 2 kg;15.9;31.8;0.8268;7610162403590;0;0;7;;
90032159;63829129;2026-02-28;BGH;Früchte + Gemüse;450;000079;2;;St;Ifco LiftLock;3.2;6.4;0;2000007960008;0;0;0;;
90032159;63829129;2026-02-28;BGH;Früchte + Gemüse;460;000079;2;;St;Ifco LiftLock;3.2;6.4;0;2000007960008;0;0;0;;
90032159;63819470;2026-02-25;BGH;Früchte + Gemüse;10;000079;-5;;St;Ifco LiftLock;3.2;-16;0;2000007960008;0;0;0;;
90032159;63819470;2026-02-25;BGH;Food;10;115081;1;;Lt;Quality Frito 2000 Gold, Frittieröl, 20 l;4.96;99.2;2.5792;7610034515079;0;0;1;;
90032159;63819470;2026-02-25;BGH;Nearfood;10;968700;9;;St;Zylinderkerze 70 x 200 mm, 90h, ecru;3.91;35.19;2.85039;7610054040247;0;0;2;;
90032159;63819470;2026-02-25;BGH;Food;20;100080;1;;Lt;Quality Rapsöl, 20 l;3.52;70.4;1.8304;7610034515147;0;0;1;;
90032159;63819470;2026-02-25;BGH;Nearfood;20;968700;3;;St;Zylinderkerze 70 x 200 mm, 90h, ecru;3.91;11.73;0.95013;7610054040247;0;0;2;;
90032159;63819470;2026-02-25;BGH;Molkerei/Backwaren;30;019481;2;;Be;Galbani Mascarpone, 500 g;7.75;15.5;0.403;8000430171013;0;0;1;;
90032159;63819470;2026-02-25;BGH;Food;30;125410;1;;Lt;Economy Olivenöl extra vergine Spanien, 5 l;7.98;39.9;1.0374;8413080025689;0;0;1;;
90032159;63819470;2026-02-25;BGH;Molkerei/Backwaren;40;024440;2;;Tp;Quality Vollrahm 35%, UHT, 12 x 1 l;5.59;134.16;3.48816;7610034505315;0;1;1;;
90032159;63819470;2026-02-25;BGH;Molkerei/Backwaren;40;027310;1;;kg;Economy Butter, 10 x 1 kg;13.22;132.2;3.4372;7610034508224;0;0;1;;
90032159;63819470;2026-02-25;BGH;Molkerei/Backwaren;50;024361;3;;Tp;Cremo Doppelrahm 45%, UHT, 5 dl;8.63;25.89;0.67314;7610434532843;0;0;1;;
90032159;63819470;2026-02-25;BGH;Molkerei/Backwaren;50;024790;2;;Ds;Floralp Vollrahm 35%, ohne Zucker, UHT, 6 x 500 g;7.24;86.88;2.25888;7612300013173;0;0;7;;
90032159;63819470;2026-02-25;BGH;Molkerei/Backwaren;60;022600;1;;Tp;Quality Vollmilch 3,5%, UHT, 12 x 1 l;1.28;15.36;0.39936;7610034507807;0;0;1;;
90032159;63819470;2026-02-25;BGH;Molkerei/Backwaren;60;024673;1;;Ke;Quality Crème Fraîche, Sauerrahm 35%, 2,5 kg;24.51;24.51;0.63726;7610034514973;0;0;1;;
90032159;63819470;2026-02-25;BGH;Molkerei/Backwaren;70;010455;1;2.066;kg;Cremo Greyerzer AOP, classic, ca. 2 kg;16.74;34.58484;0.89920584;2987945999997;0;0;1;;
90032159;63819470;2026-02-25;BGH;Molkerei/Backwaren;70;027210;1;;Kt;Emmi Premium Butterportionen, Becher, 96 x 10 g;21.67;21.67;0.56342;7610900146291;0;0;1;;
90032159;63819470;2026-02-25;BGH;Molkerei/Backwaren;80;010436;2;2.967;kg;Quality Emmentaler AOP, ca. 1,7 kg;14.36;42.60612;1.10775912;2900196999998;0;0;1;;
90032159;63819470;2026-02-25;BGH;Molkerei/Backwaren;80;013702;4;13.486;kg;Quality Raclette, eckig, 1/2 Laib ca. 3,2 kg;10.95;147.6717;3.8394642;2953272999993;0;1;1;;
90032159;63819470;2026-02-25;BGH;Molkerei/Backwaren;90;016781;3;;Sc;Quality Grana Padano DOP, Flocken, 500 g;10.4;31.2;0.8112;2001678190008;0;0;7;;
90032159;63819470;2026-02-25;BGH;Molkerei/Backwaren;90;096261;4;;Pk;Quality Vollei flüssig Import, Bodenhaltung, pasteurisiert, 1 kg;7.72;30.88;0.80288;7610034507609;0;0;1;;
90032159;63819470;2026-02-25;BGH;Früchte + Gemüse;100;045882;1;;kg;Zwiebeln gross, 10 kg;1.64;16.4;0.4264;7628072003557;0;0;7;;
90032159;63819470;2026-02-25;BGH;Food;100;391322;1;;Ds;Economy Cornichons, mittelfein, 6 x 2,9 kg;12.25;73.5;1.911;7610034524149;0;0;1;;
90032159;63819470;2026-02-25;BGH;Früchte + Gemüse;101;000079;1;;St;Ifco LiftLock;3.2;3.2;0;2000007960008;0;0;0;;
90032159;63819470;2026-02-25;BGH;Früchte + Gemüse;110;044611;1;;kg;Rüebli / Karotten Gastro, gewaschen, Inland, 10 kg;1.73;17.3;0.4498;7628072012832;0;0;1;;
90032159;63819470;2026-02-25;BGH;Food;110;511410;1;;Ds;Economy Sweet Corn - Maiskörner, 6 x 2,125 kg;5.2;31.2;0.8112;7610034526075;0;0;1;;
90032159;63819470;2026-02-25;BGH;Früchte + Gemüse;111;000079;1;;St;Ifco LiftLock;3.2;3.2;0;2000007960008;0;0;0;;
90032159;63819470;2026-02-25;BGH;Früchte + Gemüse;120;044664;1;5;kg;Karotten Pfälzer gelb gewaschen, 5 kg;2.68;13.4;0.3484;2992584999994;0;0;1;;
90032159;63819470;2026-02-25;BGH;Wein;120;639240;1;;Bx;Montagne Belle Allure Vin Rouge, 10 l BiB;21.78;21.78;1.76418;7610593204872;0;0;3;;
90032159;63819470;2026-02-25;BGH;Früchte + Gemüse;121;000079;1;;St;Ifco LiftLock;3.2;3.2;0;2000007960008;0;0;0;;
90032159;63819470;2026-02-25;BGH;Früchte + Gemüse;130;040454;1;7.995;kg;Blumenkohl, ca. 7,5 kg;2.74;21.9063;0.5695638;2903704999992;0;0;1;;
90032159;63819470;2026-02-25;BGH;Food;130;110060;1;;Pk;Feinkristallzucker, 10 x 1 kg;0.88;8.8;0.2288;7610034510661;0;1;1;;
90032159;63819470;2026-02-25;BGH;Früchte + Gemüse;131;000079;1;;St;Ifco LiftLock;3.2;3.2;0;2000007960008;0;0;0;;
90032159;63819470;2026-02-25;BGH;Früchte + Gemüse;140;040968;4;;kg;Cherry Tomaten Rispen, 3 kg;4.64;55.68;1.44768;7610632949894;0;0;1;;
90032159;63819470;2026-02-25;BGH;Früchte + Gemüse;140;044107;1;;kg;Peperoni Tricolor, Import, 5 kg;4.7;23.5;0.611;7610632977132;0;1;1;;
90032159;63819470;2026-02-25;BGH;Früchte + Gemüse;141;000079;1;;St;Ifco LiftLock;3.2;3.2;0;2000007960008;0;0;0;;
90032159;63819470;2026-02-25;BGH;Früchte + Gemüse;150;048130;1;;kg;Orangen blond, gepackt, ca. 2 kg;1.78;3.56;0.09256;7613399009115;0;1;7;;
90032159;63819470;2026-02-25;BGH;Früchte + Gemüse;150;048827;1;;kg;Zitronen, 6 kg;2.68;16.08;0.41808;7610632320723;0;0;1;;
90032159;63819470;2026-02-25;BGH;Früchte + Gemüse;151;000079;1;;St;Ifco LiftLock;3.2;3.2;0;2000007960008;0;0;0;;
90032159;63819470;2026-02-25;BGH;Früchte + Gemüse;160;045355;1;2.315;kg;Tomaten mit Rispen, ca. 2,5 kg;3.65;8.44975;0.2196935;2960415999994;0;0;1;;
90032159;63819470;2026-02-25;BGH;Früchte + Gemüse;160;047248;1;;St;Feigen frisch, 24 St;1.37;32.88;0.85488;7610632000939;0;0;1;;
90032159;63819470;2026-02-25;BGH;Früchte + Gemüse;170;040674;1;5;kg;Broccoli, ca. 6 kg;2.95;14.75;0.3835;2903734999993;0;0;1;;
90032159;63819470;2026-02-25;BGH;Früchte + Gemüse;170;044715;6;;St;Salanova Multiblatt assortiert, 8 St;2.62;125.76;3.26976;7610632963678;0;0;1;;
90032159;63819470;2026-02-25;BGH;Früchte + Gemüse;171;000079;6;;St;Ifco LiftLock;3.2;19.2;0;2000007960008;0;0;0;;
90032159;63819470;2026-02-25;BGH;Früchte + Gemüse;171;000079;1;;St;Ifco LiftLock;3.2;3.2;0;2000007960008;0;0;0;;
90032159;63819470;2026-02-25;BGH;Früchte + Gemüse;180;041328;1;;St;Eisberg Salat, 12 St;1.08;12.96;0.33696;7610632995181;0;1;1;;
90032159;63819470;2026-02-25;BGH;Früchte + Gemüse;180;045707;1;;kg;Zucchetti, 5 kg;2.65;13.25;0.3445;7610632980545;0;0;1;;
90032159;63819470;2026-02-25;BGH;Früchte + Gemüse;190;041704;1;5;kg;Fenchel, 5 kg;2.12;10.6;0.2756;2903814999998;0;0;1;;
90032159;63819470;2026-02-25;BGH;Früchte + Gemüse;190;049135;8;;kg;Champignons weiss, frisch, 1 kg;8.53;68.24;1.77424;7610632995211;0;0;1;;
90032159;63819470;2026-02-25;BGH;Früchte + Gemüse;191;000079;1;;St;Ifco LiftLock;3.2;3.2;0;2000007960008;0;0;0;;
90032159;63819470;2026-02-25;BGH;Früchte + Gemüse;200;000079;3;;St;Ifco LiftLock;3.2;9.6;0;2000007960008;0;0;0;;
90032159;63819470;2026-02-25;BGH;Food;200;512630;1;;Ds;Quality Pfeffer schwarz gemahlen, 355 g;10.96;10.96;0.28496;7610034518995;0;0;1;;
90032159;63819470;2026-02-25;BGH;Früchte + Gemüse;210;000079;1;;St;Ifco LiftLock;3.2;3.2;0;2000007960008;0;0;0;;
90032159;63819470;2026-02-25;BGH;Food;210;403590;1;;kg;Vegeta Würzmischung mit Gemüse, 5 kg;6.53;32.65;0.8489;5904353039333;0;0;1;;
90032159;63819470;2026-02-25;BGH;Nearfood;220;813141;1;;Bi;Topmatic Plus Geschirrspülmittel, 25 kg;236.61;236.61;19.16541;4028159012190;0;1;2;;
90032159;63819470;2026-02-25;BGH;Nearfood;230;975876;1;;Pk;Padschwamm mit Griffleiste, 150 x 90 x 43 mm, scheuerstark, gelb - grün, 10 St;16.57;16.57;1.34217;7610588108543;0;0;2;;
90032159;63819470;2026-02-25;BGH;Molkerei/Backwaren;240;027220;1;;Kt;Emmi Premium Butterportionen, Würfel, 100 x 10 g;21.8;21.8;0.5668;7610900031573;0;0;1;;
90032159;63813196;2026-02-21;BGH;Früchte + Gemüse;10;000079;-19;;St;Ifco LiftLock;3.2;-60.8;0;2000007960008;0;0;0;;
90032159;63813196;2026-02-21;BGH;Molkerei/Backwaren;10;019372;4;;St;Soignon Bûche de chèvre, Weichkäse, 1 kg;17.03;68.12;1.77112;3523237481000;0;0;1;;
90032159;63813196;2026-02-21;BGH;Nonfood;10;930430;3;;Pk;VC999 Vakuumbeutel, 90 µm, 300 x 400 mm, Pack zu 100 Stück;21.73;65.19;5.28039;7640144910266;0;0;2;;
90032159;63813196;2026-02-21;BGH;Molkerei/Backwaren;20;016601;2;;kg;Quality Grana Padano DOP, gerieben, 1 kg;17.71;35.42;0.92092;4388040340352;0;0;7;;
90032159;63813196;2026-02-21;BGH;Nonfood;20;901050;3;;Pk;VC999 Vakuumbeutel 50 µm, 160 x 210 mm, Pack zu 100 Stück;6.92;20.76;1.68156;7640144915315;0;0;3;;
90032159;63813196;2026-02-21;BGH;Früchte + Gemüse;30;044715;6;;St;Salanova Multiblatt assortiert, 8 St;2.62;125.76;3.26976;7610632963678;0;0;1;;
90032159;63813196;2026-02-21;BGH;Nonfood;30;901160;3;;Pk;VC999 Vakuumbeutel kochfest 90 µm, 150 x 200 mm, Pack zu 100 Stück;10.93;32.79;2.65599;7640144910051;0;0;2;;
90032159;63813196;2026-02-21;BGH;Früchte + Gemüse;31;000079;6;;St;Ifco LiftLock;3.2;19.2;0;2000007960008;0;0;0;;
90032159;63813196;2026-02-21;BGH;Früchte + Gemüse;40;040968;4;;kg;Cherry Tomaten Rispen, 3 kg;4.64;55.68;1.44768;7610632949894;0;0;1;;
90032159;63813196;2026-02-21;BGH;Nonfood;40;901180;3;;Pk;VC999 Vakuumbeutel kochfest 90 µm, 200 x 300 mm, Pack zu 100 Stück;21.92;65.76;5.32656;7640144910075;0;0;2;;
90032159;63813196;2026-02-21;BGH;Früchte + Gemüse;50;041328;1;;St;Eisberg Salat, 12 St;1.36;16.32;0.42432;7610632995181;0;0;1;;
90032159;63813196;2026-02-21;BGH;Früchte + Gemüse;50;049135;8;;kg;Champignons weiss, frisch, 1 kg;8.53;68.24;1.77424;7610632995211;0;0;1;;
90032159;63813196;2026-02-21;BGH;Früchte + Gemüse;60;041704;1;5;kg;Fenchel, 5 kg;2.14;10.7;0.2782;2903814999998;0;0;1;;
90032159;63813196;2026-02-21;BGH;Früchte + Gemüse;60;044664;1;5;kg;Karotten Pfälzer gelb gewaschen, 5 kg;2.65;13.25;0.3445;2992584999994;0;0;1;;
90032159;63813196;2026-02-21;BGH;Früchte + Gemüse;61;000079;1;;St;Ifco LiftLock;3.2;3.2;0;2000007960008;0;0;0;;
90032159;63813196;2026-02-21;BGH;Früchte + Gemüse;61;000079;1;;St;Ifco LiftLock;3.2;3.2;0;2000007960008;0;0;0;;
90032159;63813196;2026-02-21;BGH;Früchte + Gemüse;70;044611;1;;kg;Rüebli / Karotten Gastro, gewaschen, Inland, 10 kg;1.19;11.9;0.3094;7628072012832;0;1;1;;
90032159;63813196;2026-02-21;BGH;Früchte + Gemüse;70;047248;1;;St;Feigen frisch, 24 St;1.37;32.88;0.85488;7610632000939;0;0;1;;
90032159;63813196;2026-02-21;BGH;Früchte + Gemüse;71;000079;1;;St;Ifco LiftLock;3.2;3.2;0;2000007960008;0;0;0;;
90032159;63813196;2026-02-21;BGH;Früchte + Gemüse;80;040674;1;6;kg;Broccoli, ca. 6 kg;2.95;17.7;0.4602;2903734999993;0;0;1;;
90032159;63813196;2026-02-21;BGH;Früchte + Gemüse;80;048787;1;;kg;Trauben gemischt weiss / blau, 5 kg;6.07;30.35;0.7891;7610632261217;0;0;1;;
90032159;63813196;2026-02-21;BGH;Früchte + Gemüse;81;000079;1;;St;Ifco LiftLock;3.2;3.2;0;2000007960008;0;0;0;;
90032159;63813196;2026-02-21;BGH;Früchte + Gemüse;90;040257;1;;kg;Auberginen, 5 kg;3.65;18.25;0.4745;7610632977958;0;0;1;;
90032159;63813196;2026-02-21;BGH;Früchte + Gemüse;90;555558;2;;St;Ifco LiftLock;3.2;6.4;0;2055555810008;0;0;0;;
90032159;63813196;2026-02-21;BGH;Früchte + Gemüse;100;045707;1;;kg;Zucchetti, 5 kg;3.83;19.15;0.4979;7610632980545;0;0;1;;
90032159;63813196;2026-02-21;BGH;Nearfood;110;819941;1;;Fl;Greasecutter Fast Foam, Grillreniger und Fettlöser, 4 x 750 ml;27.71;110.84;8.97804;4028159052813;0;0;3;;
90032159;63813196;2026-02-21;BGH;Früchte + Gemüse;120;044156;2;;Bt;Petersilie gekraust, gepackt, 500 g;7.31;14.62;0.38012;7610632995082;0;0;1;;
90032159;63813196;2026-02-21;BGH;Früchte + Gemüse;130;044538;2;;Bt;Rosmarin, 250 g;8.72;17.44;0.45344;7610632969816;0;0;1;;
90032159;63813196;2026-02-21;BGH;Früchte + Gemüse;140;045188;1;;Bt;Thymian, 250 g;8.72;8.72;0.22672;7610632948002;0;0;1;;
90032159;63813196;2026-02-21;BGH;Früchte + Gemüse;150;045882;1;;kg;Zwiebeln gross, 10 kg;1.62;16.2;0.4212;7628072003557;0;0;7;;
90032159;63813196;2026-02-21;BGH;Früchte + Gemüse;151;000079;1;;St;Ifco LiftLock;3.2;3.2;0;2000007960008;0;0;0;;
90032159;63813196;2026-02-21;BGH;Früchte + Gemüse;160;040026;2;;Tt;Raclette Kartoffeln, 2,5 kg;3.32;6.64;0.17264;7613399023012;0;1;1;;
90032159;63813196;2026-02-21;BGH;Molkerei/Backwaren;170;013702;1;3.152;kg;Quality Raclette, eckig, 1/2 Laib ca. 3,2 kg;11.02;34.73504;0.90311104;2953272999993;0;0;1;;
90032159;63813196;2026-02-21;BGH;Molkerei/Backwaren;180;096261;4;;Pk;Quality Vollei flüssig Import, Bodenhaltung, pasteurisiert, 1 kg;7.72;30.88;0.80288;7610034507609;0;0;1;;
90032159;63813196;2026-02-21;BGH;Molkerei/Backwaren;190;096271;4;;Pk;Quality Eigelb flüssig Import, Bodenhaltung, pasteurisiert, 1 kg;12.67;50.68;1.31768;7610034508835;0;0;1;;
90032159;63813196;2026-02-21;BGH;Früchte + Gemüse;200;004116;2;;kg;Ditzler Bio Spinat gehackt nature, TK, 2 x 2,5 kg;5.37;53.7;1.3962;7610247108570;0;0;7;;
90032159;63813196;2026-02-21;BGH;Molkerei/Backwaren;210;099290;1;;St;Romer's Apfelstrudel, Teigling, tiefgekühlt, 6 x 1,2 kg;13.2;79.2;2.0592;7611075107506;0;0;1;;
90032159;63813196;2026-02-21;BGH;Molkerei/Backwaren;220;098030;1;;St;Romer's Buttertoastbrot, gebacken, einzeln verpackt, tiefgekühlt, 9 cm x 9 cm, 12 x 500 g;3.49;41.88;1.08888;7611075109609;0;0;1;;
90032159;63813196;2026-02-21;BGH;Metzgerei;230;064180;1;;kg;Poulet Brust, tiefgekühlt, Brasilien, 160-180 g, 5 x 2 kg;9.89;98.9;2.5714;17896295382217;0;1;1;;
90032159;63813196;2026-02-21;BGH;Metzgerei;240;001366;4;16.568;kg;Schweins-Nierstück mit Huft, ca. 4 kg;9.89;163.85752;4.26029552;2905237999999;0;1;1;;
90032159;63813196;2026-02-21;BGH;Metzgerei;250;001977;1;5.45;kg;Quality GGAP Lachs Filet, ohne Haut, deepskin, grätenarm, ca. 1,2 - 1,4 kg;19.7;107.365;2.79149;97610162230472;0;1;1;;
90032159;63813196;2026-02-21;BGH;Food;260;235440;1;;Lt;Quality Weissweinessig 4.5°, 10 l;2.81;28.1;0.7306;7610034516724;0;0;1;;
90032159;63813196;2026-02-21;BGH;Food;270;125410;2;;Lt;Economy Olivenöl extra vergine Spanien, 5 l;7.9;79;2.054;8413080025689;0;0;1;;
90032159;63813196;2026-02-21;BGH;Food;280;428120;1;;Fl;Nectaflor Blütenhonig, 2,8 kg;30.15;30.15;0.7839;7610184010080;0;0;1;;
90032159;63813196;2026-02-21;BGH;Food;290;428120;1;;Fl;Nectaflor Blütenhonig, 2,8 kg;30.15;30.15;0.7839;7610184010080;0;0;1;;
90032159;63813196;2026-02-21;BGH;Food;300;201530;3;;Fl;Sriracha Hot Chilli Sauce, 815 g;5.34;16.02;0.41652;016229912420;0;0;1;;
90032159;63813196;2026-02-21;BGH;Nearfood;310;975792;3;;Pk;Quality Einweghandschuhe Nitril, Grösse L, schwarz, 100 St;8.81;26.43;2.14083;7610034546639;0;0;2;;
90032159;63813196;2026-02-21;BGH;Nearfood;320;975802;2;;Pk;Quality Einweghandschuhe Nitril, Grösse XL, schwarz, 100 St;9.87;19.74;1.59894;7610034546646;0;0;2;;
90032159;63813196;2026-02-21;BGH;Food;330;565961;2;;Fl;Mc Ilhenny Tabasco rot, 350 ml;19.11;38.22;0.99372;011210135802;0;0;1;;
90032159;63813196;2026-02-21;BGH;Früchte + Gemüse;340;555558;1;;St;Ifco LiftLock;3.2;3.2;0;2055555810008;0;0;0;;
90032159;63813196;2026-02-21;BGH;Früchte + Gemüse;350;555558;2;;St;Ifco LiftLock;3.2;6.4;0;2055555810008;0;0;0;;
90032159;63807322;2026-02-18;BGH;Früchte + Gemüse;10;000079;-16;;St;Ifco LiftLock;3.2;-51.2;0;2000007960008;0;0;0;;
90032159;63807322;2026-02-18;BGH;Food;10;100080;1;;Lt;Quality Rapsöl, 20 l;3.46;69.2;1.7992;7610034515147;0;1;1;;
90032159;63807322;2026-02-18;BGH;Molkerei/Backwaren;20;024661;1;;Be;Emmi Crème fraîche, Sauerrahm 35%, pasteurisiert, 450 g;4.11;4.11;0.10686;7610900001392;0;1;1;;
90032159;63807322;2026-02-18;BGH;Molkerei/Backwaren;30;022600;1;;Tp;Quality Vollmilch 3,5%, UHT, 12 x 1 l;1.27;15.24;0.39624;7610034507807;0;0;1;;
90032159;63807322;2026-02-18;BGH;Food;50;391251;1;;Ke;Economy Salat-Mayonnaise, 9,4 kg;29.73;29.73;0.77298;7610034511705;0;0;1;;
90032159;63807322;2026-02-18;BGH;Molkerei/Backwaren;60;095210;1;;St;Eier Import, Bodenhaltung, 53g+, 90 Stück;0.4;36;0.936;7640104163138;0;0;1;;
90032159;63807322;2026-02-18;BGH;Früchte + Gemüse;70;040967;1;;Sc;Cherry Tomaten Rispen, 500 g;2.77;2.77;0.07202;7610632961322;0;0;1;;
90032159;63807322;2026-02-18;BGH;Früchte + Gemüse;80;040967;2;;Sc;Cherry Tomaten Rispen, 500 g;2.77;5.54;0.14404;7610632961322;0;0;1;;
90032159;63807322;2026-02-18;BGH;Früchte + Gemüse;90;045278;1;;kg;Tomaten rund, Import, Kaliber 57 - 77 mm, 6 kg;3.24;19.44;0.50544;7610632979297;0;0;1;;
90032159;63807322;2026-02-18;BGH;Früchte + Gemüse;100;044794;2;7;kg;Blattsalate assortiert spez. 3 Saisonblattsalate, 3,5 kg;6.95;48.65;1.2649;2984134999998;0;0;1;;
90032159;63807322;2026-02-18;BGH;Früchte + Gemüse;101;000079;2;;St;Ifco LiftLock;3.2;6.4;0;2000007960008;0;0;0;;
90032159;63807322;2026-02-18;BGH;Früchte + Gemüse;110;044794;4;14;kg;Blattsalate assortiert spez. 3 Saisonblattsalate, 3,5 kg;6.95;97.3;2.5298;2984134999998;0;0;1;;
90032159;63807322;2026-02-18;BGH;Früchte + Gemüse;111;000079;4;;St;Ifco LiftLock;3.2;12.8;0;2000007960008;0;0;0;;
90032159;63807322;2026-02-18;BGH;Früchte + Gemüse;120;045882;1;;kg;Zwiebeln gross, 10 kg;1.62;16.2;0.4212;7628072003557;0;0;7;;
90032159;63807322;2026-02-18;BGH;Früchte + Gemüse;121;000079;1;;St;Ifco LiftLock;3.2;3.2;0;2000007960008;0;0;0;;
90032159;63807322;2026-02-18;BGH;Früchte + Gemüse;130;040453;1;3.99;kg;Blumenkohl, ca. 3 kg;3.51;14.0049;0.3641274;2900370999998;0;0;1;;
90032159;63807322;2026-02-18;BGH;Früchte + Gemüse;131;000079;1;;St;Ifco LiftLock;3.2;3.2;0;2000007960008;0;0;0;;
90032159;63807322;2026-02-18;BGH;Früchte + Gemüse;140;040673;1;3.185;kg;Broccoli, ca. 3,5kg;3.51;11.17935;0.2906631;2903733999994;0;0;1;;
90032159;63807322;2026-02-18;BGH;Früchte + Gemüse;141;000079;1;;St;Ifco LiftLock;3.2;3.2;0;2000007960008;0;0;0;;
90032159;63807322;2026-02-18;BGH;Früchte + Gemüse;150;049135;5;;kg;Champignons weiss, frisch, 1 kg;8.44;42.2;1.0972;7610632995211;0;0;1;;
90032159;63807322;2026-02-18;BGH;Früchte + Gemüse;160;045707;1;;kg;Zucchetti, 5 kg;3.83;19.15;0.4979;7610632980545;0;0;1;;
90032159;63807322;2026-02-18;BGH;Früchte + Gemüse;170;047248;1;;St;Feigen frisch, 24 St;1.36;32.64;0.84864;7610632000939;0;0;1;;
90032159;63807322;2026-02-18;BGH;Food;180;391340;1;;kg;Economy Demi-Glace, 4 kg;16.23;64.92;1.68792;7610034531581;0;0;1;;
90032159;63807322;2026-02-18;BGH;Food;190;391050;1;;Ds;Quality Tomatenmark dreifach konzentriert, 6 x 800 g;4.2;25.2;0.6552;7610034509535;0;0;1;;
90032159;63807322;2026-02-18;BGH;Früchte + Gemüse;200;092930;1;;kg;Picosa Steinpilze Würfel, 2 x 2 cm, TK, 2 x 1 kg;23.43;46.86;1.21836;7610473071204;0;0;1;;
90032159;63807322;2026-02-18;BGH;Früchte + Gemüse;210;040026;4;;Tt;Raclette Kartoffeln, 2,5 kg;3.32;13.28;0.34528;7613399023012;0;1;1;;
90032159;63807322;2026-02-18;BGH;Früchte + Gemüse;220;044106;2;;kg;Peperoni gemischt, 2 kg;7.01;28.04;0.72904;7613399054559;0;0;1;;
90032159;63807322;2026-02-18;BGH;Früchte + Gemüse;230;040329;1;;Bt;Basilikum, 1 kg;29.39;29.39;0.76414;7610632989975;0;0;1;;
90032159;63807322;2026-02-18;BGH;Molkerei/Backwaren;240;025040;1;;Kt;Quality Kaffeerahm Portionen 15%, UHT, 200 x 12 g;10.96;10.96;0.28496;7610034505124;0;0;1;;
90032159;63807322;2026-02-18;BGH;Früchte + Gemüse;250;555558;1;;St;Ifco LiftLock;3.2;3.2;0;2055555810008;0;0;0;;
90032159;63807322;2026-02-18;BGH;Früchte + Gemüse;260;555558;3;;St;Ifco LiftLock;3.2;9.6;0;2055555810008;0;0;0;;
90032159;63801552;2026-02-14;BGH;Früchte + Gemüse;10;000079;-29;;St;Ifco LiftLock;3.2;-92.8;0;2000007960008;0;0;0;;
90032159;63801552;2026-02-14;BGH;Früchte + Gemüse;10;044329;1;;kg;Natura Bio Randen, gedämpft, geschält, 5 kg;4.88;24.4;0.6344;7610034529922;0;0;7;;
90032159;63801552;2026-02-14;BGH;Food;20;590229;1;;Bt;Raps Pistazienkernen geschält, 1 kg;65.34;65.34;1.69884;4008679084501;0;0;1;;
90032159;63801552;2026-02-14;BGH;Nearfood;30;993320;2;;Rl;Quality Wischtücher Midi, 2-lagig, weiss, 450 Blatt, 6 Rl;6.78;81.36;6.59016;7610034546196;0;0;3;;
90032159;63801552;2026-02-14;BGH;Nonfood;40;963493;2;;St;Gefrier- und Kühlschrankthermometer rund;3.41;6.82;0.55242;7640122428998;0;0;2;;
90032159;63801552;2026-02-14;BGH;Nonfood;50;963450;6;;St;GN Schale 1/3 Polypropylen 150 mm;8.68;52.08;4.21848;7640122421258;0;0;2;;
90032159;63801552;2026-02-14;BGH;Molkerei/Backwaren;60;014641;20;;Be;Premium Burrata, 2 x 125 g;5.39;107.8;2.8028;7610034511026;0;0;1;;
90032159;63801552;2026-02-14;BGH;Früchte + Gemüse;70;044549;1;;kg;Rucola / Rauke, 1 kg;13.32;13.32;0.34632;7610632992456;0;0;1;;
90032159;63801552;2026-02-14;BGH;Früchte + Gemüse;80;047265;5;;Sc;Max Havelaar Granatapfelkerne, 200 g;4.55;22.75;0.5915;7640130038967;0;1;1;;
90032159;63801552;2026-02-14;BGH;Getränke;90;680820;1;;Fl;Biotta Bio Granatapfel, 50 cl;4.29;25.74;0.66924;7618500545377;0;0;1;;
90032159;63801552;2026-02-14;BGH;Food;100;565922;2;;Fl;Lea & Perrins Worcester Sauce, 568 ml;9.18;18.36;0.47736;5000111018111;0;0;1;;
90032159;63801552;2026-02-14;BGH;Nonfood;110;981411;4;;Pk;Schale eckig PP 250 ml Pack zu 100 Stück;8.46;33.84;2.74104;4031222505109;0;0;2;;
90032159;63801552;2026-02-14;BGH;Nonfood;120;981401;4;;Pk;Deckel eckig zu 125 / 250 / 500 ml Pack zu 100 Stück;4.83;19.32;1.56492;5903424331925;0;0;2;;
90032159;63801552;2026-02-14;BGH;Molkerei/Backwaren;130;013702;3;10.418;kg;Quality Raclette, eckig, 1/2 Laib ca. 3,2 kg;11.02;114.80636;2.98496536;2953272999993;0;0;1;;
90032159;63801552;2026-02-14;BGH;Molkerei/Backwaren;140;010455;1;2.266;kg;Cremo Greyerzer AOP, classic, ca. 2 kg;16.74;37.93284;0.98625384;2987945999997;0;0;1;;
90032159;63801552;2026-02-14;BGH;Molkerei/Backwaren;150;010436;1;1.551;kg;Quality Emmentaler AOP, ca. 1,7 kg;14.36;22.27236;0.57908136;2900196999998;0;0;1;;
90032159;63801552;2026-02-14;BGH;Molkerei/Backwaren;160;027310;1;;kg;Economy Butter, 10 x 1 kg;13.22;132.2;3.4372;7610034508224;0;0;1;;
90032159;63801552;2026-02-14;BGH;Food;170;391340;1;;kg;Economy Demi-Glace, 4 kg;16.23;64.92;1.68792;7610034531581;0;0;1;;
90032159;63801552;2026-02-14;BGH;Food;180;391471;1;;Ds;Economy Tomaten geschält, 3 x 4.05 kg;7.77;23.31;0.60606;7610034526136;0;0;1;;
90032159;63801552;2026-02-14;BGH;Food;190;471270;10;;Bt;Biovita Bio Knospe Polenta Bramata, 500 g;3.19;31.9;0.8294;7640123062511;0;0;1;;
90032159;63801552;2026-02-14;BGH;Food;200;565650;1;;Kt;Heinz Tomato Ketchup, Beutel Cube, 100 x 20 g;19.52;19.52;0.50752;5413226100075;0;0;1;;
90032159;63801552;2026-02-14;BGH;Food;210;510190;1;;Kt;Quality Mayonnaise Portionen, 100 x 17 g;21.98;21.98;0.57148;7610034516588;0;0;1;;
90032159;63801552;2026-02-14;BGH;Food;220;212300;4;;Gl;Darbo Wildpreiselbeeren Kompott, 400 g;4.31;17.24;0.44824;9001432002380;0;0;1;;
90032159;63801552;2026-02-14;BGH;Früchte + Gemüse;230;090744;1;;kg;Quality Waldbeerenmischung, TK, 2 x 2,5 kg;8.81;44.05;1.1453;7610034512450;0;1;1;;
90032159;63801552;2026-02-14;BGH;Früchte + Gemüse;240;046922;3;;Sc;Blueberries, 500 g;7.31;21.93;0.57018;7610632010297;0;0;1;;
90032159;63801552;2026-02-14;BGH;Früchte + Gemüse;250;046594;2;;Be;Avocado Purée / Guacamole, 500 g;6.83;13.66;0.35516;8436008521063;0;0;1;;
90032159;63801552;2026-02-14;BGH;Food;260;391300;1;;Fl;Economy Balsamessig aus Modena, 2 l;10.74;10.74;0.27924;7610034524248;0;0;1;;
90032159;63801552;2026-02-14;BGH;Früchte + Gemüse;280;041704;1;5;kg;Fenchel, 5 kg;1.96;9.8;0.2548;2903814999998;0;1;1;;
90032159;63801552;2026-02-14;BGH;Früchte + Gemüse;281;000079;1;;St;Ifco LiftLock;3.2;3.2;0;2000007960008;0;0;0;;
90032159;63801552;2026-02-14;BGH;Früchte + Gemüse;290;040454;1;6.94;kg;Blumenkohl, ca. 7,5 kg;3.24;22.4856;0.5846256;2903704999992;0;0;1;;
90032159;63801552;2026-02-14;BGH;Früchte + Gemüse;291;000079;1;;St;Ifco LiftLock;3.2;3.2;0;2000007960008;0;0;0;;
90032159;63801552;2026-02-14;BGH;Früchte + Gemüse;300;040674;1;6;kg;Broccoli, ca. 6 kg;3.12;18.72;0.48672;2903734999993;0;1;1;;
90032159;63801552;2026-02-14;BGH;Früchte + Gemüse;301;000079;1;;St;Ifco LiftLock;3.2;3.2;0;2000007960008;0;0;0;;
90032159;63801552;2026-02-14;BGH;Früchte + Gemüse;310;044664;1;5;kg;Karotten Pfälzer gelb gewaschen, 5 kg;2.65;13.25;0.3445;2992584999994;0;0;1;;
90032159;63801552;2026-02-14;BGH;Früchte + Gemüse;311;000079;1;;St;Ifco LiftLock;3.2;3.2;0;2000007960008;0;0;0;;
90032159;63801552;2026-02-14;BGH;Früchte + Gemüse;320;044628;1;;kg;Rüebli / Karotten mittel gewaschen, 10 kg;1.82;18.2;0.4732;7613399004202;0;0;1;;
90032159;63801552;2026-02-14;BGH;Früchte + Gemüse;321;000079;1;;St;Ifco LiftLock;3.2;3.2;0;2000007960008;0;0;0;;
90032159;63801552;2026-02-14;BGH;Früchte + Gemüse;330;044107;1;;kg;Peperoni Tricolor, Import, 5 kg;6.07;30.35;0.7891;7610632977132;0;0;1;;
90032159;63801552;2026-02-14;BGH;Früchte + Gemüse;331;000079;1;;St;Ifco LiftLock;3.2;3.2;0;2000007960008;0;0;0;;
90032159;63801552;2026-02-14;BGH;Früchte + Gemüse;340;048787;1;;kg;Trauben gemischt weiss / blau, 5 kg;6.01;30.05;0.7813;7610632261217;0;0;1;;
90032159;63801552;2026-02-14;BGH;Früchte + Gemüse;350;041328;1;;St;Eisberg Salat, 12 St;1.3;15.6;0.4056;7610632995181;0;0;1;;
90032159;63801552;2026-02-14;BGH;Früchte + Gemüse;360;040968;2;;kg;Cherry Tomaten Rispen, 3 kg;4.42;26.52;0.68952;7610632949894;0;0;1;;
90032159;63801552;2026-02-14;BGH;Früchte + Gemüse;370;040257;1;;kg;Auberginen, 5 kg;4.42;22.1;0.5746;7610632977958;0;0;1;;
90032159;63801552;2026-02-14;BGH;Früchte + Gemüse;380;045080;3;2.588;kg;Stangensellerie gepackt, 1 - 2 St / ca. 800 g;3.17;8.20396;0.21330296;2904130999990;0;1;1;;
90032159;63801552;2026-02-14;BGH;Metzgerei;390;063730;1;;kg;Poulet Brust, tiefgekühlt, blockgefroren, Brasilien, 140 g+, 6 x 2 kg;9.6;115.2;2.9952;17896295383986;0;0;1;;
90032159;63801552;2026-02-14;BGH;Metzgerei;400;054490;1;;kg;Economy Rinds-Hackfleisch, 8 mm, Österreich, tiefgekühlt, 3 x 2 kg;15.74;94.44;2.45544;7610034507968;0;0;1;;
90032159;63801552;2026-02-14;BGH;Metzgerei;410;080430;1;;kg;ASC Goldbrassen Filet, mit Haut, grätenarm, ca. 140 - 160 g, tiefgekühlt, 5 kg;18.76;93.8;2.4388;7610034516335;0;0;1;;
90032159;63801552;2026-02-14;BGH;Food;420;371221;1;;Bt;Quality Pflaumen aus Kalifornien, entsteint, 1 kg;9.5;9.5;0.247;7610034530607;0;1;1;;
90032159;63801552;2026-02-14;BGH;Früchte + Gemüse;430;043598;2;;Bt;Minze, 250 g;8.72;17.44;0.45344;7610632977873;0;0;1;;
90032159;63801552;2026-02-14;BGH;Früchte + Gemüse;440;047753;1;1;kg;Limetten / Limes, ca. 1 kg;3.61;3.61;0.09386;2905053999999;0;1;1;;
90032159;63801552;2026-02-14;BGH;Früchte + Gemüse;450;555558;1;;St;Ifco LiftLock;3.2;3.2;0;2055555810008;0;0;0;;
90032159;63801552;2026-02-14;BGH;Früchte + Gemüse;460;555558;5;;St;Ifco LiftLock;3.2;16;0;2055555810008;0;0;0;;
90032159;63801552;2026-02-14;BGH;Früchte + Gemüse;470;555558;1;;St;Ifco LiftLock;3.2;3.2;0;2055555810008;0;0;0;;
90032159;63789033;2026-02-07;BGH;Früchte + Gemüse;10;000079;-12;;St;Ifco LiftLock;3.2;-38.4;0;2000007960008;0;0;0;;
90032159;63789033;2026-02-07;BGH;Metzgerei;10;002111;3;3.24;kg;Schweins-Filet, mit Strang, 2 x ca. 500 g;24.74;80.1576;2.0840976;97610011091322;0;1;1;;
90032159;63789033;2026-02-07;BGH;Molkerei/Backwaren;20;019372;2;;St;Soignon Bûche de chèvre, Weichkäse, 1 kg;16.86;33.72;0.87672;3523237481000;0;0;1;;
90032159;63789033;2026-02-07;BGH;Früchte + Gemüse;30;040968;2;;kg;Cherry Tomaten Rispen, 3 kg;4.42;26.52;0.68952;7610632949894;0;0;1;;
90032159;63789033;2026-02-07;BGH;Früchte + Gemüse;40;040968;2;;kg;Cherry Tomaten Rispen, 3 kg;4.42;26.52;0.68952;7610632949894;0;0;1;;
90032159;63789033;2026-02-07;BGH;Früchte + Gemüse;50;044106;3;;kg;Peperoni gemischt, 2 kg;6.37;38.22;0.99372;7613399054559;0;0;1;;
90032159;63789033;2026-02-07;BGH;Früchte + Gemüse;60;045707;1;;kg;Zucchetti, 5 kg;5.65;28.25;0.7345;7610632980545;0;0;1;;
90032159;63789033;2026-02-07;BGH;Früchte + Gemüse;70;040454;1;6.35;kg;Blumenkohl, ca. 7,5 kg;3.51;22.2885;0.579501;2903704999992;0;0;1;;
90032159;63789033;2026-02-07;BGH;Früchte + Gemüse;71;000079;1;;St;Ifco LiftLock;3.2;3.2;0;2000007960008;0;0;0;;
90032159;63789033;2026-02-07;BGH;Molkerei/Backwaren;80;025040;2;;Kt;Quality Kaffeerahm Portionen 15%, UHT, 200 x 12 g;10.96;21.92;0.56992;7610034505124;0;0;1;;
90032159;63789033;2026-02-07;BGH;Früchte + Gemüse;90;040257;1;;kg;Auberginen, 5 kg;5.83;29.15;0.7579;7610632977958;0;0;1;;
90032159;63789033;2026-02-07;BGH;Früchte + Gemüse;100;045084;1;6;kg;Stangensellerie, ca. 6 kg;2.67;16.02;0.41652;2904134999996;0;1;1;;
90032159;63789033;2026-02-07;BGH;Früchte + Gemüse;101;000079;1;;St;Ifco LiftLock;3.2;3.2;0;2000007960008;0;0;0;;
90032159;63789033;2026-02-07;BGH;Food;110;410412;6;;Pk;Barilla Emiliane Chef Lasagne, 500 g;4.19;25.14;0.65364;8076809543002;0;0;1;;
90032159;63789033;2026-02-07;BGH;Molkerei/Backwaren;120;016620;4;;Bt;Economy Mozzarella, Kugel, 4 x 125 g;3.94;15.76;0.40976;7610034505087;0;0;1;;
90032159;63789033;2026-02-07;BGH;Food;130;391210;1;;kg;Economy Basmati Reis, Super Kernel, 10 kg;3.33;33.3;0.8658;7610034522084;0;0;1;;
90032159;63789033;2026-02-07;BGH;Früchte + Gemüse;140;044165;2;;Bt;Petersilie Liscio, 250 g;4.47;8.94;0.23244;7610632980385;0;0;1;;
90032159;63789033;2026-02-07;BGH;Food;150;595410;2;;Lt;Natura Bio Frittieröl, 10 l;5.39;107.8;2.8028;9010054128934;0;0;1;;
90032159;63789033;2026-02-07;BGH;Früchte + Gemüse;160;044794;7;24.5;kg;Blattsalate assortiert spez. 3 Saisonblattsalate, 3,5 kg;5.25;128.625;3.34425;2984134999998;0;1;1;;
90032159;63789033;2026-02-07;BGH;Früchte + Gemüse;161;000079;7;;St;Ifco LiftLock;3.2;22.4;0;2000007960008;0;0;0;;
90032159;63789033;2026-02-07;BGH;Molkerei/Backwaren;170;007550;2;;Bi;Quality Glace Vanille, 4 l;10.54;21.08;0.54808;7610034506213;0;1;1;;
90032159;63789033;2026-02-07;BGH;Molkerei/Backwaren;180;007560;2;;Bi;Quality Glace Kaffee, 4 l;10.89;21.78;0.56628;7610034506220;0;1;1;;
90032159;63789033;2026-02-07;BGH;Molkerei/Backwaren;190;007700;1;;Bi;Emmi Creazione Caramello, 4 l;33.26;33.26;0.86476;7610900166404;0;0;1;;
90032159;63789033;2026-02-07;BGH;Metzgerei;200;054491;3;;kg;Economy Rinds-Hackfleisch, 8 mm, Österreich, tiefgekühlt, 2 kg;16.34;98.04;2.54904;7610034507951;0;0;1;;
90032159;63789033;2026-02-07;BGH;Früchte + Gemüse;210;555558;2;;St;Ifco LiftLock;3.2;6.4;0;2055555810008;0;0;0;;
90032159;63789033;2026-02-07;BGH;Früchte + Gemüse;220;555558;3;;St;Ifco LiftLock;3.2;9.6;0;2055555810008;0;0;0;;
90032159;63785287;2026-02-05;BGH;Früchte + Gemüse;10;000079;-29;;St;Ifco LiftLock;3.2;-92.8;0;2000007960008;0;0;0;;
90032159;63782775;2026-02-04;BGH;Food;10;100431;4;;Fl;Blaze Balsamicosauce, dickflüssig, 380 ml;9.41;37.64;0.97864;8015352303909;0;0;1;;
90032159;63782775;2026-02-04;BGH;Food;20;107911;1;;Pk;Quality Löffelbiskuits, 15 x 400 g;2.91;43.65;1.1349;7610807142150;0;0;1;;
90032159;63782775;2026-02-04;BGH;Früchte + Gemüse;30;047248;1;;St;Feigen frisch, 24 St;1.36;32.64;0.84864;7610632000939;0;0;1;;
90032159;63782775;2026-02-04;BGH;Food;40;100080;1;;Lt;Quality Rapsöl, 20 l;3.48;69.6;1.8096;7610034515147;0;0;1;;
90032159;63782775;2026-02-04;BGH;Food;50;590111;1;;Lt;Quality Sonnenblumenöl, 20 l;4.41;88.2;2.2932;7610034515024;0;0;1;;
90032159;63782775;2026-02-04;BGH;Food;60;511410;1;;Ds;Economy Sweet Corn - Maiskörner, 6 x 2,125 kg;5.04;30.24;0.78624;7610034526075;0;0;1;;
90032159;63782775;2026-02-04;BGH;Food;70;448061;1;;Ds;Hilcona Randensalat gewürfelt, 6 x 3 kg;11.63;69.78;1.81428;7610227950809;0;1;1;;
90032159;63782775;2026-02-04;BGH;Food;80;510601;1;;Bt;Quality Cornichons mittelfein Polydoy, 4 kg;21.76;21.76;0.56576;7610034513136;0;0;1;;
90032159;63782775;2026-02-04;BGH;Food;90;510601;1;;Bt;Quality Cornichons mittelfein Polydoy, 4 kg;21.76;21.76;0.56576;7610034513136;0;0;1;;
90032159;63782775;2026-02-04;BGH;Food;100;102971;2;;kg;Economy Paniermehl, 5 kg;2.22;22.2;0.5772;4388040255021;0;0;1;;
90032159;63782775;2026-02-04;BGH;Früchte + Gemüse;110;044715;5;;St;Salanova Multiblatt assortiert, 8 St;2.59;103.6;2.6936;7610632963678;0;0;1;;
90032159;63782775;2026-02-04;BGH;Früchte + Gemüse;111;000079;5;;St;Ifco LiftLock;3.2;16;0;2000007960008;0;0;0;;
90032159;63782775;2026-02-04;BGH;Früchte + Gemüse;120;048787;1;;kg;Trauben gemischt weiss / blau, 5 kg;6.25;31.25;0.8125;7610632261217;0;0;1;;
90032159;63782775;2026-02-04;BGH;Früchte + Gemüse;130;045278;1;;kg;Tomaten rund, Import, Kaliber 57 - 77 mm, 6 kg;3.24;19.44;0.50544;7610632979297;0;0;1;;
90032159;63782775;2026-02-04;BGH;Früchte + Gemüse;140;040968;2;;kg;Cherry Tomaten Rispen, 3 kg;4.42;26.52;0.68952;7610632949894;0;0;1;;
90032159;63782775;2026-02-04;BGH;Food;150;510111;2;;Ke;Quality Mayonnaise, 4,75 kg;22.1;44.2;1.1492;7610034512672;0;0;1;;
90032159;63782775;2026-02-04;BGH;Food;160;510121;1;;Ke;Quality Mayonnaise, 10 kg;48.38;48.38;1.25788;7610034512689;0;0;1;;
90032159;63782775;2026-02-04;BGH;Molkerei/Backwaren;170;016781;3;;Sc;Quality Grana Padano DOP, Flocken, 500 g;10.3;30.9;0.8034;2001678190008;0;0;7;;
90032159;63782775;2026-02-04;BGH;Molkerei/Backwaren;180;016601;3;;kg;Quality Grana Padano DOP, gerieben, 1 kg;17.53;52.59;1.36734;4388040340352;0;0;7;;
90032159;63782775;2026-02-04;BGH;Früchte + Gemüse;190;048109;1;;kg;Orangen blond, 7 kg;1.94;13.58;0.35308;7610632471906;0;0;1;;
90032159;63782775;2026-02-04;BGH;Früchte + Gemüse;191;000079;1;;St;Ifco LiftLock;3.2;3.2;0;2000007960008;0;0;0;;
90032159;63782775;2026-02-04;BGH;Früchte + Gemüse;200;048827;1;;kg;Zitronen, 6 kg;2.42;14.52;0.37752;7610632320723;0;0;1;;
90032159;63782775;2026-02-04;BGH;Früchte + Gemüse;201;000079;1;;St;Ifco LiftLock;3.2;3.2;0;2000007960008;0;0;0;;
90032159;63782775;2026-02-04;BGH;Food;210;402970;2;;Fl;Mae Ploy Sweet Chili Sauce, 920 g;3.61;7.22;0.18772;0044738072342;0;0;1;;
90032159;63782775;2026-02-04;BGH;Molkerei/Backwaren;220;008652;1;;St;Kern & Sammet Wiener Apfelstrudel, Teigling, tiefgekühlt, 4 x 1,25 kg;17.66;70.64;1.83664;7611687041595;0;0;7;;
90032159;63782775;2026-02-04;BGH;Food;230;431380;1;;Ds;Quality Tomaten gehackt, 2,5 kg;4.21;25.26;0.65676;7610034527836;0;1;1;;
90032159;63782775;2026-02-04;BGH;Nonfood;240;985201;1;;Rl;Kehrichtsack OKS mit Zugband 110L Karton zu 15 Rollen zu 10 Stück;3.64;54.6;4.4226;2098520130008;0;0;2;;
90032159;63782775;2026-02-04;BGH;Nonfood;250;985311;1;;Rl;Kehrichtsack OKS mit Zugband 35L Karton zu 20 Rollen zu 20 Stück;3.23;64.6;5.2326;7649997895256;0;0;2;;
90032159;63782775;2026-02-04;BGH;Food;260;211990;1;;kg;Quality Nudeln gestreckt, 4-Ei, 4 mm, 2 x 5 kg;4.9;49;1.274;7610034522299;0;0;1;;
90032159;63782775;2026-02-04;BGH;Food;270;101461;8;;Fl;Economy Olivenöl extra vergine Spanien, 1 l;8.01;64.08;1.66608;2010146170008;0;0;7;;
90032159;63782775;2026-02-04;BGH;Molkerei/Backwaren;280;013702;3;10.548;kg;Quality Raclette, eckig, 1/2 Laib ca. 3,2 kg;11.02;116.23896;3.02221296;2953272999993;0;0;1;;
90032159;63782775;2026-02-04;BGH;Food;290;428120;1;;Fl;Nectaflor Blütenhonig, 2,8 kg;30.15;30.15;0.7839;7610184010080;0;0;1;;
90032159;63782775;2026-02-04;BGH;Nearfood;300;993320;2;;Rl;Quality Wischtücher Midi, 2-lagig, weiss, 450 Blatt, 6 Rl;6.78;81.36;6.59016;7610034546196;0;0;3;;
90032159;63782775;2026-02-04;BGH;Metzgerei;310;071911;1;;kg;Quality Chicken Nuggets Premium, paniert, frittiert, tiefgekühlt, Polen, 2 kg;15.74;31.48;0.81848;7610162403590;0;0;7;;
90032159;63782775;2026-02-04;BGH;Metzgerei;320;067811;2;;kg;GGAP Forelle Filet, weiss, mit Haut, grätenarm, ca. 110 - 130 g, tiefgekühlt, 5 kg;13.66;136.6;3.5516;8718564924756;0;0;7;;
90032159;63782775;2026-02-04;BGH;Molkerei/Backwaren;330;095210;1;;St;Eier Import, Bodenhaltung, 53g+, 90 Stück;0.4;36;0.936;7640104163138;0;0;1;;
90032159;63782775;2026-02-04;BGH;Food;340;392261;1;;Ds;Quality Birnenhälften in Sirup, 6 x 825 g;2.92;17.52;0.45552;7610034510081;0;1;1;;
90032159;63782775;2026-02-04;BGH;Food;350;392340;1;;Ds;Economy Pfirsichhälften, in Sirup, 4,1 kg;8;8;0.208;7610034521728;0;0;1;;
90032159;63782775;2026-02-04;BGH;Molkerei/Backwaren;360;024361;2;;Tp;Cremo Doppelrahm 45%, UHT, 5 dl;8.63;17.26;0.44876;7610434532843;0;0;1;;
90032159;63782775;2026-02-04;BGH;Früchte + Gemüse;370;555558;4;;St;Ifco LiftLock;3.2;12.8;0;2055555810008;0;0;0;;
90032159;63782775;2026-02-04;BGH;Früchte + Gemüse;380;555558;1;;St;Ifco LiftLock;3.2;3.2;0;2055555810008;0;0;0;;
90032159;63775781;2026-01-31;BGH;Früchte + Gemüse;10;000079;-38;;St;Ifco LiftLock;3.2;-121.6;0;2000007960008;0;0;0;;
90032159;63775781;2026-01-31;BGH;Food;10;391311;1;;Ds;Economy Kapern Capotes, 4,350 kg;24.06;24.06;0.62556;7610034524064;0;0;1;;
90032159;63775781;2026-01-31;BGH;Molkerei/Backwaren;20;007110;8;;St;Taverna Feta, Block, 900 g;12.97;103.76;2.69776;5701638116006;0;0;1;;
90032159;63775781;2026-01-31;BGH;Food;30;500450;1;;Ds;Crespo Oliven schwarz, im Salzwasser, entsteint, 4,3 kg;22.91;22.91;0.59566;3076820013121;0;0;1;;
90032159;63775781;2026-01-31;BGH;Früchte + Gemüse;40;044540;2;;kg;Rucola / Rauke ungewaschen, 1 kg;12.9;25.8;0.6708;7610514613219;0;0;1;;
90032159;63775781;2026-01-31;BGH;Metzgerei;50;000290;8;;kg;Miesmuscheln Spanien, 35/40, 2 kg;8.81;140.96;3.66496;3593900234028;0;0;1;;
90032159;63775781;2026-01-31;BGH;Metzgerei;60;067150;1;;kg;Quality MSC Vongole, gekocht, tiefgekühlt, 10 x 1 kg;3.86;38.6;1.0036;7610034527690;0;1;1;;
90032159;63775781;2026-01-31;BGH;Metzgerei;70;068639;3;;Sc;MSC Scampi Langustine, ganz, 13/16, tiefgekühlt, 1 kg;19.7;59.1;1.5366;5705510025042;0;0;1;;
90032159;63775781;2026-01-31;BGH;Food;80;346400;9;;Pk;Jacquet Baguette, 6 x 140 g;6.44;57.96;1.50696;3029330062868;0;0;1;;
90032159;63775781;2026-01-31;BGH;Molkerei/Backwaren;90;005590;4;;kg;Hilcona Gnocchi mit Griess, tiefgekühlt, 2 x 2,5 kg;5.38;107.6;2.7976;7610227427424;0;0;1;;
90032159;63775781;2026-01-31;BGH;Früchte + Gemüse;100;045907;3;;kg;Zwiebeln gross, 10 kg;1.19;35.7;0.9282;7613399003151;0;1;7;;
90032159;63775781;2026-01-31;BGH;Metzgerei;110;059906;2;18.854;kg;Poulet Brust, Slowenien, ca. 100-250 g, 4 x ca. 2,5 kg;14.36;270.74344;7.03932944;2970224999993;0;0;1;;
90032159;63775781;2026-01-31;BGH;Metzgerei;120;075334;2;;kg;Quality Hackfleischkügeli gekocht, tiefgekühlt, 6 kg;14.35;172.2;4.4772;7610162368950;0;1;1;;
90032159;63775781;2026-01-31;BGH;Früchte + Gemüse;130;040188;3;;kg;Baked Potatoes, mehligkochend, 10 kg;1.42;42.6;1.1076;7613399015536;0;0;1;;
90032159;63775781;2026-01-31;BGH;Molkerei/Backwaren;140;022600;1;;Tp;Quality Vollmilch 3,5%, UHT, 12 x 1 l;1.31;15.72;0.40872;7610034507807;0;0;1;;
90032159;63775781;2026-01-31;BGH;Molkerei/Backwaren;150;027310;1;;kg;Economy Butter, 10 x 1 kg;13.66;136.6;3.5516;7610034508224;0;0;1;;
90032159;63775781;2026-01-31;BGH;Molkerei/Backwaren;160;096090;10;;St;Leisi Kuchenteig rund, 230 g;2.77;27.7;0.7202;7610134001809;0;0;7;;
90032159;63775781;2026-01-31;BGH;Früchte + Gemüse;170;049135;4;;kg;Champignons weiss, frisch, 1 kg;8.44;33.76;0.87776;7610632995211;0;0;1;;
90032159;63775781;2026-01-31;BGH;Früchte + Gemüse;180;044107;1;;kg;Peperoni Tricolor, Import, 5 kg;5.59;27.95;0.7267;7610632977132;0;0;1;;
90032159;63775781;2026-01-31;BGH;Früchte + Gemüse;181;000079;1;;St;Ifco LiftLock;3.2;3.2;0;2000007960008;0;0;0;;
90032159;63775781;2026-01-31;BGH;Molkerei/Backwaren;190;012283;2;2.843;kg;Galbani Gorgonzola DOP Cremoso, 1/4 Laib ca. 1,5 kg;17.85;50.74755;1.3194363;2966973999995;0;0;1;;
90032159;63775781;2026-01-31;BGH;Metzgerei;200;002114;12;25.236;kg;Schweins-Hals, ca. 2 kg;12.77;322.26372;8.37885672;97610011050442;0;0;1;;
90032159;63775781;2026-01-31;BGH;Früchte + Gemüse;210;042363;4;28.49;kg;Kabis weiss mittel, ca. 5 kg;2.18;62.1082;1.6148132;2904693999994;0;0;1;;
90032159;63775781;2026-01-31;BGH;Früchte + Gemüse;211;000079;4;;St;Ifco LiftLock;3.2;12.8;0;2000007960008;0;0;0;;
90032159;63775781;2026-01-31;BGH;Früchte + Gemüse;220;044627;1;;kg;Rüebli / Karotten Gastro, gewaschen, Inland, 10 kg;1.59;15.9;0.4134;7613399004080;0;0;1;;
90032159;63775781;2026-01-31;BGH;Food;230;510111;1;;Ke;Quality Mayonnaise, 4,75 kg;16.42;16.42;0.42692;7610034512672;0;1;1;;
90032159;63775781;2026-01-31;BGH;Food;240;513360;5;;Fl;Quality Barbecue Sauce Squeeze, 1035 g;4.45;22.25;0.5785;7610034530058;0;1;1;;
90032159;63775781;2026-01-31;BGH;Metzgerei;250;050178;33;;St;Bell Münchner Weisswurst, 4 x 60 g;1.29;170.28;4.42728;7610162343117;0;0;1;;
90032159;63775781;2026-01-31;BGH;Food;260;180310;1;;Ke;Händlmaier's Süsser Hausmachersenf, 5 kg;54.26;54.26;1.41076;4104720000053;0;0;1;;
90032159;63775781;2026-01-31;BGH;Früchte + Gemüse;270;093530;3;;kg;Berner Sauerkraut roh, 5 kg;3.28;49.2;1.2792;7610688000099;0;0;1;;
90032159;63775781;2026-01-31;BGH;Metzgerei;280;081522;4;8.18;kg;Quality Speck geräucht 1/2, ca. 1,5 kg;15.44;126.2992;3.2837792;2950432999992;0;0;1;;
90032159;63775781;2026-01-31;BGH;Molkerei/Backwaren;290;039280;5;;kg;Hilcona Cannelloni Padrone Broccoli & Ricotta, tiefgekühlt, 2 kg;14.97;149.7;3.8922;7610227973242;0;0;7;;
90032159;63775781;2026-01-31;BGH;Molkerei/Backwaren;300;039280;1;;kg;Hilcona Cannelloni Padrone Broccoli & Ricotta, tiefgekühlt, 2 kg;14.97;29.94;0.77844;7610227973242;0;0;7;;
90032159;63775781;2026-01-31;BGH;Früchte + Gemüse;310;044715;7;;St;Salanova Multiblatt assortiert, 8 St;1.96;109.76;2.85376;7610632963678;0;1;1;;
90032159;63775781;2026-01-31;BGH;Früchte + Gemüse;311;000079;7;;St;Ifco LiftLock;3.2;22.4;0;2000007960008;0;0;0;;
90032159;63775781;2026-01-31;BGH;Früchte + Gemüse;320;045205;1;2.685;kg;Tomaten rund, ca. 2,5 kg;4.01;10.76685;0.2799381;2904145999992;0;0;1;;
90032159;63775781;2026-01-31;BGH;Früchte + Gemüse;330;047248;1;;St;Feigen frisch, 24 St;1.36;32.64;0.84864;7610632000939;0;0;1;;
90032159;63775781;2026-01-31;BGH;Früchte + Gemüse;340;048130;1;;kg;Orangen blond, gepackt, ca. 2 kg;2.12;4.24;0.11024;7613399009115;0;0;7;;
90032159;63775781;2026-01-31;BGH;Früchte + Gemüse;350;044156;1;;Bt;Petersilie gekraust, gepackt, 500 g;7.31;7.31;0.19006;7610632995082;0;0;1;;
90032159;63775781;2026-01-31;BGH;Früchte + Gemüse;360;041326;12;;St;Eisberg Salat, gefilmt, mind. 300 g/St;1.65;19.8;0.5148;7610632994122;0;0;1;;
90032159;63775781;2026-01-31;BGH;Früchte + Gemüse;370;040968;2;;kg;Cherry Tomaten Rispen, 3 kg;3.61;21.66;0.56316;7610632949894;0;1;1;;
90032159;63775781;2026-01-31;BGH;Früchte + Gemüse;380;048827;1;;kg;Zitronen, 6 kg;2.42;14.52;0.37752;7610632320723;0;0;1;;
90032159;63775781;2026-01-31;BGH;Früchte + Gemüse;381;000079;1;;St;Ifco LiftLock;3.2;3.2;0;2000007960008;0;0;0;;
90032159;63775781;2026-01-31;BGH;Früchte + Gemüse;390;040673;2;6.63;kg;Broccoli, ca. 3,5kg;4.3;28.509;0.741234;2903733999994;0;0;1;;
90032159;63775781;2026-01-31;BGH;Früchte + Gemüse;391;000079;2;;St;Ifco LiftLock;3.2;6.4;0;2000007960008;0;0;0;;
90032159;63775781;2026-01-31;BGH;Früchte + Gemüse;400;040453;1;3.49;kg;Blumenkohl, ca. 3 kg;4.47;15.6003;0.4056078;2900370999998;0;0;1;;
90032159;63775781;2026-01-31;BGH;Früchte + Gemüse;401;000079;1;;St;Ifco LiftLock;3.2;3.2;0;2000007960008;0;0;0;;
90032159;63775781;2026-01-31;BGH;Früchte + Gemüse;410;044658;10;;Bt;Bundkarotte / Karotten mit Laub, 10 St;6.83;68.3;1.7758;7610632981009;0;0;1;;
90032159;63775781;2026-01-31;BGH;Molkerei/Backwaren;420;016781;4;;Sc;Quality Grana Padano DOP, Flocken, 500 g;9.06;36.24;0.94224;2001678190008;0;1;7;;
90032159;63775781;2026-01-31;BGH;Molkerei/Backwaren;430;096261;4;;Pk;Quality Vollei flüssig Import, Bodenhaltung, pasteurisiert, 1 kg;6.14;24.56;0.63856;7610034507609;0;1;1;;
90032159;63775781;2026-01-31;BGH;Molkerei/Backwaren;440;024440;2;;Tp;Quality Vollrahm 35%, UHT, 12 x 1 l;5.69;136.56;3.55056;7610034505315;0;1;1;;
90032159;63775781;2026-01-31;BGH;Molkerei/Backwaren;450;022600;1;;Tp;Quality Vollmilch 3,5%, UHT, 12 x 1 l;1.31;15.72;0.40872;7610034507807;0;0;1;;
90032159;63775781;2026-01-31;BGH;Food;460;457800;1;;Gl;Chirat Preiselbeeren rot, 800 g;11.09;11.09;0.28834;7611300039008;0;1;1;;
90032159;63775781;2026-01-31;BGH;Früchte + Gemüse;470;045907;1;;kg;Zwiebeln gross, 10 kg;1.19;11.9;0.3094;7613399003151;0;1;7;;
90032159;63775781;2026-01-31;BGH;Metzgerei;480;081540;1;3.174;kg;Quality Bratspeck ohne Schwarte, ohne Knorpel, 1/1, ca. 3 kg;12.86;40.81764;1.06125864;2945670999996;0;1;1;;
90032159;63775781;2026-01-31;BGH;Früchte + Gemüse;490;040015;2;;kg;Bratkartoffeln, 5 kg;1.96;19.6;0.5096;7613399016359;0;1;1;;
90032159;63775781;2026-01-31;BGH;Molkerei/Backwaren;500;098030;1;;St;Romer's Buttertoastbrot, gebacken, einzeln verpackt, tiefgekühlt, 9 cm x 9 cm, 12 x 500 g;3.49;41.88;1.08888;7611075109609;0;0;1;;
90032159;63775781;2026-01-31;BGH;Früchte + Gemüse;510;045038;1;;kg;Salat-Spinat, 1 kg;16.37;16.37;0.42562;7610632968031;0;0;1;;
90032159;63775781;2026-01-31;BGH;Food;520;512813;1;;Ds;Quality Tandoori mild, 340 g;14.8;14.8;0.3848;7610034514621;0;1;1;;
90032159;63775781;2026-01-31;BGH;Nonfood;530;901080;2;;Pk;VC999 Vakuumbeutel 90 µm, 200 x 300 mm, Pack zu 100 Stück;12.15;24.3;1.9683;7640144910228;0;0;3;;
90032159;63775781;2026-01-31;BGH;Nonfood;540;930270;2;;Pk;VC999 Vakuumbeutel, 90 µm, 160 x 210 mm, Pack zu 100 Stück;7.37;14.74;1.19394;7640144910204;0;0;2;;
90032159;63775781;2026-01-31;BGH;Nonfood;550;930410;2;;Pk;VC999 Vakuumbeutel, 50 µm, 300 x 400 mm, Pack zu 100 Stück;21.43;42.86;3.47166;7640144915377;0;0;2;;
90032159;63775781;2026-01-31;BGH;Food;560;102950;1;;kg;Quality Suisse Garantie Paniermehl hell, 5 kg;4.75;23.75;0.6175;7610034519701;0;0;1;;
90032159;63775781;2026-01-31;BGH;Food;570;125410;1;;Lt;Economy Olivenöl extra vergine Spanien, 5 l;7.9;39.5;1.027;8413080025689;0;0;1;;
90032159;63775781;2026-01-31;BGH;Nearfood;580;819941;1;;Fl;Greasecutter Fast Foam, Grillreniger und Fettlöser, 4 x 750 ml;27.71;110.84;8.97804;4028159052813;0;0;3;;
90032159;63775781;2026-01-31;BGH;Wein;590;639240;1;;Bx;Montagne Belle Allure Vin Rouge, 10 l BiB;16.42;16.42;1.33002;7610593204872;0;1;3;;
90032159;63775781;2026-01-31;BGH;Nonfood;600;985201;1;;Rl;Kehrichtsack OKS mit Zugband 110L Karton zu 15 Rollen zu 10 Stück;3.64;54.6;4.4226;2098520130008;0;0;2;;
90032159;63775781;2026-01-31;BGH;Nonfood;610;985311;1;;Rl;Kehrichtsack OKS mit Zugband 35L Karton zu 20 Rollen zu 20 Stück;3.23;64.6;5.2326;7649997895256;0;0;2;;
90032159;63775781;2026-01-31;BGH;Food;620;511411;3;;Ds;Economy Sweet Corn - Maiskörner, 2,125 kg;5.04;15.12;0.39312;7610034526068;0;0;1;;
90032159;63775781;2026-01-31;BGH;Früchte + Gemüse;630;044107;1;;kg;Peperoni Tricolor, Import, 5 kg;5.59;27.95;0.7267;7610632977132;0;0;1;;
90032159;63775781;2026-01-31;BGH;Früchte + Gemüse;631;000079;1;;St;Ifco LiftLock;3.2;3.2;0;2000007960008;0;0;0;;
90032159;63775781;2026-01-31;BGH;Früchte + Gemüse;640;047753;2;2;kg;Limetten / Limes, ca. 1 kg;4.07;8.14;0.21164;2905053999999;0;0;1;;
90032159;63775781;2026-01-31;BGH;Früchte + Gemüse;650;043598;4;;Bt;Minze, 250 g;8.72;34.88;0.90688;7610632977873;0;0;1;;
90032159;63775781;2026-01-31;BGH;Nonfood;660;901080;1;;Pk;VC999 Vakuumbeutel 90 µm, 200 x 300 mm, Pack zu 100 Stück;12.15;12.15;0.98415;7640144910228;0;0;3;;
90032159;63775781;2026-01-31;BGH;Nonfood;670;930270;1;;Pk;VC999 Vakuumbeutel, 90 µm, 160 x 210 mm, Pack zu 100 Stück;7.37;7.37;0.59697;7640144910204;0;0;2;;
90032159;63775781;2026-01-31;BGH;Nonfood;680;930410;1;;Pk;VC999 Vakuumbeutel, 50 µm, 300 x 400 mm, Pack zu 100 Stück;21.43;21.43;1.73583;7640144915377;0;0;2;;
90032159;63775781;2026-01-31;BGH;Food;690;391340;1;;kg;Economy Demi-Glace, 4 kg;16.23;64.92;1.68792;7610034531581;0;0;1;;
90032159;63775781;2026-01-31;BGH;Früchte + Gemüse;700;555558;14;;St;Ifco LiftLock;3.2;44.8;0;2055555810008;0;0;0;;
90032159;63775781;2026-01-31;BGH;Früchte + Gemüse;710;555558;1;;St;Ifco LiftLock;3.2;3.2;0;2055555810008;0;0;0;;
90032159;63775781;2026-01-31;BGH;Früchte + Gemüse;720;555558;6;;St;Ifco LiftLock;3.2;19.2;0;2055555810008;0;0;0;;
90032159;63765497;2026-01-28;BGH;Früchte + Gemüse;10;000079;-20;;St;Ifco LiftLock;3.2;-64;0;2000007960008;0;0;0;;
90032159;63765497;2026-01-28;BGH;Nonfood;10;999610;4;;Pk;Thermorolle  80/80/12 mm, Pack zu 5 Rollen;9.88;39.52;3.20112;7610588111086;0;0;2;;
90032159;63765497;2026-01-28;BGH;Früchte + Gemüse;20;040329;2;;Bt;Basilikum, 1 kg;29.39;58.78;1.52828;7610632989975;0;0;1;;
90032159;63765497;2026-01-28;BGH;Nonfood;40;991807;2;;Rl;Dressierbeutel / Spritzsäcke rot, 270 x 630 mm, hitzebeständig bis 110°C, Rolle zu 80 Stück;27.92;55.84;4.52304;7611860025107;0;1;3;;
90032159;63765497;2026-01-28;BGH;Nonfood;50;991232;2;;Rl;Jet-Cut Frischhaltefolie PVC Dispenser 45 cm x 600 m;48.81;97.62;7.90722;7610222012670;0;0;2;;
90032159;63765497;2026-01-28;BGH;Molkerei/Backwaren;60;024440;1;;Tp;Quality Vollrahm 35%, UHT, 12 x 1 l;5.69;68.28;1.77528;7610034505315;0;1;1;;
90032159;63765497;2026-01-28;BGH;Molkerei/Backwaren;70;025040;1;;Kt;Quality Kaffeerahm Portionen 15%, UHT, 200 x 12 g;9.41;9.41;0.24466;7610034505124;0;1;1;;
90032159;63765497;2026-01-28;BGH;Molkerei/Backwaren;80;027210;1;;Kt;Emmi Premium Butterportionen, Becher, 96 x 10 g;21.9;21.9;0.5694;7610900146291;0;0;1;;
90032159;63765497;2026-01-28;BGH;Früchte + Gemüse;90;043596;1;;Bd;Minze Bund, 80 g;4.18;4.18;0.10868;7610632942567;0;0;1;;
90032159;63765497;2026-01-28;BGH;Molkerei/Backwaren;100;096261;4;;Pk;Quality Vollei flüssig Import, Bodenhaltung, pasteurisiert, 1 kg;6.14;24.56;0.63856;7610034507609;0;1;1;;
90032159;63765497;2026-01-28;BGH;Früchte + Gemüse;110;040968;4;;kg;Cherry Tomaten Rispen, 3 kg;3.61;43.32;1.12632;7610632949894;0;1;1;;
90032159;63765497;2026-01-28;BGH;Früchte + Gemüse;120;040673;3;9.73;kg;Broccoli, ca. 3,5kg;4.3;41.839;1.087814;2903733999994;0;0;1;;
90032159;63765497;2026-01-28;BGH;Früchte + Gemüse;121;000079;3;;St;Ifco LiftLock;3.2;9.6;0;2000007960008;0;0;0;;
90032159;63765497;2026-01-28;BGH;Früchte + Gemüse;130;040453;1;4.245;kg;Blumenkohl, ca. 3 kg;4.47;18.97515;0.4933539;2900370999998;0;0;1;;
90032159;63765497;2026-01-28;BGH;Früchte + Gemüse;131;000079;1;;St;Ifco LiftLock;3.2;3.2;0;2000007960008;0;0;0;;
90032159;63765497;2026-01-28;BGH;Früchte + Gemüse;140;045707;1;;kg;Zucchetti, 5 kg;5.87;29.35;0.7631;7610632980545;0;0;1;;
90032159;63765497;2026-01-28;BGH;Früchte + Gemüse;150;044625;1;;kg;Rüebli / Karotten Gastro, 5 kg;1.77;8.85;0.2301;7613399004073;0;0;1;;
90032159;63765497;2026-01-28;BGH;Früchte + Gemüse;160;044658;8;;Bt;Bundkarotte / Karotten mit Laub, 10 St;6.83;54.64;1.42064;7610632981009;0;0;1;;
90032159;63765497;2026-01-28;BGH;Früchte + Gemüse;170;049135;10;;kg;Champignons weiss, frisch, 1 kg;8.44;84.4;2.1944;7610632995211;0;0;1;;
90032159;63765497;2026-01-28;BGH;Früchte + Gemüse;180;045907;1;;kg;Zwiebeln gross, 10 kg;1.19;11.9;0.3094;7613399003151;0;1;7;;
90032159;63765497;2026-01-28;BGH;Früchte + Gemüse;190;041557;1;;kg;Eschalotten, 5 kg;3.95;19.75;0.5135;7610632974957;0;0;1;;
90032159;63765497;2026-01-28;BGH;Früchte + Gemüse;200;044538;1;;Bt;Rosmarin, 250 g;8.72;8.72;0.22672;7610632969816;0;0;1;;
90032159;63765497;2026-01-28;BGH;Früchte + Gemüse;210;045186;1;;Bd;Thymian Bund, 80 g;4.18;4.18;0.10868;7610632942604;0;0;1;;
90032159;63765497;2026-01-28;BGH;Früchte + Gemüse;220;044156;1;;Bt;Petersilie gekraust, gepackt, 500 g;7.31;7.31;0.19006;7610632995082;0;0;1;;
90032159;63765497;2026-01-28;BGH;Früchte + Gemüse;230;044715;8;;St;Salanova Multiblatt assortiert, 8 St;1.96;125.44;3.26144;7610632963678;0;1;1;;
90032159;63765497;2026-01-28;BGH;Früchte + Gemüse;231;000079;8;;St;Ifco LiftLock;3.2;25.6;0;2000007960008;0;0;0;;
90032159;63765497;2026-01-28;BGH;Molkerei/Backwaren;240;007610;1;;Bi;Emmi Favorito Ice Coffee, 4 l;25.34;25.34;0.65884;7610900166329;0;0;1;;
90032159;63765497;2026-01-28;BGH;Molkerei/Backwaren;250;007600;1;;Bi;Emmi Favorito Vanille, 4 l;24.65;24.65;0.6409;7610900166299;0;0;1;;
90032159;63765497;2026-01-28;BGH;Food;260;104951;2;;Ds;Hero Apfelmus, 6 x 430 g;2.05;24.6;0.6396;7614200054720;0;0;1;;
90032159;63765497;2026-01-28;BGH;Food;270;595410;2;;Lt;Natura Bio Frittieröl, 10 l;5.39;107.8;2.8028;9010054128934;0;0;1;;
90032159;63765497;2026-01-28;BGH;Food;280;392230;1;;Sa;Economy Weissmehl, 10 x 1 kg;1.01;10.1;0.2626;7610803008887;0;0;1;;
90032159;63765497;2026-01-28;BGH;Wein;290;611120;1;;Bx;Monvallon Vin Blanc, 10 l BiB;21.78;21.78;1.76418;7610593415353;0;0;3;;
90032159;63765497;2026-01-28;BGH;Food;300;100080;1;;Lt;Quality Rapsöl, 20 l;3.48;69.6;1.8096;7610034515147;0;0;1;;
90032159;63765497;2026-01-28;BGH;Früchte + Gemüse;310;040171;1;;kg;Kartoffeln ganz, roh, geschält, mehligkochend, 5 kg;3.3;16.5;0.429;7613399037255;0;0;1;;
90032159;63765497;2026-01-28;BGH;Früchte + Gemüse;320;555558;8;;St;Ifco LiftLock;3.2;25.6;0;2055555810008;0;0;0;;
90032159;63758839;2026-01-24;BGH;Früchte + Gemüse;10;000079;-14;;St;Ifco LiftLock;3.2;-44.8;0;2000007960008;0;0;0;;
90032159;63758839;2026-01-24;BGH;Molkerei/Backwaren;10;007620;2;;Bi;Emmi Favorito Schokolade, 4 l;25.34;50.68;1.31768;7610900166305;0;0;1;;
90032159;63758839;2026-01-24;BGH;Früchte + Gemüse;20;044156;1;;Bt;Petersilie gekraust, gepackt, 500 g;7.31;7.31;0.19006;7610632995082;0;0;1;;
90032159;63758839;2026-01-24;BGH;Food;30;365041;1;;Ds;Wiberg Rinder-Bouillon kräftig, 1,1 kg;21.58;21.58;0.56108;9002540818306;0;0;1;;
90032159;63758839;2026-01-24;BGH;Food;40;180140;1;;Bt;Bieri Suisse Garantie Dörrbohnen, 2 x 500 g;23.76;47.52;1.23552;7610876065879;0;0;1;;
90032159;63758839;2026-01-24;BGH;Molkerei/Backwaren;50;005579;2;;kg;Hilcona Pasta Classic Tortelloni mit Greyerzer AOC, tiefgekühlt, 2 x 2 kg;11.42;91.36;2.37536;7610227976861;0;0;1;;
90032159;63758839;2026-01-24;BGH;Früchte + Gemüse;60;044737;1;;kg;Kartoffeln Rösti, mehligkochend, gekocht, 2 kg;5.91;11.82;0.30732;7613399037026;0;0;1;;
90032159;63758839;2026-01-24;BGH;Früchte + Gemüse;70;044106;2;;kg;Peperoni gemischt, 2 kg;6.37;25.48;0.66248;7613399054559;0;0;1;;
90032159;63758839;2026-01-24;BGH;Früchte + Gemüse;80;044625;1;;kg;Rüebli / Karotten Gastro, 5 kg;1.39;6.95;0.1807;7613399004073;0;1;1;;
90032159;63758839;2026-01-24;BGH;Metzgerei;90;002316;7;7.113;kg;Rinds-Hackfleisch, 5 mm, ca. 1 kg;17.81;126.68253;3.29374578;97610011862137;0;1;1;;
90032159;63758839;2026-01-24;BGH;Food;100;410011;1;;kg;Barilla Spaghetti, n°5, 5 kg;3.72;18.6;0.4836;8076800035056;0;0;1;;
90032159;63758839;2026-01-24;BGH;Metzgerei;110;067650;1;;Bt;Quality ASC Pangasius Knusperli, im Bierteig, tiefgekühlt, 5 x 1 kg;8.42;42.1;1.0946;5030020400059;0;1;7;;
90032159;63758839;2026-01-24;BGH;Food;120;403260;4;;Ds;Mae Ploy Curry Paste gelb, vegan, 400 g;3.39;13.56;0.35256;8850367994120;0;0;1;;
90032159;63758839;2026-01-24;BGH;Food;130;403500;3;;Tp;Grace Premium Thai Kokosnussmilch, 1 l;5.2;15.6;0.4056;5035139217680;0;0;1;;
90032159;63758839;2026-01-24;BGH;Food;140;511000;1;;Ds;Quality Kichererbsen, 2,55 kg;9.23;9.23;0.23998;4388040280955;0;0;1;;
90032159;63758839;2026-01-24;BGH;Metzgerei;150;002122;15;12.147;kg;Lamm Nierstück, ohne Bein, Australien/Neuseeland, ca. 900 g;33.65;408.74655;10.6274103;92050000178026;0;1;1;;
90032159;63758839;2026-01-24;BGH;Früchte + Gemüse;170;044538;1;;Bt;Rosmarin, 250 g;8.72;8.72;0.22672;7610632969816;0;0;1;;
90032159;63758839;2026-01-24;BGH;Früchte + Gemüse;180;040015;3;;kg;Bratkartoffeln, 5 kg;2.3;34.5;0.897;7613399016359;0;0;1;;
90032159;63758839;2026-01-24;BGH;Früchte + Gemüse;190;044715;7;;St;Salanova Multiblatt assortiert, 8 St;1.96;109.76;2.85376;7610632963678;0;1;1;;
90032159;63758839;2026-01-24;BGH;Früchte + Gemüse;191;000079;7;;St;Ifco LiftLock;3.2;22.4;0;2000007960008;0;0;0;;
90032159;63758839;2026-01-24;BGH;Früchte + Gemüse;200;041328;1;;St;Eisberg Salat, 12 St;1.36;16.32;0.42432;7610632995181;0;0;1;;
90032159;63758839;2026-01-24;BGH;Früchte + Gemüse;210;040968;1;;kg;Cherry Tomaten Rispen, 3 kg;3.61;10.83;0.28158;7610632949894;0;1;1;;
90032159;63758839;2026-01-24;BGH;Früchte + Gemüse;230;046787;1;;kg;Birnen Conference, 6 kg;3.51;21.06;0.54756;7610632350010;0;0;1;;
90032159;63758839;2026-01-24;BGH;Früchte + Gemüse;240;048130;2;;kg;Orangen blond, gepackt, ca. 2 kg;2.12;8.48;0.22048;7613399009115;0;0;7;;
90032159;63758839;2026-01-24;BGH;Früchte + Gemüse;250;048687;3;;Sc;Trauben weiss kernarm, 500 g;3.3;9.9;0.2574;7610632070420;0;0;1;;
90032159;63758839;2026-01-24;BGH;Früchte + Gemüse;260;048576;3;;Sc;Trauben rosé kernarm,  500 g;3.3;9.9;0.2574;7610632070840;0;0;1;;
90032159;63758839;2026-01-24;BGH;Früchte + Gemüse;270;047248;1;;St;Feigen frisch, 24 St;1.36;32.64;0.84864;7610632000939;0;0;1;;
90032159;63758839;2026-01-24;BGH;Früchte + Gemüse;280;046922;2;;Sc;Blueberries, 500 g;6.95;13.9;0.3614;7610632010297;0;0;1;;
90032159;63758839;2026-01-24;BGH;Molkerei/Backwaren;290;012201;3;;Bt;Economy Gran Moravia, gehobelt, 500 g;9.09;27.27;0.70902;4388040201172;0;0;7;;
90032159;63758839;2026-01-24;BGH;Molkerei/Backwaren;300;024440;1;;Tp;Quality Vollrahm 35%, UHT, 12 x 1 l;5.69;68.28;1.77528;7610034505315;0;1;1;;
90032159;63758839;2026-01-24;BGH;Molkerei/Backwaren;310;024791;2;;Ds;Floralp Vollrahm 35%, ohne Zucker, UHT, 500 g;8.06;16.12;0.41912;7612300013166;0;0;7;;
90032159;63758839;2026-01-24;BGH;Molkerei/Backwaren;320;022600;1;;Tp;Quality Vollmilch 3,5%, UHT, 12 x 1 l;1.31;15.72;0.40872;7610034507807;0;0;1;;
90032159;63758839;2026-01-24;BGH;Molkerei/Backwaren;330;010131;1;;Pk;Berner Alphobelkäse AOP, gerollt, 600 g;27.67;27.67;0.71942;7600400001121;0;0;1;;
90032159;63758839;2026-01-24;BGH;Molkerei/Backwaren;340;015992;1;;Sc;Emmi Tête de Moine AOP, Rosetten, 350 g;15.41;15.41;0.40066;7610900267538;0;0;1;;
90032159;63758839;2026-01-24;BGH;Molkerei/Backwaren;350;010843;1;1.084;kg;Emmi Luzerner Rahmkäse, 1/4 Laib ca. 1,1 kg;22.28;24.15152;0.62793952;2900223999991;0;0;1;;
90032159;63758839;2026-01-24;BGH;Molkerei/Backwaren;360;019372;6;;St;Soignon Bûche de chèvre, Weichkäse, 1 kg;15.74;94.44;2.45544;3523237481000;0;1;1;;
90032159;63758839;2026-01-24;BGH;Früchte + Gemüse;370;040853;2;0.727;kg;Brüsseler / Chicorée rot, gepackt, ca. 500 g;14.02;10.19254;0.26500604;2915803999995;0;0;1;;
90032159;63758839;2026-01-24;BGH;Metzgerei;380;087443;2;1.037;kg;Appenzeller Mostbröckli 1/2, IGP, ca. 450 g;63.26;65.60062;1.70561612;2976861999990;0;0;1;;
90032159;63758839;2026-01-24;BGH;Metzgerei;390;086150;2;1.694;kg;Albert Spiess Bauerntrockenfleisch 1/2, Europa, ca. 650 g;49.01;83.02294;2.15859644;2982520999997;0;0;1;;
90032159;63758839;2026-01-24;BGH;Food;400;564040;4;;Gl;Bosco d'oro Carpaccio, aus Sommertrüffeln, schwarz, 45 g;18.74;74.96;1.94896;8032680690549;0;0;1;;
90032159;63758839;2026-01-24;BGH;Nonfood;410;901050;1;;Pk;VC999 Vakuumbeutel 50 µm, 160 x 210 mm, Pack zu 100 Stück;6.92;6.92;0.56052;7640144915315;0;0;3;;
90032159;63758839;2026-01-24;BGH;Food;420;104951;1;;Ds;Hero Apfelmus, 6 x 430 g;2.05;12.3;0.3198;7614200054720;0;0;1;;
90032159;63758839;2026-01-24;BGH;Molkerei/Backwaren;430;007600;1;;Bi;Emmi Favorito Vanille, 4 l;24.65;24.65;0.6409;7610900166299;0;0;1;;
90032159;63758839;2026-01-24;BGH;Molkerei/Backwaren;440;007610;1;;Bi;Emmi Favorito Ice Coffee, 4 l;25.34;25.34;0.65884;7610900166329;0;0;1;;
90032159;63758839;2026-01-24;BGH;Molkerei/Backwaren;450;007620;1;;Bi;Emmi Favorito Schokolade, 4 l;25.34;25.34;0.65884;7610900166305;0;0;1;;
90032159;63758839;2026-01-24;BGH;Früchte + Gemüse;460;045358;1;;kg;Tomaten mit Rispen Import, 5 kg;3.42;17.1;0.4446;7610632977002;0;0;1;;
90032159;63758839;2026-01-24;BGH;Früchte + Gemüse;470;041704;1;5;kg;Fenchel, 5 kg;2.34;11.7;0.3042;2903814999998;0;0;1;;
90032159;63758839;2026-01-24;BGH;Früchte + Gemüse;471;000079;1;;St;Ifco LiftLock;3.2;3.2;0;2000007960008;0;0;0;;
90032159;63758839;2026-01-24;BGH;Molkerei/Backwaren;480;011471;1;0.972;kg;Ziegenkäse Nostrano, höhlengereift, 1/1 Laib ca. 800 g;24.89;24.19308;0.62902008;2961380999996;0;0;1;;
90032159;63758839;2026-01-24;BGH;Molkerei/Backwaren;490;019763;2;1.425;kg;Roquefort Papillon, 1/4 Laib ca. 675 g;35.37;50.40225;1.3104585;2980083999997;0;0;1;;
90032159;63758839;2026-01-24;BGH;Molkerei/Backwaren;500;010116;2;1.85;kg;Berner Alpkäse AOP, 1 jährig, 1/8 Laib ca.1 kg;25.72;47.582;1.237132;2911174999992;0;0;1;;
90032159;63758839;2026-01-24;BGH;Früchte + Gemüse;510;047376;1;;Sc;Himbeeren, Import, 250 g;5.42;5.42;0.14092;7628072012603;0;0;1;;
90032159;63758839;2026-01-24;BGH;Molkerei/Backwaren;520;027990;3;;St;Knorr Garde d'Or Sauce Béarnaise, 6 x 1 l;10.44;187.92;4.88592;8711100462378;0;0;1;;
90032159;63758839;2026-01-24;BGH;Früchte + Gemüse;530;555558;6;;St;Ifco LiftLock;3.2;19.2;0;2055555810008;0;0;0;;
90032159;63758839;2026-01-24;BGH;Früchte + Gemüse;540;555558;6;;St;Ifco LiftLock;3.2;19.2;0;2055555810008;0;0;0;;
90032159;63752000;2026-01-21;BGH;Früchte + Gemüse;10;000079;-21;;St;Ifco LiftLock;3.2;-67.2;0;2000007960008;0;0;0;;
90032159;63752000;2026-01-21;BGH;Früchte + Gemüse;10;044715;5;;St;Salanova Multiblatt assortiert, 8 St;2.59;103.6;2.6936;7610632963678;0;0;1;;
90032159;63752000;2026-01-21;BGH;Früchte + Gemüse;11;000079;5;;St;Ifco LiftLock;3.2;16;0;2000007960008;0;0;0;;
90032159;63752000;2026-01-21;BGH;Nonfood;20;965928;3;;Pk;Lunica Bambusspiessli 20 cm, Ø 2,5 mm Pack zu 200 Stück;1.43;4.29;0.34749;7640174811977;0;0;3;;
90032159;63752000;2026-01-21;BGH;Nonfood;30;963987;3;;Pk;Lunica Fingerfood Spiesse Bambus 12 cm Pack zu 250 Stück;5.77;17.31;1.40211;7640174810383;0;0;3;;
90032159;63752000;2026-01-21;BGH;Früchte + Gemüse;40;040968;3;;kg;Cherry Tomaten Rispen, 3 kg;4.24;38.16;0.99216;7610632949894;0;0;1;;
90032159;63752000;2026-01-21;BGH;Molkerei/Backwaren;50;013702;3;10.4;kg;Quality Raclette, eckig, 1/2 Laib ca. 3,2 kg;11.02;114.608;2.979808;2953272999993;0;0;1;;
90032159;63752000;2026-01-21;BGH;Molkerei/Backwaren;60;027310;1;;kg;Economy Butter, 10 x 1 kg;13.66;136.6;3.5516;7610034508224;0;0;1;;
90032159;63752000;2026-01-21;BGH;Früchte + Gemüse;70;044658;7;;Bt;Bundkarotte / Karotten mit Laub, 10 St;6.83;47.81;1.24306;7610632981009;0;0;1;;
90032159;63752000;2026-01-21;BGH;Food;80;101461;5;;Fl;Economy Olivenöl extra vergine Spanien, 1 l;8.01;40.05;1.0413;2010146170008;0;0;7;;
90032159;63752000;2026-01-21;BGH;Food;90;391251;1;;Ke;Economy Salat-Mayonnaise, 9,4 kg;29.73;29.73;0.77298;7610034511705;0;0;1;;
90032159;63752000;2026-01-21;BGH;Food;100;595410;2;;Lt;Natura Bio Frittieröl, 10 l;5.39;107.8;2.8028;9010054128934;0;0;1;;
90032159;63752000;2026-01-21;BGH;Food;110;100080;1;;Lt;Quality Rapsöl, 20 l;3.48;69.6;1.8096;7610034515147;0;0;1;;
90032159;63752000;2026-01-21;BGH;Früchte + Gemüse;120;094400;1;;kg;Quality Blattspinat-Portionen, TK, 2 x 2,5 kg;3.12;15.6;0.4056;7610034505506;0;1;1;;
90032159;63752000;2026-01-21;BGH;Molkerei/Backwaren;130;007701;1;;Bi;Emmi Creazione Noisettes Caramel Croquant, 4 l;33.26;33.26;0.86476;7610900237296;0;0;1;;
90032159;63752000;2026-01-21;BGH;Food;140;560053;2;;Pk;JuraSel Speisesalz grün, mit Jod und Fluor, 1 kg;1.06;21.2;0.5512;7610039000099;0;0;1;;
90032159;63752000;2026-01-21;BGH;Nearfood;150;811410;10;;Sa;Reosal Regeneriersalz fein, 25 kg;9.85;98.5;7.9785;7610039000204;0;1;2;;
90032159;63752000;2026-01-21;BGH;Früchte + Gemüse;160;047248;1;;St;Feigen frisch, 24 St;1.36;32.64;0.84864;7610632000939;0;0;1;;
90032159;63752000;2026-01-21;BGH;Früchte + Gemüse;170;045707;1;;kg;Zucchetti, 5 kg;4.95;24.75;0.6435;7610632980545;0;0;1;;
90032159;63752000;2026-01-21;BGH;Früchte + Gemüse;180;044106;1;;kg;Peperoni gemischt, 2 kg;6.37;12.74;0.33124;7613399054559;0;0;1;;
90032159;63752000;2026-01-21;BGH;Früchte + Gemüse;190;048827;1;;kg;Zitronen, 6 kg;2.42;14.52;0.37752;7610632320723;0;0;1;;
90032159;63752000;2026-01-21;BGH;Früchte + Gemüse;191;000079;1;;St;Ifco LiftLock;3.2;3.2;0;2000007960008;0;0;0;;
90032159;63752000;2026-01-21;BGH;Früchte + Gemüse;200;045400;1;0.656;kg;Premium Topinambur, ca. 500 g;6.77;4.44112;0.11546912;2901129999993;0;0;1;;
90032159;63752000;2026-01-21;BGH;Früchte + Gemüse;210;048130;1;;kg;Orangen blond, gepackt, ca. 2 kg;1.78;3.56;0.09256;7613399009115;0;1;7;;
90032159;63752000;2026-01-21;BGH;Früchte + Gemüse;220;043596;1;;Bd;Minze Bund, 80 g;4.18;4.18;0.10868;7610632942567;0;0;1;;
90032159;63752000;2026-01-21;BGH;Früchte + Gemüse;230;040621;2;;Be;BRESC Knoblauchpüree, 1 kg;17.17;34.34;0.89284;8712698510120;0;0;1;;
90032159;63752000;2026-01-21;BGH;Molkerei/Backwaren;240;024440;1;;Tp;Quality Vollrahm 35%, UHT, 12 x 1 l;6.02;72.24;1.87824;7610034505315;0;0;1;;
90032159;63752000;2026-01-21;BGH;Molkerei/Backwaren;250;025040;1;;Kt;Quality Kaffeerahm Portionen 15%, UHT, 200 x 12 g;9.41;9.41;0.24466;7610034505124;0;1;1;;
90032159;63752000;2026-01-21;BGH;Molkerei/Backwaren;260;096261;2;;Pk;Quality Vollei flüssig Import, Bodenhaltung, pasteurisiert, 1 kg;7.72;15.44;0.40144;7610034507609;0;0;1;;
90032159;63752000;2026-01-21;BGH;Molkerei/Backwaren;270;010436;1;1.563;kg;Quality Emmentaler AOP, ca. 1,7 kg;14.36;22.44468;0.58356168;2900196999998;0;0;1;;
90032159;63752000;2026-01-21;BGH;Food;280;500290;1;;Ke;Grey Poupon Senf grobkörnig, 5,25 kg;22.82;22.82;0.59332;7610161200374;0;0;1;;
90032159;63752000;2026-01-21;BGH;Food;290;391272;1;;Ke;Economy Ketchup, 5 kg;11.08;11.08;0.28808;9010054126930;0;0;1;;
90032159;63752000;2026-01-21;BGH;Molkerei/Backwaren;300;005010;2;;kg;Quality Joghurt Nature, 3 kg;1.88;11.28;0.29328;7610034534230;0;1;7;;
90032159;63752000;2026-01-21;BGH;Nearfood;310;992093;5;;Pk;Quality Toilettenpapier, 4-lagig, weiss, 160 Blatt, 24 Rl;14.45;72.25;5.85225;7610034532120;0;1;3;;
90032159;63752000;2026-01-21;BGH;Nearfood;320;992830;5;;Kt;Quality Handtuch W-Falz, 2-lagig, weiss, 15 x 125 St;29.01;145.05;11.74905;7610034509610;0;1;3;;
90032159;63752000;2026-01-21;BGH;Früchte + Gemüse;330;555558;1;;St;Ifco LiftLock;3.2;3.2;0;2055555810008;0;0;0;;
90032159;63752000;2026-01-21;BGH;Früchte + Gemüse;340;555558;1;;St;Ifco LiftLock;3.2;3.2;0;2055555810008;0;0;0;;
90032159;63752000;2026-01-21;BGH;Früchte + Gemüse;350;555558;2;;St;Ifco LiftLock;3.2;6.4;0;2055555810008;0;0;0;;
90032159;63745201;2026-01-17;BGH;Früchte + Gemüse;10;000079;-20;;St;Ifco LiftLock;3.2;-64;0;2000007960008;0;0;0;;
90032159;63745201;2026-01-17;BGH;Food;10;345320;1;;Bt;Mangini 3 Jolies, 1 kg;22.94;22.94;0.59644;8004203103348;0;0;1;;
90032159;63745201;2026-01-17;BGH;Food;20;510551;2;;Bt;Quality Cornichons extra-fein Polydoy, 4 kg;30.71;61.42;1.59692;7610034513976;0;0;1;;
90032159;63745201;2026-01-17;BGH;Food;30;511411;4;;Ds;Economy Sweet Corn - Maiskörner, 2,125 kg;5.04;20.16;0.52416;7610034526068;0;0;1;;
90032159;63745201;2026-01-17;BGH;Molkerei/Backwaren;40;096261;4;;Pk;Quality Vollei flüssig Import, Bodenhaltung, pasteurisiert, 1 kg;7.72;30.88;0.80288;7610034507609;0;0;1;;
90032159;63745201;2026-01-17;BGH;Früchte + Gemüse;50;092935;2;;kg;Quality Steinpilze in Würfel, 2 x 2-3 cm, TK, 5 x 1 kg;15.55;155.5;4.043;7610034511712;0;0;1;;
90032159;63745201;2026-01-17;BGH;Food;60;513890;3;;Ds;Quality Dillspitzen, 140 g;6.6;19.8;0.5148;7610034533158;0;0;1;;
90032159;63745201;2026-01-17;BGH;Food;70;512360;1;;Ds;Quality Estragon geschnitten, 110 g;10.51;10.51;0.27326;7610034519381;0;0;1;;
90032159;63745201;2026-01-17;BGH;Früchte + Gemüse;80;091701;3;;kg;Kadi Kartoffel Gnocchi, TK, 2 x 2,5 kg;7.6;114;2.964;7610314400415;0;0;7;;
90032159;63745201;2026-01-17;BGH;Früchte + Gemüse;90;094404;1;;kg;Quality Erbsen mittelfein, Schweiz, TK, 2 x 2,5 kg;4.36;21.8;0.5668;7610034505544;0;0;1;;
90032159;63745201;2026-01-17;BGH;Früchte + Gemüse;100;049135;4;;kg;Champignons weiss, frisch, 1 kg;8.44;33.76;0.87776;7610632995211;0;0;1;;
90032159;63745201;2026-01-17;BGH;Molkerei/Backwaren;110;010201;4;;Bt;Economy Gran Moravia, gerieben, 1 kg;16.52;66.08;1.71808;4388040201158;0;0;7;;
90032159;63745201;2026-01-17;BGH;Molkerei/Backwaren;130;039550;1;;Bt;Hilcona It’s Vegic Falafel Rote Beete, vegan, tiefgekühlt, 2 x 1,5 kg;21.24;42.48;1.10448;7610227988758;0;0;1;;
90032159;63745201;2026-01-17;BGH;Molkerei/Backwaren;140;039550;1;;Bt;Hilcona It’s Vegic Falafel Rote Beete, vegan, tiefgekühlt, 2 x 1,5 kg;21.24;42.48;1.10448;7610227988758;0;0;1;;
90032159;63745201;2026-01-17;BGH;Food;150;590095;1;;kg;Zwicky Couscous, 5 kg;4.08;20.4;0.5304;7610027010253;0;0;1;;
90032159;63745201;2026-01-17;BGH;Früchte + Gemüse;160;091930;1;;kg;Ditzler Brunoise Gemüse, assortiert, TK, 4 x 1,25 kg;5.1;25.5;0.663;7610247002038;0;1;1;;
90032159;63745201;2026-01-17;BGH;Früchte + Gemüse;180;040174;3;;kg;Kartoffeln ganz, roh, geschält, festkochend, 5 kg;3.3;49.5;1.287;7613399037231;0;0;1;;
90032159;63745201;2026-01-17;BGH;Molkerei/Backwaren;190;027971;5;;Tp;Knorr Garde d'Or Sauce Hollandaise, 1 l;11.03;55.15;1.4339;8710847200014;0;0;1;;
90032159;63745201;2026-01-17;BGH;Früchte + Gemüse;200;040673;4;13.085;kg;Broccoli, ca. 3,5kg;3.02;39.5167;1.0274342;2903733999994;0;1;1;;
90032159;63745201;2026-01-17;BGH;Früchte + Gemüse;201;000079;4;;St;Ifco LiftLock;3.2;12.8;0;2000007960008;0;0;0;;
90032159;63745201;2026-01-17;BGH;Metzgerei;210;002109;4;13.81;kg;Schweins-Nierstück, lang, ca. 3 kg;10.39;143.4859;3.7306334;97610011597893;0;1;1;;
90032159;63745201;2026-01-17;BGH;Food;230;399043;1;;Gl;Majestic grüner Pfeffer, 6 x 100 g;3.75;22.5;0.585;7615900012768;0;0;1;;
90032159;63745201;2026-01-17;BGH;Food;240;210601;1;;kg;Ernst Nudeln gestreckt, 4-Ei, 2,5 mm, 24cm, 5 kg;4.5;22.5;0.585;7640120092757;0;1;1;;
90032159;63745201;2026-01-17;BGH;Früchte + Gemüse;250;044007;3;;Sc;Peperoni Cecei weiss, 500 g;2.89;8.67;0.22542;7610632950654;0;0;1;;
90032159;63745201;2026-01-17;BGH;Früchte + Gemüse;260;040015;2;;kg;Bratkartoffeln, 5 kg;2.3;23;0.598;7613399016359;0;0;1;;
90032159;63745201;2026-01-17;BGH;Früchte + Gemüse;270;094400;1;;kg;Quality Blattspinat-Portionen, TK, 2 x 2,5 kg;3.75;18.75;0.4875;7610034505506;0;0;1;;
90032159;63745201;2026-01-17;BGH;Metzgerei;280;002498;7;8.684;kg;Swiss Quality Beef Siedfleisch Brust, ca. 1,9 kg;16.82;146.06488;3.79768688;2906271999990;0;1;1;;
90032159;63745201;2026-01-17;BGH;Food;290;398671;1;;Gl;Schamel Meerrettich gerieben, 680 g;10.01;10.01;0.26026;4000515001048;0;0;1;;
90032159;63745201;2026-01-17;BGH;Metzgerei;300;067510;1;;kg;ASC Lachs Medaillon, ohne Haut, grätenarm, ca. 140 - 160 g, tiefgekühlt, 5 kg;18.71;93.55;2.4323;7613983509403;0;1;1;;
90032159;63745201;2026-01-17;BGH;Food;310;102971;2;;kg;Economy Paniermehl, 5 kg;2.22;22.2;0.5772;4388040255021;0;0;1;;
90032159;63745201;2026-01-17;BGH;Früchte + Gemüse;320;044715;5;;St;Salanova Multiblatt assortiert, 8 St;2.59;103.6;2.6936;7610632963678;0;0;1;;
90032159;63745201;2026-01-17;BGH;Früchte + Gemüse;321;000079;5;;St;Ifco LiftLock;3.2;16;0;2000007960008;0;0;0;;
90032159;63745201;2026-01-17;BGH;Früchte + Gemüse;330;048687;2;;Sc;Trauben weiss kernarm, 500 g;3.18;6.36;0.16536;7610632070420;0;0;1;;
90032159;63745201;2026-01-17;BGH;Früchte + Gemüse;340;048576;3;;Sc;Trauben rosé kernarm,  500 g;3.3;9.9;0.2574;7610632070840;0;0;1;;
90032159;63745201;2026-01-17;BGH;Früchte + Gemüse;350;040968;3;;kg;Cherry Tomaten Rispen, 3 kg;4.47;40.23;1.04598;7610632949894;0;0;1;;
90032159;63745201;2026-01-17;BGH;Früchte + Gemüse;360;045355;1;2.625;kg;Tomaten mit Rispen, ca. 2,5 kg;4.42;11.6025;0.301665;2960415999994;0;0;1;;
90032159;63745201;2026-01-17;BGH;Früchte + Gemüse;370;041328;1;;St;Eisberg Salat, 12 St;1.09;13.08;0.34008;7610632995181;0;1;1;;
90032159;63745201;2026-01-17;BGH;Früchte + Gemüse;380;041557;1;;kg;Eschalotten, 5 kg;3.95;19.75;0.5135;7610632974957;0;0;1;;
90032159;63745201;2026-01-17;BGH;Früchte + Gemüse;390;040673;2;6.47;kg;Broccoli, ca. 3,5kg;3.02;19.5394;0.5080244;2903733999994;0;1;1;;
90032159;63745201;2026-01-17;BGH;Früchte + Gemüse;391;000079;2;;St;Ifco LiftLock;3.2;6.4;0;2000007960008;0;0;0;;
90032159;63745201;2026-01-17;BGH;Früchte + Gemüse;400;040453;2;6.245;kg;Blumenkohl, ca. 3 kg;4.01;25.04245;0.6511037;2900370999998;0;0;1;;
90032159;63745201;2026-01-17;BGH;Früchte + Gemüse;401;000079;2;;St;Ifco LiftLock;3.2;6.4;0;2000007960008;0;0;0;;
90032159;63745201;2026-01-17;BGH;Früchte + Gemüse;410;045707;1;;kg;Zucchetti, 5 kg;3.65;18.25;0.4745;7610632980545;0;0;1;;
90032159;63745201;2026-01-17;BGH;Früchte + Gemüse;420;044658;6;;Bt;Bundkarotte / Karotten mit Laub, 10 St;6.83;40.98;1.06548;7610632981009;0;0;1;;
90032159;63745201;2026-01-17;BGH;Molkerei/Backwaren;430;022600;1;;Tp;Quality Vollmilch 3,5%, UHT, 12 x 1 l;1.31;15.72;0.40872;7610034507807;0;0;1;;
90032159;63745201;2026-01-17;BGH;Molkerei/Backwaren;440;024440;1;;Tp;Quality Vollrahm 35%, UHT, 12 x 1 l;6.02;72.24;1.87824;7610034505315;0;0;1;;
90032159;63745201;2026-01-17;BGH;Molkerei/Backwaren;450;025040;1;;Kt;Quality Kaffeerahm Portionen 15%, UHT, 200 x 12 g;11.21;11.21;0.29146;7610034505124;0;0;1;;
90032159;63745201;2026-01-17;BGH;Molkerei/Backwaren;460;024791;2;;Ds;Floralp Vollrahm 35%, ohne Zucker, UHT, 500 g;6.58;13.16;0.34216;7612300013166;0;1;7;;
90032159;63745201;2026-01-17;BGH;Molkerei/Backwaren;470;024361;3;;Tp;Cremo Doppelrahm 45%, UHT, 5 dl;8.75;26.25;0.6825;7610434532843;0;0;1;;
90032159;63745201;2026-01-17;BGH;Früchte + Gemüse;480;047248;1;;St;Feigen frisch, 24 St;1.36;32.64;0.84864;7610632000939;0;0;1;;
90032159;63745201;2026-01-17;BGH;Molkerei/Backwaren;490;007610;1;;Bi;Emmi Favorito Ice Coffee, 4 l;25.34;25.34;0.65884;7610900166329;0;0;1;;
90032159;63745201;2026-01-17;BGH;Früchte + Gemüse;500;040621;1;;Be;BRESC Knoblauchpüree, 1 kg;17.17;17.17;0.44642;8712698510120;0;0;1;;
90032159;63745201;2026-01-17;BGH;Früchte + Gemüse;510;040621;1;;Be;BRESC Knoblauchpüree, 1 kg;17.17;17.17;0.44642;8712698510120;0;0;1;;
90032159;63745201;2026-01-17;BGH;Food;520;259000;3;;Pk;Quality Maisstärke, 2,5 kg;7.87;23.61;0.61386;7610034512047;0;0;1;;
90032159;63745201;2026-01-17;BGH;Food;530;235140;2;;Sa;Riso Gallo Arborio, 5 kg;29.21;58.42;1.51892;8001420000870;0;1;1;;
90032159;63745201;2026-01-17;BGH;Food;540;391210;1;;kg;Economy Basmati Reis, Super Kernel, 10 kg;3.33;33.3;0.8658;7610034522084;0;0;1;;
90032159;63745201;2026-01-17;BGH;Food;550;448060;3;;Ds;Hilcona Randensalat gewürfelt, 3 kg;15.1;45.3;1.1778;7610227328127;0;0;1;;
90032159;63745201;2026-01-17;BGH;Früchte + Gemüse;560;043596;1;;Bd;Minze Bund, 80 g;4.18;4.18;0.10868;7610632942567;0;0;1;;
90032159;63745201;2026-01-17;BGH;Nonfood;570;991511;3;;Pk;Lunchtragtaschen Papier, 33 x 26 x 13 cm, Pack zu 50 Stück;27.41;82.23;6.66063;7610901210014;0;0;2;;
90032159;63745201;2026-01-17;BGH;Nonfood;580;980449;2;;Pk;Menüschale 2-geteilt EPS 24 x 21 x 7 cm Pack zu 80 Stück;21.92;43.84;3.55104;7610588105436;0;0;3;;
90032159;63745201;2026-01-17;BGH;Molkerei/Backwaren;590;016781;3;;Sc;Quality Grana Padano DOP, Flocken, 500 g;10.3;30.9;0.8034;2001678190008;0;0;7;;
90032159;63745201;2026-01-17;BGH;Früchte + Gemüse;600;555558;7;;St;Ifco LiftLock;3.2;22.4;0;2055555810008;0;0;0;;
90032159;63745201;2026-01-17;BGH;Früchte + Gemüse;610;555558;1;;St;Ifco LiftLock;3.2;3.2;0;2055555810008;0;0;0;;
90032159;63745201;2026-01-17;BGH;Früchte + Gemüse;620;555558;6;;St;Ifco LiftLock;3.2;19.2;0;2055555810008;0;0;0;;
90032159;63738867;2026-01-14;BGH;Früchte + Gemüse;10;000079;-16;;St;Ifco LiftLock;3.2;-51.2;0;2000007960008;0;0;0;;
90032159;63738867;2026-01-14;BGH;Metzgerei;10;081540;3;7.595;kg;Quality Bratspeck ohne Schwarte, ohne Knorpel, 1/1, ca. 3 kg;17.52;133.0644;3.4596744;2945670999996;0;0;1;;
90032159;63738867;2026-01-14;BGH;Früchte + Gemüse;20;091210;1;;kg;Kadi Pommes Rissolées, 15mm, TK, 2 x 2,5 kg;5.3;26.5;0.689;7610314341114;0;1;1;;
90032159;63738867;2026-01-14;BGH;Molkerei/Backwaren;30;096261;3;;Pk;Quality Vollei flüssig Import, Bodenhaltung, pasteurisiert, 1 kg;7.72;23.16;0.60216;7610034507609;0;0;1;;
90032159;63738867;2026-01-14;BGH;Molkerei/Backwaren;40;010455;1;1.968;kg;Cremo Greyerzer AOP, classic, ca. 2 kg;16.74;32.94432;0.85655232;2987945999997;0;0;1;;
90032159;63738867;2026-01-14;BGH;Molkerei/Backwaren;50;007610;1;;Bi;Emmi Favorito Ice Coffee, 4 l;25.34;25.34;0.65884;7610900166329;0;0;1;;
90032159;63738867;2026-01-14;BGH;Früchte + Gemüse;60;044715;7;;St;Salanova Multiblatt assortiert, 8 St;2.59;145.04;3.77104;7610632963678;0;0;1;;
90032159;63738867;2026-01-14;BGH;Früchte + Gemüse;61;000079;7;;St;Ifco LiftLock;3.2;22.4;0;2000007960008;0;0;0;;
90032159;63738867;2026-01-14;BGH;Molkerei/Backwaren;70;027310;1;;kg;Economy Butter, 10 x 1 kg;13.66;136.6;3.5516;7610034508224;0;0;1;;
90032159;63738867;2026-01-14;BGH;Molkerei/Backwaren;80;013702;1;3.466;kg;Quality Raclette, eckig, 1/2 Laib ca. 3,2 kg;11.02;38.19532;0.99307832;2953272999993;0;0;1;;
90032159;63738867;2026-01-14;BGH;Molkerei/Backwaren;90;025040;1;;Kt;Quality Kaffeerahm Portionen 15%, UHT, 200 x 12 g;11.21;11.21;0.29146;7610034505124;0;0;1;;
90032159;63738867;2026-01-14;BGH;Molkerei/Backwaren;100;024791;3;;Ds;Floralp Vollrahm 35%, ohne Zucker, UHT, 500 g;6.58;19.74;0.51324;7612300013166;0;1;7;;
90032159;63738867;2026-01-14;BGH;Molkerei/Backwaren;110;022600;1;;Tp;Quality Vollmilch 3,5%, UHT, 12 x 1 l;1.31;15.72;0.40872;7610034507807;0;0;1;;
90032159;63738867;2026-01-14;BGH;Molkerei/Backwaren;120;024361;2;;Tp;Cremo Doppelrahm 45%, UHT, 5 dl;8.75;17.5;0.455;7610434532843;0;0;1;;
90032159;63738867;2026-01-14;BGH;Molkerei/Backwaren;130;012201;2;;Bt;Economy Gran Moravia, gehobelt, 500 g;9.09;18.18;0.47268;4388040201172;0;0;7;;
90032159;63738867;2026-01-14;BGH;Food;140;391251;1;;Ke;Economy Salat-Mayonnaise, 9,4 kg;29.73;29.73;0.77298;7610034511705;0;0;1;;
90032159;63738867;2026-01-14;BGH;Früchte + Gemüse;150;048827;1;;kg;Zitronen, 6 kg;2.42;14.52;0.37752;7610632320723;0;0;1;;
90032159;63738867;2026-01-14;BGH;Früchte + Gemüse;151;000079;1;;St;Ifco LiftLock;3.2;3.2;0;2000007960008;0;0;0;;
90032159;63738867;2026-01-14;BGH;Molkerei/Backwaren;160;019372;4;;St;Soignon Bûche de chèvre, Weichkäse, 1 kg;16.86;67.44;1.75344;3523237481000;0;0;1;;
90032159;63738867;2026-01-14;BGH;Früchte + Gemüse;170;045907;1;;kg;Zwiebeln gross, 10 kg;1.5;15;0.39;7613399003151;0;0;7;;
90032159;63738867;2026-01-14;BGH;Früchte + Gemüse;180;040968;3;;kg;Cherry Tomaten Rispen, 3 kg;4.47;40.23;1.04598;7610632949894;0;0;1;;
90032159;63738867;2026-01-14;BGH;Früchte + Gemüse;190;045205;1;2.575;kg;Tomaten rund, ca. 2,5 kg;4.01;10.32575;0.2684695;2904145999992;0;0;1;;
90032159;63738867;2026-01-14;BGH;Früchte + Gemüse;200;040853;2;0.739;kg;Brüsseler / Chicorée rot, gepackt, ca. 500 g;14.02;10.36078;0.26938028;2915803999995;0;0;1;;
90032159;63738867;2026-01-14;BGH;Früchte + Gemüse;210;048687;2;;Sc;Trauben weiss kernarm, 500 g;3.18;6.36;0.16536;7610632070420;0;0;1;;
90032159;63738867;2026-01-14;BGH;Früchte + Gemüse;220;048576;2;;Sc;Trauben rosé kernarm,  500 g;3.3;6.6;0.1716;7610632070840;0;0;1;;
90032159;63738867;2026-01-14;BGH;Früchte + Gemüse;230;047248;1;;St;Feigen frisch, 24 St;1.36;32.64;0.84864;7610632000939;0;0;1;;
90032159;63738867;2026-01-14;BGH;Früchte + Gemüse;240;044106;2;;kg;Peperoni gemischt, 2 kg;4.46;17.84;0.46384;7613399054559;0;1;1;;
90032159;63738867;2026-01-14;BGH;Früchte + Gemüse;250;040453;1;2.985;kg;Blumenkohl, ca. 3 kg;4.01;11.96985;0.3112161;2900370999998;0;0;1;;
90032159;63738867;2026-01-14;BGH;Früchte + Gemüse;251;000079;1;;St;Ifco LiftLock;3.2;3.2;0;2000007960008;0;0;0;;
90032159;63738867;2026-01-14;BGH;Früchte + Gemüse;260;044658;10;;Bt;Bundkarotte / Karotten mit Laub, 10 St;6.83;68.3;1.7758;7610632981009;0;0;1;;
90032159;63738867;2026-01-14;BGH;Food;270;235440;1;;Lt;Quality Weissweinessig 4.5°, 10 l;2.81;28.1;0.7306;7610034516724;0;0;1;;
90032159;63738867;2026-01-14;BGH;Food;280;595410;2;;Lt;Natura Bio Frittieröl, 10 l;5.39;107.8;2.8028;9010054128934;0;0;1;;
90032159;63738867;2026-01-14;BGH;Food;290;100080;1;;Lt;Quality Rapsöl, 20 l;3.48;69.6;1.8096;7610034515147;0;0;1;;
90032159;63738867;2026-01-14;BGH;Früchte + Gemüse;300;555558;3;;St;Ifco LiftLock;3.2;9.6;0;2055555810008;0;0;0;;
90032159;63738867;2026-01-14;BGH;Früchte + Gemüse;310;555558;1;;St;Ifco LiftLock;3.2;3.2;0;2055555810008;0;0;0;;
90032159;63731986;2026-01-10;BGH;Früchte + Gemüse;10;000079;-20;;St;Ifco LiftLock;3.2;-64;0;2000007960008;0;0;0;;
90032159;63731986;2026-01-10;BGH;Metzgerei;10;052272;12;12.534;kg;Swiss Quality Beef Voressen, ca. 1 kg;21.77;272.86518;7.09449468;2906424999990;0;1;1;;
90032159;63731986;2026-01-10;BGH;Metzgerei;20;001366;2;8.562;kg;Schweins-Nierstück mit Huft, ca. 4 kg;10.58;90.58596;2.35523496;2905237999999;0;1;1;;
90032159;63731986;2026-01-10;BGH;Metzgerei;30;002111;14;15.027;kg;Schweins-Filet, mit Strang, 2 x ca. 500 g;24.74;371.76798;9.66596748;97610011091322;0;1;1;;
90032159;63731986;2026-01-10;BGH;Metzgerei;40;059906;1;9.524;kg;Poulet Brust, Slowenien, ca. 100-250 g, 4 x ca. 2,5 kg;14.36;136.76464;3.55588064;2970224999993;0;0;1;;
90032159;63731986;2026-01-10;BGH;Metzgerei;50;054513;10;;kg;Rinds-Hackfleisch, Atmos, 5mm, Österreich, 1 kg;17.72;177.2;4.6072;7610162324352;0;0;1;;
90032159;63731986;2026-01-10;BGH;Früchte + Gemüse;60;091210;2;;kg;Kadi Pommes Rissolées, 15mm, TK, 2 x 2,5 kg;6.27;62.7;1.6302;7610314341114;0;0;1;;
90032159;63731986;2026-01-10;BGH;Molkerei/Backwaren;70;006040;2;;kg;Hilcona Pasta Classic Ravioli Gemüse Dal, tiefgekühlt, 2 x 2 kg;11.31;90.48;2.35248;7610227983128;0;0;7;;
90032159;63731986;2026-01-10;BGH;Molkerei/Backwaren;80;096261;3;;Pk;Quality Vollei flüssig Import, Bodenhaltung, pasteurisiert, 1 kg;7.72;23.16;0.60216;7610034507609;0;0;1;;
90032159;63731986;2026-01-10;BGH;Früchte + Gemüse;90;044625;1;;kg;Rüebli / Karotten Gastro, 5 kg;1.77;8.85;0.2301;7613399004073;0;0;1;;
90032159;63731986;2026-01-10;BGH;Früchte + Gemüse;100;045358;1;;kg;Tomaten mit Rispen Import, 5 kg;3.36;16.8;0.4368;7610632977002;0;0;1;;
90032159;63731986;2026-01-10;BGH;Früchte + Gemüse;120;045907;1;;kg;Zwiebeln gross, 10 kg;1.5;15;0.39;7613399003151;0;0;7;;
90032159;63731986;2026-01-10;BGH;Früchte + Gemüse;130;040171;2;;kg;Kartoffeln ganz, roh, geschält, mehligkochend, 5 kg;3.3;33;0.858;7613399037255;0;0;1;;
90032159;63731986;2026-01-10;BGH;Food;140;392450;1;;Ds;Quality Pfirsichhälften in Sirup, 6 x 820 g;2.18;13.08;0.34008;7610034521766;0;0;1;;
90032159;63731986;2026-01-10;BGH;Metzgerei;150;080420;1;;kg;ASC Goldbrassen Filet, mit Haut, grätenarm, ca. 90 - 120 g, tiefgekühlt, 5 x 1 kg;18.71;93.55;2.4323;7610034516311;0;0;1;;
90032159;63731986;2026-01-10;BGH;Früchte + Gemüse;160;094404;1;;kg;Quality Erbsen mittelfein, Schweiz, TK, 2 x 2,5 kg;4.36;21.8;0.5668;7610034505544;0;0;1;;
90032159;63731986;2026-01-10;BGH;Früchte + Gemüse;170;045707;1;;kg;Zucchetti, 5 kg;2.89;14.45;0.3757;7610632980545;0;0;1;;
90032159;63731986;2026-01-10;BGH;Nonfood;180;950095;2;;Bl;Varta Batterie Longlife D/LR20, Blister zu 2 Stück;5.44;10.88;0.88128;4008496128518;0;0;2;;
90032159;63731986;2026-01-10;BGH;Molkerei/Backwaren;190;015481;2;;Sc;Emmi Mozzarella, Perlen, 1 kg;12.13;24.26;0.63076;7610028007269;0;1;1;;
90032159;63731986;2026-01-10;BGH;Nearfood;200;968700;20;;St;Zylinderkerze 70 x 200 mm, 90h, ecru;3.91;78.2;6.3342;7610054040247;0;0;2;;
90032159;63731986;2026-01-10;BGH;Nonfood;210;999050;3;;Fl;Quality Brennpaste Flasche 1 l;4.18;12.54;1.01574;4388040269721;0;0;2;;
90032159;63731986;2026-01-10;BGH;Molkerei/Backwaren;220;007610;1;;Bi;Emmi Favorito Ice Coffee, 4 l;25.34;25.34;0.65884;7610900166329;0;0;1;;
90032159;63731986;2026-01-10;BGH;Molkerei/Backwaren;230;007600;2;;Bi;Emmi Favorito Vanille, 4 l;24.65;49.3;1.2818;7610900166299;0;0;1;;
90032159;63731986;2026-01-10;BGH;Molkerei/Backwaren;240;007651;1;;Bi;Emmi Sorbetto Zitrone, vegan, 4 l;24.85;24.85;0.6461;7610900255962;0;0;1;;
90032159;63731986;2026-01-10;BGH;Molkerei/Backwaren;250;007701;1;;Bi;Emmi Creazione Noisettes Caramel Croquant, 4 l;33.26;33.26;0.86476;7610900237296;0;0;1;;
90032159;63731986;2026-01-10;BGH;Früchte + Gemüse;260;046922;2;;Sc;Blueberries, 500 g;6.95;13.9;0.3614;7610632010297;0;0;1;;
90032159;63731986;2026-01-10;BGH;Früchte + Gemüse;270;048687;3;;Sc;Trauben weiss kernarm, 500 g;3.24;9.72;0.25272;7610632070420;0;0;1;;
90032159;63731986;2026-01-10;BGH;Früchte + Gemüse;280;048576;3;;Sc;Trauben rosé kernarm,  500 g;3.36;10.08;0.26208;7610632070840;0;0;1;;
90032159;63731986;2026-01-10;BGH;Früchte + Gemüse;290;043596;1;;Bd;Minze Bund, 80 g;4.18;4.18;0.10868;7610632942567;0;0;1;;
90032159;63731986;2026-01-10;BGH;Früchte + Gemüse;300;048130;1;;kg;Orangen blond, gepackt, ca. 2 kg;2.12;4.24;0.11024;7613399009115;0;0;7;;
90032159;63731986;2026-01-10;BGH;Früchte + Gemüse;310;040673;2;6.37;kg;Broccoli, ca. 3,5kg;3.02;19.2374;0.5001724;2903733999994;0;1;1;;
90032159;63731986;2026-01-10;BGH;Früchte + Gemüse;311;000079;2;;St;Ifco LiftLock;3.2;6.4;0;2000007960008;0;0;0;;
90032159;63731986;2026-01-10;BGH;Früchte + Gemüse;320;040453;1;3.785;kg;Blumenkohl, ca. 3 kg;3.71;14.04235;0.3651011;2900370999998;0;0;1;;
90032159;63731986;2026-01-10;BGH;Früchte + Gemüse;321;000079;1;;St;Ifco LiftLock;3.2;3.2;0;2000007960008;0;0;0;;
90032159;63731986;2026-01-10;BGH;Früchte + Gemüse;330;044106;2;;kg;Peperoni gemischt, 2 kg;4.46;17.84;0.46384;7613399054559;0;1;1;;
90032159;63731986;2026-01-10;BGH;Früchte + Gemüse;340;044658;10;;Bt;Bundkarotte / Karotten mit Laub, 10 St;6.83;68.3;1.7758;7610632981009;0;0;1;;
90032159;63731986;2026-01-10;BGH;Früchte + Gemüse;350;049135;10;;kg;Champignons weiss, frisch, 1 kg;8.44;84.4;2.1944;7610632995211;0;0;1;;
90032159;63731986;2026-01-10;BGH;Früchte + Gemüse;360;092070;1;;kg;Ditzler Kohlraben-Stäbchen, Schweiz, TK, 2 x 2,5 kg;3.86;19.3;0.5018;7610247110405;0;1;1;;
90032159;63731986;2026-01-10;BGH;Früchte + Gemüse;370;044156;1;;Bt;Petersilie gekraust, gepackt, 500 g;7.31;7.31;0.19006;7610632995082;0;0;1;;
90032159;63731986;2026-01-10;BGH;Früchte + Gemüse;380;044538;1;;Bt;Rosmarin, 250 g;8.72;8.72;0.22672;7610632969816;0;0;1;;
90032159;63731986;2026-01-10;BGH;Früchte + Gemüse;390;045186;1;;Bd;Thymian Bund, 80 g;4.18;4.18;0.10868;7610632942604;0;0;1;;
90032159;63731986;2026-01-10;BGH;Früchte + Gemüse;400;041328;1;;St;Eisberg Salat, 12 St;1.09;13.08;0.34008;7610632995181;0;1;1;;
90032159;63731986;2026-01-10;BGH;Food;410;391251;1;;Ke;Economy Salat-Mayonnaise, 9,4 kg;29.73;29.73;0.77298;7610034511705;0;0;1;;
90032159;63731986;2026-01-10;BGH;Molkerei/Backwaren;420;024673;1;;Ke;Quality Crème Fraîche, Sauerrahm 35%, 2,5 kg;25.06;25.06;0.65156;7610034514973;0;0;1;;
90032159;63731986;2026-01-10;BGH;Molkerei/Backwaren;430;024440;1;;Tp;Quality Vollrahm 35%, UHT, 12 x 1 l;6.02;72.24;1.87824;7610034505315;0;0;1;;
90032159;63731986;2026-01-10;BGH;Molkerei/Backwaren;440;025040;1;;Kt;Quality Kaffeerahm Portionen 15%, UHT, 200 x 12 g;11.21;11.21;0.29146;7610034505124;0;0;1;;
90032159;63731986;2026-01-10;BGH;Molkerei/Backwaren;450;012201;3;;Bt;Economy Gran Moravia, gehobelt, 500 g;9.09;27.27;0.70902;4388040201172;0;0;7;;
90032159;63731986;2026-01-10;BGH;Molkerei/Backwaren;460;010201;4;;Bt;Economy Gran Moravia, gerieben, 1 kg;16.52;66.08;1.71808;4388040201158;0;0;7;;
90032159;63731986;2026-01-10;BGH;Molkerei/Backwaren;470;022600;1;;Tp;Quality Vollmilch 3,5%, UHT, 12 x 1 l;1.31;15.72;0.40872;7610034507807;0;0;1;;
90032159;63731986;2026-01-10;BGH;Früchte + Gemüse;480;040968;2;;kg;Cherry Tomaten Rispen, 3 kg;4.47;26.82;0.69732;7610632949894;0;0;1;;
90032159;63731986;2026-01-10;BGH;Früchte + Gemüse;490;040015;1;;kg;Bratkartoffeln, 5 kg;2.3;11.5;0.299;7613399016359;0;0;1;;
90032159;63731986;2026-01-10;BGH;Food;500;100080;2;;Lt;Quality Rapsöl, 20 l;3.48;139.2;3.6192;7610034515147;0;0;1;;
90032159;63731986;2026-01-10;BGH;Früchte + Gemüse;510;555558;8;;St;Ifco LiftLock;3.2;25.6;0;2055555810008;0;0;0;;
90032159;63731986;2026-01-10;BGH;Früchte + Gemüse;520;555558;3;;St;Ifco LiftLock;3.2;9.6;0;2055555810008;0;0;0;;
90032159;63725924;2026-01-07;BGH;Früchte + Gemüse;10;000079;-22;;St;Ifco LiftLock;3.2;-70.4;0;2000007960008;0;0;0;;
90032159;63725924;2026-01-07;BGH;Molkerei/Backwaren;10;008281;1;;St;Delicool Wiener Apfelstrudel, Schnitten, tiefgekühlt, 40 x 150 g;2.16;86.4;2.2464;7640129370177;0;0;7;;
90032159;63725924;2026-01-07;BGH;Molkerei/Backwaren;20;019372;4;;St;Soignon Bûche de chèvre, Weichkäse, 1 kg;16.86;67.44;1.75344;3523237481000;0;0;1;;
90032159;63725924;2026-01-07;BGH;Früchte + Gemüse;30;040188;2;;kg;Baked Potatoes, mehligkochend, 10 kg;1.42;28.4;0.7384;7613399015536;0;0;1;;
90032159;63725924;2026-01-07;BGH;Früchte + Gemüse;40;044715;4;;St;Salanova Multiblatt assortiert, 8 St;2.59;82.88;2.15488;7610632963678;0;0;1;;
90032159;63725924;2026-01-07;BGH;Früchte + Gemüse;41;000079;4;;St;Ifco LiftLock;3.2;12.8;0;2000007960008;0;0;0;;
90032159;63725924;2026-01-07;BGH;Früchte + Gemüse;50;040968;2;;kg;Cherry Tomaten Rispen, 3 kg;4.47;26.82;0.69732;7610632949894;0;0;1;;
90032159;63725924;2026-01-07;BGH;Früchte + Gemüse;60;045205;1;2.315;kg;Tomaten rund, ca. 2,5 kg;3.83;8.86645;0.2305277;2904145999992;0;0;1;;
90032159;63725924;2026-01-07;BGH;Früchte + Gemüse;70;045707;1;;kg;Zucchetti, 5 kg;2.77;13.85;0.3601;7610632980545;0;0;1;;
90032159;63725924;2026-01-07;BGH;Früchte + Gemüse;80;040673;2;6.485;kg;Broccoli, ca. 3,5kg;3.89;25.22665;0.6558929;2903733999994;0;0;1;;
90032159;63725924;2026-01-07;BGH;Früchte + Gemüse;81;000079;2;;St;Ifco LiftLock;3.2;6.4;0;2000007960008;0;0;0;;
90032159;63725924;2026-01-07;BGH;Früchte + Gemüse;90;044658;5;;Bt;Bundkarotte / Karotten mit Laub, 10 St;6.83;34.15;0.8879;7610632981009;0;0;1;;
90032159;63725924;2026-01-07;BGH;Früchte + Gemüse;100;044106;1;;kg;Peperoni gemischt, 2 kg;5.31;10.62;0.27612;7613399054559;0;0;1;;
90032159;63725924;2026-01-07;BGH;Früchte + Gemüse;110;048827;1;;kg;Zitronen, 6 kg;2.13;12.78;0.33228;7610632320723;0;1;1;;
90032159;63725924;2026-01-07;BGH;Früchte + Gemüse;111;000079;1;;St;Ifco LiftLock;3.2;3.2;0;2000007960008;0;0;0;;
90032159;63725924;2026-01-07;BGH;Früchte + Gemüse;120;045907;1;;kg;Zwiebeln gross, 10 kg;1.5;15;0.39;7613399003151;0;0;7;;
90032159;63725924;2026-01-07;BGH;Früchte + Gemüse;130;040015;1;;kg;Bratkartoffeln, 5 kg;2.3;11.5;0.299;7613399016359;0;0;1;;
90032159;63725924;2026-01-07;BGH;Molkerei/Backwaren;140;013702;2;7.03;kg;Quality Raclette, eckig, 1/2 Laib ca. 3,2 kg;11.02;77.4706;2.0142356;2953272999993;0;0;1;;
90032159;63725924;2026-01-07;BGH;Molkerei/Backwaren;150;027310;1;;kg;Economy Butter, 10 x 1 kg;13.66;136.6;3.5516;7610034508224;0;0;1;;
90032159;63725924;2026-01-07;BGH;Früchte + Gemüse;160;049135;5;;kg;Champignons weiss, frisch, 1 kg;8.44;42.2;1.0972;7610632995211;0;0;1;;
90032159;63725924;2026-01-07;BGH;Food;170;457600;1;;Ds;Chirat Selleriesalat, 6 x 2,85 kg;16.39;98.34;2.55684;7611300225609;0;0;1;;
90032159;63725924;2026-01-07;BGH;Food;180;410011;1;;kg;Barilla Spaghetti, n°5, 5 kg;2.92;14.6;0.3796;8076800035056;0;1;1;;
90032159;63725924;2026-01-07;BGH;Früchte + Gemüse;190;040621;1;;Be;BRESC Knoblauchpüree, 1 kg;17.17;17.17;0.44642;8712698510120;0;0;1;;
90032159;63725924;2026-01-07;BGH;Früchte + Gemüse;200;040329;1;;Bt;Basilikum, 1 kg;29.39;29.39;0.76414;7610632989975;0;0;1;;
90032159;63725924;2026-01-07;BGH;Food;210;595410;2;;Lt;Natura Bio Frittieröl, 10 l;5.39;107.8;2.8028;9010054128934;0;0;1;;
90032159;63725924;2026-01-07;BGH;Food;220;235140;1;;Sa;Riso Gallo Arborio, 5 kg;35.22;35.22;0.91572;8001420000870;0;0;1;;
90032159;63725924;2026-01-07;BGH;Früchte + Gemüse;230;094400;1;;kg;Quality Blattspinat-Portionen, TK, 2 x 2,5 kg;3.75;18.75;0.4875;7610034505506;0;0;1;;
90032159;63725924;2026-01-07;BGH;Früchte + Gemüse;240;092935;2;;kg;Quality Steinpilze in Würfel, 2 x 2-3 cm, TK, 5 x 1 kg;15.55;155.5;4.043;7610034511712;0;0;1;;
90032159;63725924;2026-01-07;BGH;Metzgerei;250;071911;1;;kg;Quality Chicken Nuggets Premium, paniert, frittiert, tiefgekühlt, Polen, 2 kg;15.74;31.48;0.81848;7610162403590;0;0;7;;
90032159;63725924;2026-01-07;BGH;Food;260;117401;1;;Kt;Ovomaltine, Beutel Portionen 100 x 15 g;42.47;42.47;1.10422;7612100907337;0;0;1;;
90032159;63725924;2026-01-07;BGH;Food;270;117800;1;;Kt;Caotina original, Portionen, 100 x 15 g;36.38;36.38;0.94588;7612100905944;0;0;1;;
90032159;63725924;2026-01-07;BGH;Früchte + Gemüse;280;555558;1;;St;Ifco LiftLock;3.2;3.2;0;2055555810008;0;0;0;;
90032159;63725924;2026-01-07;BGH;Früchte + Gemüse;290;555558;1;;St;Ifco LiftLock;3.2;3.2;0;2055555810008;0;0;0;;
90032159;63725924;2026-01-07;BGH;Früchte + Gemüse;300;555558;6;;St;Ifco LiftLock;3.2;19.2;0;2055555810008;0;0;0;;
90032159;282;2026-07-31;Bern;Früchte + Gemüse;;000079;3;;St;Ifco LiftLock;3.2;9.6;0;;0;0;0;0;
90032159;282;2026-07-31;Bern;Früchte + Gemüse;;000079;1;;St;Ifco LiftLock;3.2;3.2;0;2000007960008;0;0;0;0;
90032159;282;2026-07-31;Bern;Molkerei/Backwaren;;019372;3;;St;Soignon Bûche de chèvre, Weichkäse, 1 kg;16.2;48.6;1.2636;3523230038584;0;0;1;0;
90032159;282;2026-07-31;Bern;Früchte + Gemüse;;044794;1;3.5;kg;Blattsalate assortiert spez. 3 Saisonblattsalate, 3,5 kg;5.9;20.65;0.5369;2984134035009;0;0;1;0;
90032159;282;2026-07-31;Bern;Früchte + Gemüse;;044794;1;3.5;kg;Blattsalate assortiert spez. 3 Saisonblattsalate, 3,5 kg;5.9;20.65;0.5369;2984134035009;0;0;1;0;
90032159;282;2026-07-31;Bern;Früchte + Gemüse;;044794;1;3.5;kg;Blattsalate assortiert spez. 3 Saisonblattsalate, 3,5 kg;5.9;20.65;0.5369;2984134035009;0;0;1;0;
90032159;282;2026-07-31;Bern;Früchte + Gemüse;;048130;4;;kg;Orangen blond, gepackt, ca. 2 kg;2.15;8.6;0.2236;7613399009115;0;0;7;0;
90032159;282;2026-07-31;Bern;Früchte + Gemüse;;094781;5;;kg;Eis-Würfel, 5 kg;1.98;9.9;0.2574;7640109210011;0;0;1;0;
90032159;282;2026-07-31;Bern;Molkerei/Backwaren;;096261;2;;Pk;Quality Vollei flüssig Import, Bodenhaltung, pasteurisiert, 1 kg;6.4;12.8;0.3328;7610034507609;0;0;1;0;
90032159;282;2026-07-31;Bern;Nearfood;;815110;1;;Fl;Maga Vollwaschmittel Gel, Color, 52 WG;13.89;13.89;1.12509;7640153215086;0;1;2;0;
90032159;282;2026-07-31;Bern;Nearfood;;815200;1;;Bx;Maga Vollwaschmittel Compact Color, 40 WG;10.89;10.89;0.88209;7640153215024;0;1;2;0;
90032159;213;2026-07-14;Bern;Nearfood;;887704;1;;Ds;Axe Deo Dark Temptation, 200 ml;7.85;7.85;0.63585;8720181025921;0;0;8;0;
90032159;212;2026-07-14;Bern;Früchte + Gemüse;;000079;1;;St;Ifco LiftLock;3.2;3.2;0;2000007960008;0;0;0;0;
90032159;212;2026-07-14;Bern;Früchte + Gemüse;;041217;4;;Bd;Cipollotte / Bundzwiebeln, gepackt, 2 Bund, ca. 3 St;2.1;8.4;0.2184;7610632974995;0;0;1;0;
90032159;212;2026-07-14;Bern;Früchte + Gemüse;;044543;2;;Bt;Quality Rucola/Rauke schüsselfertig, 500 g;6.9;13.8;0.3588;7610514613141;0;0;1;0;
90032159;212;2026-07-14;Bern;Nonfood;;986182;4;;St;Budelle Weinkrug, 5 dl geeicht;20.95;83.8;6.7878;017400026103;0;0;2;0;
90032159;212;2026-07-14;Bern;Nonfood;;986288;8;;St;Rocco Bormioli Flasche mit Bügelverschluss, 5 dl;3.25;26;2.106;045082000166;0;0;2;0;
90032159;204;2026-06-26;Bern;Früchte + Gemüse;;000079;4;;St;Ifco LiftLock;3.2;12.8;0;;0;0;0;0;
90032159;204;2026-06-26;Bern;Früchte + Gemüse;;044716;16;;St;Salanova Multiblatt mix, 8 St;1.85;29.6;0.7696;7610632967737;0;0;1;0;
90032159;204;2026-06-26;Bern;Früchte + Gemüse;;044794;1;3.5;kg;Blattsalate assortiert spez. 3 Saisonblattsalate, 3,5 kg;5.9;20.65;0.5369;2984134035009;0;0;1;0;
90032159;204;2026-06-26;Bern;Früchte + Gemüse;;044794;1;3.5;kg;Blattsalate assortiert spez. 3 Saisonblattsalate, 3,5 kg;5.9;20.65;0.5369;2984134035009;0;0;1;0;
90032159;204;2026-06-26;Bern;Früchte + Gemüse;;046467;5;;kg;Walliser Aprikosen, Kaliber A, 5 kg;6.75;33.75;0.8775;7610632320341;0;0;1;0;
90032159;204;2026-06-26;Bern;Früchte + Gemüse;;047138;8;;Sc;Erdbeeren Import, 500 g;3.75;30;0.78;8718226440075;0;1;1;0;
90032159;204;2026-06-26;Bern;Früchte + Gemüse;;047800;4;;St;Melone Netz, ca. 780 g+;1.75;7;0.182;7610632000113;0;1;1;0;
90032159;204;2026-06-26;Bern;Früchte + Gemüse;;047972;1;12.22;kg;Wassermelone Dumara, 2 Stück zu ca. 9 kg;1.5;18.33;0.47658;2917234122201;0;0;1;0;
90032159;204;2026-06-26;Bern;Früchte + Gemüse;;094780;15;;kg;Ice Factory Eiswürfel, 3 x 5 kg;1.9;28.5;0.741;7640109210110;0;0;1;0;
90032159;204;2026-06-26;Bern;Nonfood;;991102;1;;St;ProEquip Küchenwaage 30 kg / 10 g silber/schwarz;199;199;16.119;7611602108426;0;0;2;0;
90032159;204;2026-06-26;Bern;Nonfood;;998020;1;;St;Caso Induktionskochfeld ProChef, 3500 W, 317 x 420 x 87 mm, Edelstahlgehäuse;255;255;20.655;4038437023640;0;0;3;0;
90032159;145;2026-08-04;Bern;Früchte + Gemüse;;000079;2;;St;Ifco LiftLock;3.2;6.4;0;;0;0;0;0;
90032159;145;2026-08-04;Bern;Früchte + Gemüse;;044715;8;;St;Salanova Multiblatt assortiert, 8 St;2.25;18;0.468;7610632963678;0;0;1;0;
90032159;145;2026-08-04;Bern;Früchte + Gemüse;;044794;1;3.5;kg;Blattsalate assortiert spez. 3 Saisonblattsalate, 3,5 kg;5.9;20.65;0.5369;2984134035009;0;0;1;0;
90032159;145;2026-08-04;Bern;Food;;107911;15;;Pk;Quality Löffelbiskuits, 15 x 400 g;2.5;37.5;0.975;7610034516694;0;0;1;0;
90032159;134;2026-06-22;Bern;Früchte + Gemüse;;000079;1;;St;Ifco LiftLock;3.2;3.2;0;2000007960008;0;0;0;0;
90032159;134;2026-06-22;Bern;Metzgerei;;086713;1;1.898;kg;Bell Schwarzwald Rohschinken 1/2 ca. 1,5 kg;19.4;36.8212;0.9573512;2992423018985;0;0;1;0;
90032159;134;2026-06-22;Bern;Metzgerei;;086713;1;1.732;kg;Bell Schwarzwald Rohschinken 1/2 ca. 1,5 kg;19.4;33.6008;0.8736208;2992423017322;0;0;1;0;
90032159;134;2026-06-22;Bern;Früchte + Gemüse;;094781;10;;kg;Eis-Würfel, 5 kg;1.98;19.8;0.5148;7640109210011;0;0;1;0;
90032159;134;2026-06-22;Bern;Nonfood;;901760;3;;Pk;Papstar Trinkhalm Jumbo 25 cm, Ø 8 mm, schwarz, Pack zu 135 Stück;2.85;8.55;0.69255;7610588106129;0;0;2;0;
90032159;98;2026-07-10;Bern;Früchte + Gemüse;;000079;4;;St;Ifco LiftLock;3.2;12.8;0;;0;0;0;0;
90032159;98;2026-07-10;Bern;Früchte + Gemüse;;044715;16;;St;Salanova Multiblatt assortiert, 8 St;1.5;24;0.624;7610632963678;0;1;1;0;
90032159;98;2026-07-10;Bern;Früchte + Gemüse;;044794;1;3.5;kg;Blattsalate assortiert spez. 3 Saisonblattsalate, 3,5 kg;5.9;20.65;0.5369;2984134035009;0;0;1;0;
90032159;98;2026-07-10;Bern;Früchte + Gemüse;;044794;1;3.5;kg;Blattsalate assortiert spez. 3 Saisonblattsalate, 3,5 kg;5.9;20.65;0.5369;2984134035009;0;0;1;0;
90032159;98;2026-07-10;Bern;Früchte + Gemüse;;046467;5;;kg;Walliser Aprikosen, Kaliber A, 5 kg;5.58;27.9;0.7254;7610632320341;0;1;1;0;
90032159;98;2026-07-10;Bern;Früchte + Gemüse;;047139;10;;Sc;Erdbeeren Import, 10 x 500 g;4.75;47.5;1.235;7610632320631;0;0;1;0;
90032159;98;2026-07-10;Bern;Früchte + Gemüse;;047821;6;;St;Melonen Charentais, Frankreich, 6 St;2.75;16.5;0.429;7610632077498;0;0;1;0;
90032159;98;2026-07-10;Bern;Metzgerei;;066635;2;;Pk;Quality Crevetten, in Kräuteröl, 500 g;26.2;52.4;1.3624;4048584003372;0;0;1;0;
90032159;98;2026-07-10;Bern;Nonfood;;992886;6;;St;Cerve Latte Macchiato Becher 35 cl, Pack zu 2 Stück;3.95;23.7;1.9197;8001691373765;0;0;3;0;
90032159;93;2026-02-20;Bern;Früchte + Gemüse;;000079;1;;St;Ifco LiftLock;3.2;3.2;0;2000007960008;0;0;0;0;
90032159;93;2026-02-20;Bern;Metzgerei;;068171;1;;kg;Economy ASC Crevetten Black Tiger, geschält, entdarmt, 21/25, tiefgekühlt, 1 kg;14.95;14.95;0.3887;7610034523586;0;0;7;0;
90032159;93;2026-02-20;Bern;Metzgerei;;068600;1;;Pk;Dyhrberg MSC Rauchlachs Anschnitte, 250 g;7.95;7.95;0.2067;7610000100049;0;0;7;0;
90032159;93;2026-02-20;Bern;Metzgerei;;080421;2;;kg;ASC Goldbrassen Filet, mit Haut, grätenarm, ca. 90 - 120 g, tiefgekühlt, 1 kg;18.9;37.8;0.9828;7610034516304;0;0;1;0;
90032159;93;2026-02-20;Bern;Food;;346730;3;;Bt;Jaus American Sandwich Toast, 750g;3.5;10.5;0.273;4058077766400;0;0;1;0;
90032159;93;2026-02-20;Bern;Food;;500531;2;;Gl;Hugo Schweizer Gurken, 1,6 kg;7.6;15.2;0.3952;7610161121532;0;1;1;0;
90032159;77;2026-07-17;Bern;Früchte + Gemüse;;000079;3;;St;Ifco LiftLock;3.2;9.6;0;;0;0;0;0;
90032159;77;2026-07-17;Bern;Früchte + Gemüse;;044715;8;;St;Salanova Multiblatt assortiert, 8 St;2.15;17.2;0.4472;7610632963678;0;0;1;0;
90032159;77;2026-07-17;Bern;Früchte + Gemüse;;044794;1;3.5;kg;Blattsalate assortiert spez. 3 Saisonblattsalate, 3,5 kg;5.9;20.65;0.5369;2984134035009;0;0;1;0;
90032159;77;2026-07-17;Bern;Früchte + Gemüse;;044794;1;3.5;kg;Blattsalate assortiert spez. 3 Saisonblattsalate, 3,5 kg;5.9;20.65;0.5369;2984134035009;0;0;1;0;
90032159;77;2026-07-17;Bern;Früchte + Gemüse;;047138;2;;Sc;Erdbeeren Import, 500 g;4.95;9.9;0.2574;7610029170078;0;0;1;0;
90032159;72;2026-02-18;Bern;Früchte + Gemüse;;000079;1;;St;Ifco LiftLock;3.2;3.2;0;2000007960008;0;0;0;0;
90032159;72;2026-02-18;Bern;Früchte + Gemüse;;040968;9;;kg;Cherry Tomaten Rispen, 3 kg;3.75;33.75;0.8775;7610632949894;0;0;1;0;
90032159;72;2026-02-18;Bern;Metzgerei;;080421;5;;kg;ASC Goldbrassen Filet, mit Haut, grätenarm, ca. 90 - 120 g, tiefgekühlt, 1 kg;18.9;94.5;2.457;7610034516304;0;0;1;0;
90032159;72;2026-02-18;Bern;Food;;101470;3;;Lt;Quality Olivenöl extra vergine Spanien, 3 l;11.49;34.47;0.89622;8413080025672;0;0;1;0;
90032159;52;2026-02-11;Bern;Früchte + Gemüse;;000079;7;;St;Ifco LiftLock;3.2;22.4;0;;0;0;0;;
90032159;52;2026-02-11;Bern;Früchte + Gemüse;;000079;5;;St;Ifco LiftLock;3.2;16;0;2000007960008;0;0;0;0;
90032159;52;2026-02-11;Bern;Molkerei/Backwaren;;015260;10;;kg;Mozzarella Netto 45%, gerieben, 5 x 2 kg;7.25;72.5;1.885;7610900005727;0;0;7;0;
90032159;52;2026-02-11;Bern;Molkerei/Backwaren;;016601;4;;kg;Quality Grana Padano DOP, gerieben, 1 kg;16.1;64.4;1.6744;4388040340352;0;0;7;0;
90032159;52;2026-02-11;Bern;Molkerei/Backwaren;;019372;4;;St;Soignon Bûche de chèvre, Weichkäse, 1 kg;16.75;67;1.742;3523230038584;0;0;1;0;
90032159;52;2026-02-11;Bern;Molkerei/Backwaren;;022600;24;;Tp;Quality Vollmilch 3,5%, UHT, 12 x 1 l;1.27;30.48;0.79248;7610034507807;0;0;1;0;
90032159;52;2026-02-11;Bern;Molkerei/Backwaren;;024790;6;;Ds;Floralp Vollrahm 35%, ohne Zucker, UHT, 6 x 500 g;7.05;42.3;1.0998;7612300013173;0;0;7;0;
90032159;52;2026-02-11;Bern;Molkerei/Backwaren;;028071;4;;St;Economy Butter, 1 kg;12.85;51.4;1.3364;7610034529809;0;0;7;0;
90032159;52;2026-02-11;Bern;Früchte + Gemüse;;040453;1;4.01;kg;Blumenkohl, ca. 3 kg;3.4;13.634;0.354484;2900370040102;0;0;1;0;
90032159;52;2026-02-11;Bern;Früchte + Gemüse;;040673;1;3.2;kg;Broccoli, ca. 3,5kg;2.9;9.28;0.24128;2903733032004;0;1;1;0;
90032159;52;2026-02-11;Bern;Früchte + Gemüse;;040968;6;;kg;Cherry Tomaten Rispen, 3 kg;3.75;22.5;0.585;7610632949894;0;0;1;0;
90032159;52;2026-02-11;Bern;Früchte + Gemüse;;041358;2;;Bt;Quality Eisberg gewaschen / geschnitten, 30 mm, 1 kg;5.8;11.6;0.3016;7610514444110;0;0;1;0;
90032159;52;2026-02-11;Bern;Früchte + Gemüse;;041704;1;5;kg;Fenchel, 5 kg;1.6;8;0.208;04170440;0;1;1;0;
90032159;52;2026-02-11;Bern;Früchte + Gemüse;;044106;2;;kg;Peperoni gemischt, 2 kg;5.75;11.5;0.299;7613399054559;0;0;1;0;
90032159;52;2026-02-11;Bern;Früchte + Gemüse;;044715;32;;St;Salanova Multiblatt assortiert, 8 St;2.2;70.4;1.8304;7610632963678;0;0;1;0;
90032159;52;2026-02-11;Bern;Früchte + Gemüse;;047247;24;;St;Feigen frisch, 6 St;1.55;37.2;0.9672;7610632000922;0;0;1;0;
90032159;52;2026-02-11;Bern;Früchte + Gemüse;;049135;5;;kg;Champignons weiss, frisch, 1 kg;7.35;36.75;0.9555;7610632995211;0;0;1;0;
90032159;52;2026-02-11;Bern;Metzgerei;;050100;1;1.05;kg;Schweins-Filet, 2 x ca. 500 g;28.9;30.345;0.78897;2905381010502;0;0;1;0;
90032159;52;2026-02-11;Bern;Metzgerei;;050100;1;1.138;kg;Schweins-Filet, 2 x ca. 500 g;28.9;32.8882;0.8550932;2905381011387;0;0;1;0;
90032159;52;2026-02-11;Bern;Metzgerei;;050100;1;1.086;kg;Schweins-Filet, 2 x ca. 500 g;28.9;31.3854;0.8160204;2905381010861;0;0;1;0;
90032159;52;2026-02-11;Bern;Metzgerei;;050100;1;1.188;kg;Schweins-Filet, 2 x ca. 500 g;28.9;34.3332;0.8926632;2905381011882;0;0;1;0;
90032159;52;2026-02-11;Bern;Metzgerei;;050100;1;1.106;kg;Schweins-Filet, 2 x ca. 500 g;28.9;31.9634;0.8310484;2905381011066;0;0;1;0;
90032159;52;2026-02-11;Bern;Früchte + Gemüse;;092930;2;;kg;Picosa Steinpilze Würfel, 2 x 2 cm, TK, 2 x 1 kg;20.95;41.9;1.0894;7610473071204;0;0;1;0;
90032159;52;2026-02-11;Bern;Molkerei/Backwaren;;096261;3;;Pk;Quality Vollei flüssig Import, Bodenhaltung, pasteurisiert, 1 kg;7.3;21.9;0.5694;7610034507609;0;0;1;0;
90032159;52;2026-02-11;Bern;Food;;100070;40;;Lt;Economy Frittieröl, 20 l;3.78;151.2;3.9312;7610034534780;0;0;1;0;
90032159;52;2026-02-11;Bern;Food;;234740;10;;kg;Ribe Risottoreis Parboiled, 5 kg;2.7;27;0.702;7610815101767;0;0;1;0;
90032159;52;2026-02-11;Bern;Food;;246431;4;;Ds;Parmadoro Pelati gewürfelt, 2,95 kg;8.95;35.8;0.9308;7614200300926;0;1;1;0;
90032159;52;2026-02-11;Bern;Food;;410250;10;;kg;Barilla Hörnli, 5 kg;3.3;33;0.858;8076809528382;0;0;1;0;
90032159;52;2026-02-11;Bern;Food;;410350;15;;kg;Barilla Linguine, n° 13, 3 x 5 kg;3.3;44.85;1.1661;8076808350137;0;0;1;0;
90032159;52;2026-02-11;Bern;Food;;410521;5;;Pk;Barilla Collezione Lasagne, n° 189, gelb, 500 g;2.39;11.95;0.3107;8076809523738;0;1;1;0;
90032159;52;2026-02-11;Bern;Food;;560280;25;;kg;JuraSel Speisesalz mit Jod, 25 kg;0.5;12.5;0.325;7610039000242;0;0;1;0;
