Kundennummer;Rechnungsnummer;Datum;Markt;Warengruppe;Position;Art. Nr.;Menge;Gewicht;Einheit;Artikelbezeichnung;Preis;Positionspreis;MwSt;EAN;Pfand;Aktion;MwSt. Code;Detailrichtpreis;
90032154;64113362;2026-07-31;BGH;Früchte + Gemüse;10;000079;-19;;St;Ifco LiftLock;3.2;-60.8;0;2000007960008;0;0;0;;
90032154;64113362;2026-07-31;BGH;Metzgerei;10;002066;1;5.886;kg;Rinds-Entrecote, ca. 5 kg;45.05;265.1643;6.8942718;97610011014680;0;0;1;;
90032154;64113362;2026-07-31;BGH;Metzgerei;30;002092;2;4.159;kg;Kalbs-Unterspälte, enthäutet, ca. 2 kg;46.43;193.10237;5.02066162;97610011044182;0;0;1;;
90032154;64113362;2026-07-31;BGH;Food;40;512610;4;;Ds;Quality Petersilie, luftgetrocknet, 66 g;5.32;21.28;0.55328;7610034518957;0;0;1;;
90032154;64113362;2026-07-31;BGH;Früchte + Gemüse;50;048827;2;;kg;Zitronen, 6 kg;2.89;34.68;0.90168;7610632320723;0;0;1;;
90032154;64113362;2026-07-31;BGH;Früchte + Gemüse;51;000079;2;;St;Ifco LiftLock;3.2;6.4;0;2000007960008;0;0;0;;
90032154;64113362;2026-07-31;BGH;Früchte + Gemüse;60;047754;1;4.2;kg;Limetten / Limes, 4,2 kg;4.01;16.842;0.437892;2905054999998;0;0;1;;
90032154;64113362;2026-07-31;BGH;Früchte + Gemüse;70;043334;1;5;kg;Lattich, 5 kg;4.83;24.15;0.6279;2903904999990;0;0;1;;
90032154;64113362;2026-07-31;BGH;Früchte + Gemüse;71;000079;1;;St;Ifco LiftLock;3.2;3.2;0;2000007960008;0;0;0;;
90032154;64113362;2026-07-31;BGH;Früchte + Gemüse;80;041241;3;;St;Eichblattsalat rot / grün Schweiz Hydro, gemischt, 8 St;2.12;50.88;1.32288;7613399058038;0;0;7;;
90032154;64113362;2026-07-31;BGH;Früchte + Gemüse;81;000079;3;;St;Ifco LiftLock;3.2;9.6;0;2000007960008;0;0;0;;
90032154;64113362;2026-07-31;BGH;Früchte + Gemüse;90;040329;1;;Bt;Basilikum, 1 kg;29.39;29.39;0.76414;7610632989975;0;0;1;;
90032154;64113362;2026-07-31;BGH;Früchte + Gemüse;110;044107;2;;kg;Peperoni Tricolor, Import, 5 kg;4.3;43;1.118;7610632977132;0;0;1;;
90032154;64113362;2026-07-31;BGH;Früchte + Gemüse;111;000079;2;;St;Ifco LiftLock;3.2;6.4;0;2000007960008;0;0;0;;
90032154;64113362;2026-07-31;BGH;Früchte + Gemüse;120;045708;1;;kg;Zucchetti CH, 5 kg;2.71;13.55;0.3523;7610632980538;0;0;1;;
90032154;64113362;2026-07-31;BGH;Früchte + Gemüse;121;000079;1;;St;Ifco LiftLock;3.2;3.2;0;2000007960008;0;0;0;;
90032154;64113362;2026-07-31;BGH;Früchte + Gemüse;130;045777;1;;Sc;Zucchetti Mini-Gemüse ohne Blüte, ca. 5 - 6 Stück;7.77;7.77;0.20202;7610632991527;0;0;1;;
90032154;64113362;2026-07-31;BGH;Früchte + Gemüse;140;044376;4;;Sc;Natura Bio Sango-Rettichsprossen, 100 g;5.77;23.08;0.60008;7630051906254;0;0;1;;
90032154;64113362;2026-07-31;BGH;Früchte + Gemüse;150;045208;1;;kg;Tomaten, rund, 6 kg;3.17;19.02;0.49452;7610632980576;0;1;1;;
90032154;64113362;2026-07-31;BGH;Früchte + Gemüse;151;000079;1;;St;Ifco LiftLock;3.2;3.2;0;2000007960008;0;0;0;;
90032154;64113362;2026-07-31;BGH;Früchte + Gemüse;160;040972;1;;kg;Cherry Rispentomaten, 3 kg;9.37;28.11;0.73086;7610632984666;0;0;1;;
90032154;64113362;2026-07-31;BGH;Früchte + Gemüse;161;000079;1;;St;Ifco LiftLock;3.2;3.2;0;2000007960008;0;0;0;;
90032154;64113362;2026-07-31;BGH;Früchte + Gemüse;170;049135;6;;kg;Champignons weiss, frisch, 1 kg;6.83;40.98;1.06548;7610632995211;0;1;1;;
90032154;64113362;2026-07-31;BGH;Molkerei/Backwaren;180;024440;2;;Tp;Quality Vollrahm 35%, UHT, 12 x 1 l;5.84;140.16;3.64416;7610034505315;0;0;1;;
90032154;64113362;2026-07-31;BGH;Molkerei/Backwaren;190;010201;5;;Bt;Economy Gran Moravia, gerieben, 1 kg;15.63;78.15;2.0319;4388040201158;0;0;7;;
90032154;64113362;2026-07-31;BGH;Molkerei/Backwaren;200;012201;5;;Bt;Economy Gran Moravia, gehobelt, 500 g;8.7;43.5;1.131;4388040201172;0;0;7;;
90032154;64113362;2026-07-31;BGH;Molkerei/Backwaren;210;013702;1;3.305;kg;Quality Raclette, eckig, 1/2 Laib ca. 3,2 kg;10.82;35.7601;0.9297626;2953272999993;0;0;1;;
90032154;64113362;2026-07-31;BGH;Metzgerei;220;001494;2;5.19;kg;Bell Poulet-Brust ohne Haut ohne Innenfilet, 150-170 g, ca. 2,5 kg;22.28;115.6332;3.0064632;97610011946196;0;0;1;;
90032154;64113362;2026-07-31;BGH;Molkerei/Backwaren;230;005010;2;;kg;Quality Joghurt Nature, 3 kg;2.44;14.64;0.38064;7610034534230;0;0;7;;
90032154;64113362;2026-07-31;BGH;Food;240;438073;4;;Sc;Picosa Datteltomaten getrocknet, 1,1 kg;24.12;96.48;2.50848;7610107110569;0;0;1;;
90032154;64113362;2026-07-31;BGH;Food;250;590111;1;;Lt;Quality Sonnenblumenöl, 20 l;4.41;88.2;2.2932;7610034515024;0;0;1;;
90032154;64113362;2026-07-31;BGH;Food;260;110060;1;;Pk;Feinkristallzucker, 10 x 1 kg;1.36;13.6;0.3536;7610034510661;0;0;1;;
90032154;64113362;2026-07-31;BGH;Food;270;509091;3;;Bt;Quality Kapern Capucines, 4 x 1100 g;9.67;116.04;3.01704;7610034515413;0;0;1;;
90032154;64113362;2026-07-31;BGH;Nonfood;280;993090;6;;Pk;Quality Salatschale PP rund FSC, 750 ml, Pack zu 50 Stück;11.03;66.18;5.36058;7610034537101;0;0;8;;
90032154;64113362;2026-07-31;BGH;Nonfood;290;993330;6;;Pk;Quality Deckel PP zu Salatschale rund 750 ml, Pack zu 50 Stück;8.81;52.86;4.28166;7610034537125;0;0;8;;
90032154;64113362;2026-07-31;BGH;Metzgerei;300;078253;4;21.408;kg;Quality Hinterschinken, ohne Schwarte, 1/1, ca. 4,8 kg;10.88;232.91904;6.05589504;2950463999992;0;1;1;;
90032154;64113362;2026-07-31;BGH;Metzgerei;310;083419;3;2.718;kg;El Campeon Chorizo pikant geschält, ca. 950 g;21.68;58.92624;1.53208224;2935691999990;0;0;7;;
90032154;64113362;2026-07-31;BGH;Molkerei/Backwaren;320;014810;3;;St;Mozzarella di Bufala Campana DOP, 16 x 125 g;2.24;107.52;2.79552;80434238;0;0;1;;
90032154;64113362;2026-07-31;BGH;Früchte + Gemüse;330;044540;1;;kg;Rucola / Rauke ungewaschen, 1 kg;12.9;12.9;0.3354;7610514613219;0;0;1;;
90032154;64113362;2026-07-31;BGH;Nonfood;340;996130;1;;St;Gefu Vierkantreibe;22.12;22.12;1.79172;4006664895620;0;0;3;;
90032154;64113362;2026-07-31;BGH;Früchte + Gemüse;350;046909;1;;kg;Birchermüesli Extra fixfertig, 3 kg;10.37;31.11;0.80886;7610227917123;0;0;7;;
90032154;64113362;2026-07-31;BGH;Molkerei/Backwaren;360;018891;6;;Ds;Ömür Hirtenkäse 55%, 800 g;9.76;58.56;1.52256;4002566002449;0;0;1;;
90032154;64113362;2026-07-31;BGH;Molkerei/Backwaren;370;010131;1;;Pk;Berner Alphobelkäse AOP, gerollt, 600 g;27.67;27.67;0.71942;7600400001121;0;0;1;;
90032154;64113362;2026-07-31;BGH;Molkerei/Backwaren;380;010884;1;1.708;kg;Appenzeller, Mild-Würzig, 1/4 Laib ca. 1,6 kg;14.21;24.27068;0.63103768;2920043999995;0;1;7;;
90032154;64113362;2026-07-31;BGH;Molkerei/Backwaren;390;012971;1;1.089;kg;Nuss Käse, 1/1 Laib ca. 1 kg;24.95;27.17055;0.7064343;2935031999994;0;0;1;;
90032154;64113362;2026-07-31;BGH;Metzgerei;400;078299;1;1.368;kg;Quality Truten Brust geräucht, gekocht, Frankreich, 1/3, ca. 1,3 kg;19.11;26.14248;0.67970448;2949556999995;0;0;1;;
90032154;64113362;2026-07-31;BGH;Metzgerei;410;078311;1;1.826;kg;Bell Hirten Vorderschinken 1/2, mit Schwarte, ca. 2 kg;13.37;24.41362;0.63475412;2924260999998;0;0;1;;
90032154;64113362;2026-07-31;BGH;Metzgerei;420;002409;3;4.617;kg;Rinds-Filetspitz Kopf II, ca. 1,5 kg;39.5;182.3715;4.741659;97610100000006;0;0;1;;
90032154;64113362;2026-07-31;BGH;Nearfood;430;989510;4;;Pk;Duni Servietten, 1/8 Falz, 3-lagig, 40 x 40 cm, weiss, 250 St;9.2;36.8;2.9808;7321012028503;0;1;3;;
90032154;64113362;2026-07-31;BGH;Nonfood;440;999530;2;;Pk;Kassenrolle 76/70/17 mm, Pack zu 10 Rollen;11.85;23.7;1.9197;7610588111130;0;0;2;;
90032154;64113362;2026-07-31;BGH;Früchte + Gemüse;450;048130;2;;kg;Orangen blond, gepackt, ca. 2 kg;2.18;8.72;0.22672;7613399009115;0;0;7;;
90032154;64113362;2026-07-31;BGH;Früchte + Gemüse;460;044776;1;;Ki;Schnittsalat Oriental, 800 g;21.15;21.15;0.5499;7610632965849;0;0;1;;
90032154;64113362;2026-07-31;BGH;Früchte + Gemüse;470;046576;6;;St;Avocado essreif Stück, ca. 280 g;1.94;11.64;0.30264;7610632002001;0;0;1;;
90032154;64113362;2026-07-31;BGH;Früchte + Gemüse;480;046922;1;;Sc;Blueberries, 500 g;4.85;4.85;0.1261;7610632010297;0;1;1;;
90032154;64113362;2026-07-31;BGH;Früchte + Gemüse;490;047420;1;;Sc;Johannisbeeren, CH, 250 g;4.95;4.95;0.1287;7610632050071;0;0;7;;
90032154;64113362;2026-07-31;BGH;Früchte + Gemüse;500;047380;1;;Sc;Himbeeren, CH, 250 g;6.65;6.65;0.1729;7610632050019;0;0;1;;
90032154;64113362;2026-07-31;BGH;Früchte + Gemüse;510;000079;2;;St;Ifco LiftLock;3.2;6.4;0;2000007960008;0;0;0;;
90032154;64113362;2026-07-31;BGH;Früchte + Gemüse;520;000079;4;;St;Ifco LiftLock;3.2;12.8;0;2000007960008;0;0;0;;
90032154;64113362;2026-07-31;BGH;Früchte + Gemüse;530;000079;1;;St;Ifco LiftLock;3.2;3.2;0;2000007960008;0;0;0;;
90032154;64104237;2026-07-29;BGH;Metzgerei;10;068639;3;;Sc;MSC Scampi Langustine, ganz, 13/16, tiefgekühlt, 1 kg;18.71;56.13;1.45938;5705510025042;0;0;1;;
90032154;64104237;2026-07-29;BGH;Früchte + Gemüse;20;048827;1;;kg;Zitronen, 6 kg;2.89;17.34;0.45084;7610632320723;0;0;1;;
90032154;64104237;2026-07-29;BGH;Früchte + Gemüse;21;000079;1;;St;Ifco LiftLock;3.2;3.2;0;2000007960008;0;0;0;;
90032154;64104237;2026-07-29;BGH;Früchte + Gemüse;30;047754;1;4.2;kg;Limetten / Limes, 4,2 kg;4.01;16.842;0.437892;2905054999998;0;0;1;;
90032154;64104237;2026-07-29;BGH;Nonfood;40;963052;8;;Pk;Trinkhalm Papier schwarz 15 cm Ø 8 mm Pack zu 150 Stück;3.88;31.04;2.51424;7610588102466;0;0;3;;
90032154;64104237;2026-07-29;BGH;Nonfood;50;902275;8;;Pk;Trinkhalm Papier, schwarz, 21 cm, Ø 6 mm, Pack zu 150 Stück;4.33;34.64;2.80584;7610588101964;0;0;3;;
90032154;64104237;2026-07-29;BGH;Nearfood;60;992093;2;;Pk;Quality Toilettenpapier, 4-lagig, weiss, 160 Blatt, 24 Rl;16.37;32.74;2.65194;7610034532120;0;0;3;;
90032154;64104237;2026-07-29;BGH;Nearfood;70;997030;2;;Kt;Quality Handtuch V-Falz, 2-lagig, weiss, 12 x 175 St;24.05;48.1;3.8961;7610034509603;0;1;3;;
90032154;64104237;2026-07-29;BGH;Nonfood;80;933109;2;;St;Printex Preisauszeichner Smart 6;87.6;175.2;14.1912;7640132161007;0;0;2;;
90032154;64104237;2026-07-29;BGH;Food;100;100070;1;;Lt;Economy Frittieröl, 20 l;4.45;89;2.314;7610034508873;0;0;1;;
90032154;64104237;2026-07-29;BGH;Molkerei/Backwaren;110;027310;1;;kg;Economy Butter, 10 x 1 kg;13.22;132.2;3.4372;7610034508224;0;0;1;;
90032154;64104237;2026-07-29;BGH;Früchte + Gemüse;110;043598;4;;Bt;Minze, 250 g;8.72;34.88;0.90688;7610632977873;0;0;1;;
90032154;64104237;2026-07-29;BGH;Molkerei/Backwaren;120;008700;1;;kg;Quality Vollei flüssig Import, Bodenhaltung, pasteurisiert, 10 kg;5.74;57.4;1.4924;4388040268236;0;0;1;;
90032154;64104237;2026-07-29;BGH;Food;120;108030;3;;Sc;Coppenrath Cookies Choco Herzen, 200 St;16.82;50.46;1.31196;04006952618207;0;1;1;;
90032154;64104237;2026-07-29;BGH;Molkerei/Backwaren;130;022591;2;;Tp;Oatly Haferdrink Barista, 6 x 1 l;3.39;40.68;1.05768;27394376616505;0;0;1;;
90032154;64104237;2026-07-29;BGH;Molkerei/Backwaren;140;010201;6;;Bt;Economy Gran Moravia, gerieben, 1 kg;15.63;93.78;2.43828;4388040201158;0;0;7;;
90032154;64104237;2026-07-29;BGH;Molkerei/Backwaren;150;012201;6;;Bt;Economy Gran Moravia, gehobelt, 500 g;8.7;52.2;1.3572;4388040201172;0;0;7;;
90032154;64104237;2026-07-29;BGH;Früchte + Gemüse;160;041241;2;;St;Eichblattsalat rot / grün Schweiz Hydro, gemischt, 8 St;2.12;33.92;0.88192;7613399058038;0;0;7;;
90032154;64104237;2026-07-29;BGH;Früchte + Gemüse;161;000079;2;;St;Ifco LiftLock;3.2;6.4;0;2000007960008;0;0;0;;
90032154;64104237;2026-07-29;BGH;Früchte + Gemüse;170;044106;4;;kg;Peperoni gemischt, 2 kg;5.01;40.08;1.04208;7613399054559;0;0;1;;
90032154;64104237;2026-07-29;BGH;Früchte + Gemüse;180;045708;1;;kg;Zucchetti CH, 5 kg;2.71;13.55;0.3523;7610632980538;0;0;1;;
90032154;64104237;2026-07-29;BGH;Früchte + Gemüse;181;000079;1;;St;Ifco LiftLock;3.2;3.2;0;2000007960008;0;0;0;;
90032154;64104237;2026-07-29;BGH;Früchte + Gemüse;190;040258;1;;kg;Auberginen, 5 kg;4.24;21.2;0.5512;7610632977057;0;0;1;;
90032154;64104237;2026-07-29;BGH;Früchte + Gemüse;191;000079;1;;St;Ifco LiftLock;3.2;3.2;0;2000007960008;0;0;0;;
90032154;64104237;2026-07-29;BGH;Früchte + Gemüse;200;040972;2;;kg;Cherry Rispentomaten, 3 kg;9.37;56.22;1.46172;7610632984666;0;0;1;;
90032154;64104237;2026-07-29;BGH;Früchte + Gemüse;201;000079;2;;St;Ifco LiftLock;3.2;6.4;0;2000007960008;0;0;0;;
90032154;64104237;2026-07-29;BGH;Früchte + Gemüse;210;045208;1;;kg;Tomaten, rund, 6 kg;3.17;19.02;0.49452;7610632980576;0;1;1;;
90032154;64104237;2026-07-29;BGH;Früchte + Gemüse;211;000079;1;;St;Ifco LiftLock;3.2;3.2;0;2000007960008;0;0;0;;
90032154;64104237;2026-07-29;BGH;Früchte + Gemüse;220;049135;5;;kg;Champignons weiss, frisch, 1 kg;6.83;34.15;0.8879;7610632995211;0;1;1;;
90032154;64104237;2026-07-29;BGH;Molkerei/Backwaren;230;024440;2;;Tp;Quality Vollrahm 35%, UHT, 12 x 1 l;5.84;140.16;3.64416;7610034505315;0;0;1;;
90032154;64104237;2026-07-29;BGH;Molkerei/Backwaren;240;022600;1;;Tp;Quality Vollmilch 3,5%, UHT, 12 x 1 l;1.27;15.24;0.39624;7610034507807;0;0;1;;
90032154;64104237;2026-07-29;BGH;Food;240;438073;4;;Sc;Picosa Datteltomaten getrocknet, 1,1 kg;24.12;96.48;2.50848;7610107110569;0;0;1;;
90032154;64104237;2026-07-29;BGH;Molkerei/Backwaren;250;095210;1;;St;Eier Import, Bodenhaltung, 53g+, 90 Stück;0.4;36;0.936;7640104163138;0;0;1;;
90032154;64104237;2026-07-29;BGH;Food;250;100080;1;;Lt;Quality Rapsöl, 20 l;3.48;69.6;1.8096;7610034515147;0;0;1;;
90032154;64104237;2026-07-29;BGH;Molkerei/Backwaren;260;008700;3;;kg;Quality Vollei flüssig Import, Bodenhaltung, pasteurisiert, 10 kg;5.74;172.2;4.4772;4388040268236;0;0;1;;
90032154;64104237;2026-07-29;BGH;Food;260;371461;1;;Bt;Economy Pinienkerne, Gastropack, 1 kg;49.5;49.5;1.287;7610034525979;0;0;1;;
90032154;64104237;2026-07-29;BGH;Metzgerei;270;083419;3;3.12;kg;El Campeon Chorizo pikant geschält, ca. 950 g;21.68;67.6416;1.7586816;2935691999990;0;0;7;;
90032154;64104237;2026-07-29;BGH;Molkerei/Backwaren;270;095811;6;;kg;Natura Plus Eigelb flüssig Schweiz, Freiland, 1 kg;10.59;63.54;1.65204;7640104165019;0;0;7;;
90032154;64104237;2026-07-29;BGH;Molkerei/Backwaren;280;012201;8;;Bt;Economy Gran Moravia, gehobelt, 500 g;8.7;69.6;1.8096;4388040201172;0;0;7;;
90032154;64104237;2026-07-29;BGH;Molkerei/Backwaren;290;010201;8;;Bt;Economy Gran Moravia, gerieben, 1 kg;15.63;125.04;3.25104;4388040201158;0;0;7;;
90032154;64104237;2026-07-29;BGH;Molkerei/Backwaren;300;024791;6;;Ds;Floralp Vollrahm 35%, ohne Zucker, UHT, 500 g;7.96;47.76;1.24176;7612300013166;0;0;7;;
90032154;64104237;2026-07-29;BGH;Nearfood;300;975792;2;;Pk;Quality Einweghandschuhe Nitril, Grösse L, schwarz, 100 St;8.81;17.62;1.42722;7610034546639;0;0;2;;
90032154;64104237;2026-07-29;BGH;Molkerei/Backwaren;310;019481;6;;Be;Galbani Mascarpone, 500 g;7.65;45.9;1.1934;8000430171013;0;0;1;;
90032154;64104237;2026-07-29;BGH;Food;310;564040;3;;Gl;Bosco d'oro Carpaccio, aus Sommertrüffeln, schwarz, 45 g;18.74;56.22;1.46172;8032680690549;0;0;1;;
90032154;64104237;2026-07-29;BGH;Metzgerei;330;054912;4;20.132;kg;Rinds-Hackfleisch, 5 mm, ca. 5 kg;18.32;368.81824;9.58927424;2962490999999;0;0;1;;
90032154;64104237;2026-07-29;BGH;Molkerei/Backwaren;340;027310;1;;kg;Economy Butter, 10 x 1 kg;13.22;132.2;3.4372;7610034508224;0;0;1;;
90032154;64104237;2026-07-29;BGH;Früchte + Gemüse;350;000079;6;;St;Ifco LiftLock;3.2;19.2;0;2000007960008;0;0;0;;
90032154;64104237;2026-07-29;BGH;Metzgerei;350;001494;5;12.855;kg;Bell Poulet-Brust ohne Haut ohne Innenfilet, 150-170 g, ca. 2,5 kg;22.28;286.4094;7.4466444;97610011946196;0;0;1;;
90032154;64104237;2026-07-29;BGH;Metzgerei;390;068151;15;;kg;Economy ASC Crevetten Black Tiger, geschält, entdarmt, 8/12, tiefgekühlt, 1 kg;20.69;310.35;8.0691;7610034523548;0;0;7;;
90032154;64104237;2026-07-29;BGH;Nonfood;400;933106;1;;Pk;Printex Etiketten Smart 6, 26 x 12 mm, weiss, Pack zu 10 Stück;32.1;32.1;2.6001;7640132161045;0;0;2;;
90032154;64104237;2026-07-29;BGH;Metzgerei;410;001976;1;9.645;kg;Quality GGAP Lachs Filet, mit Haut, grätenarm, ca. 1,0 - 1,4 kg;17.77;171.39165;4.4561829;97610162230489;0;0;1;;
90032154;64104237;2026-07-29;BGH;Metzgerei;420;054356;1;2.022;kg;Quality Thunfisch Filet Mittelstück, ca. 2 kg;32.08;64.86576;1.68650976;2991960999993;0;0;1;;
90032154;64104237;2026-07-29;BGH;Früchte + Gemüse;430;046922;2;;Sc;Blueberries, 500 g;4.85;9.7;0.2522;7610632010297;0;1;1;;
90032154;64104237;2026-07-29;BGH;Früchte + Gemüse;440;048130;2;;kg;Orangen blond, gepackt, ca. 2 kg;2.18;8.72;0.22672;7613399009115;0;0;7;;
90032154;64104237;2026-07-29;BGH;Nearfood;450;969031;3;;St;Gastro-Apotheke, 23-teilig;178.52;535.56;43.38036;654170141232;0;0;2;;
90032154;64104237;2026-07-29;BGH;Nearfood;460;815645;2;;Bi;Quality Flächendesinfektion, 5 l;55.43;110.86;8.97966;7615600306068;0;1;3;;
90032154;64104237;2026-07-29;BGH;Nonfood;470;933106;2;;Pk;Printex Etiketten Smart 6, 26 x 12 mm, weiss, Pack zu 10 Stück;32.1;64.2;5.2002;7640132161045;0;0;2;;
90032154;64104237;2026-07-29;BGH;Nonfood;480;933108;2;;Pk;Printex Farbrolle  Smart 6, Pack zu 5 Stück;29.88;59.76;4.84056;7640132161014;0;0;2;;
90032154;64104237;2026-07-29;BGH;Metzgerei;490;002094;2;3.245;kg;Kalbs-Nuss, ohne Schale, enthäutet, ca. 1,5 kg;49.4;160.303;4.167878;97610011044298;0;0;1;;
90032154;64104237;2026-07-29;BGH;Früchte + Gemüse;500;048386;5;;Sc;Physalis-Kirschen, 100 g;2.12;10.6;0.2756;7610632000267;0;0;1;;
90032154;64104237;2026-07-29;BGH;Früchte + Gemüse;510;047420;5;;Sc;Johannisbeeren, CH, 250 g;4.95;24.75;0.6435;7610632050071;0;0;7;;
90032154;64104237;2026-07-29;BGH;Früchte + Gemüse;520;043334;1;5;kg;Lattich, 5 kg;4.83;24.15;0.6279;2903904999990;0;0;1;;
90032154;64104237;2026-07-29;BGH;Früchte + Gemüse;521;000079;1;;St;Ifco LiftLock;3.2;3.2;0;2000007960008;0;0;0;;
90032154;64104237;2026-07-29;BGH;Früchte + Gemüse;530;043376;5;;Sc;Little Gem, ca. 290 g;4.42;22.1;0.5746;7610632991510;0;0;1;;
90032154;64104237;2026-07-29;BGH;Food;540;246320;1;;Ds;Parmadoro Tomatenpüree zweifach konzentriert, 850 g;6.41;38.46;0.99996;7614200510349;0;0;1;;
90032154;64104237;2026-07-29;BGH;Nearfood;550;813408;1;;Kt;Sirafan Speed, 2 x 5 l;236.37;236.37;19.14597;4028159042739;0;0;2;;
90032154;64104237;2026-07-29;BGH;Früchte + Gemüse;560;000079;4;;St;Ifco LiftLock;3.2;12.8;0;2000007960008;0;0;0;;
90032154;64100050;2026-07-27;BGH;Früchte + Gemüse;10;000079;-20;;St;Ifco LiftLock;3.2;-64;0;2000007960008;0;0;0;;
90032154;64100050;2026-07-27;BGH;Metzgerei;10;086133;1;1.337;kg;Quality Bündnerfleisch Eckstück, Deutschland/Österreich, 1/2 ca. 1,5 kg;58.91;78.76267;2.04782942;2965474999992;0;0;1;;
90032154;64100050;2026-07-27;BGH;Früchte + Gemüse;20;044106;3;;kg;Peperoni gemischt, 2 kg;5.01;30.06;0.78156;7613399054559;0;0;1;;
90032154;64100050;2026-07-27;BGH;Metzgerei;40;001976;1;6.28;kg;Quality GGAP Lachs Filet, mit Haut, grätenarm, ca. 1,0 - 1,4 kg;17.72;111.2816;2.8933216;97610162230489;0;0;1;;
90032154;64100050;2026-07-27;BGH;Früchte + Gemüse;50;044376;3;;Sc;Natura Bio Sango-Rettichsprossen, 100 g;5.77;17.31;0.45006;7630051906254;0;0;1;;
90032154;64100050;2026-07-27;BGH;Früchte + Gemüse;60;045916;1;;kg;Zwiebeln rot, 5 kg;2.65;13.25;0.3445;7613399003199;0;0;7;;
90032154;64100050;2026-07-27;BGH;Früchte + Gemüse;70;041241;2;;St;Eichblattsalat rot / grün Schweiz Hydro, gemischt, 8 St;2.12;33.92;0.88192;7613399058038;0;0;7;;
90032154;64100050;2026-07-27;BGH;Früchte + Gemüse;71;000079;2;;St;Ifco LiftLock;3.2;6.4;0;2000007960008;0;0;0;;
90032154;64100050;2026-07-27;BGH;Metzgerei;80;054912;2;10.06;kg;Rinds-Hackfleisch, 5 mm, ca. 5 kg;18.32;184.2992;4.7917792;2962490999999;0;0;1;;
90032154;64100050;2026-07-27;BGH;Früchte + Gemüse;90;040258;1;;kg;Auberginen, 5 kg;4.24;21.2;0.5512;7610632977057;0;0;1;;
90032154;64100050;2026-07-27;BGH;Früchte + Gemüse;91;000079;1;;St;Ifco LiftLock;3.2;3.2;0;2000007960008;0;0;0;;
90032154;64100050;2026-07-27;BGH;Früchte + Gemüse;100;045708;1;;kg;Zucchetti CH, 5 kg;2.71;13.55;0.3523;7610632980538;0;0;1;;
90032154;64100050;2026-07-27;BGH;Früchte + Gemüse;101;000079;1;;St;Ifco LiftLock;3.2;3.2;0;2000007960008;0;0;0;;
90032154;64100050;2026-07-27;BGH;Früchte + Gemüse;130;040329;4;;Bt;Basilikum, 1 kg;29.39;117.56;3.05656;7610632989975;0;0;1;;
90032154;64100050;2026-07-27;BGH;Früchte + Gemüse;160;046576;8;;St;Avocado essreif Stück, ca. 280 g;1.94;15.52;0.40352;7610632002001;0;0;1;;
90032154;64100050;2026-07-27;BGH;Früchte + Gemüse;170;049135;6;;kg;Champignons weiss, frisch, 1 kg;6.83;40.98;1.06548;7610632995211;0;1;1;;
90032154;64100050;2026-07-27;BGH;Früchte + Gemüse;180;044540;3;;kg;Rucola / Rauke ungewaschen, 1 kg;12.9;38.7;1.0062;7610514613219;0;0;1;;
90032154;64100050;2026-07-27;BGH;Früchte + Gemüse;190;044776;2;;Ki;Schnittsalat Oriental, 800 g;21.15;42.3;1.0998;7610632965849;0;0;1;;
90032154;64100050;2026-07-27;BGH;Früchte + Gemüse;200;046240;1;;St;Ananas Schiff, ca. 1,5 kg;3.51;3.51;0.09126;5425003611179;0;0;1;;
90032154;64100050;2026-07-27;BGH;Früchte + Gemüse;210;048386;2;;Sc;Physalis-Kirschen, 100 g;2.12;4.24;0.11024;7610632000267;0;0;1;;
90032154;64100050;2026-07-27;BGH;Früchte + Gemüse;220;047645;1;;St;Kiwi essreif, 6 St;1.48;8.88;0.23088;7610632131206;0;0;1;;
90032154;64100050;2026-07-27;BGH;Früchte + Gemüse;230;044643;2;;Bt;Quality Rüebli- Karotten Julienne, 1,6 mm, 1 kg;4.7;9.4;0.2444;7610034507050;0;0;1;;
90032154;64100050;2026-07-27;BGH;Früchte + Gemüse;280;048824;1;;kg;Zitronen, 2 kg;3.18;6.36;0.16536;7613399029083;0;0;7;;
90032154;64100050;2026-07-27;BGH;Früchte + Gemüse;320;043334;1;5;kg;Lattich, 5 kg;4.83;24.15;0.6279;2903904999990;0;0;1;;
90032154;64100050;2026-07-27;BGH;Früchte + Gemüse;321;000079;1;;St;Ifco LiftLock;3.2;3.2;0;2000007960008;0;0;0;;
90032154;64100050;2026-07-27;BGH;Früchte + Gemüse;330;000079;8;;St;Ifco LiftLock;3.2;25.6;0;2000007960008;0;0;0;;
90032154;64100050;2026-07-27;BGH;Früchte + Gemüse;340;000079;2;;St;Ifco LiftLock;3.2;6.4;0;2000007960008;0;0;0;;
90032154;64097448;2026-07-24;BGH;Früchte + Gemüse;10;000079;-11;;St;Ifco LiftLock;3.2;-35.2;0;2000007960008;0;0;0;;
90032154;64097448;2026-07-24;BGH;Metzgerei;10;067563;3;;Bt;MSC Thunfisch Steak, ca. 170 - 230 g, tiefgekühlt, 1 kg;17.42;52.26;1.35876;8718104960060;0;0;1;;
90032154;64097448;2026-07-24;BGH;Metzgerei;20;068121;6;;St;ASC Rauchlachs, geschnitten, tiefgekühlt, 1 kg;23.36;140.16;3.64416;4778003302785;0;0;1;;
90032154;64097448;2026-07-24;BGH;Früchte + Gemüse;30;041241;4;;St;Eichblattsalat rot / grün Schweiz Hydro, gemischt, 8 St;2.12;67.84;1.76384;7613399058038;0;0;7;;
90032154;64097448;2026-07-24;BGH;Früchte + Gemüse;31;000079;4;;St;Ifco LiftLock;3.2;12.8;0;2000007960008;0;0;0;;
90032154;64097448;2026-07-24;BGH;Früchte + Gemüse;40;043334;1;5;kg;Lattich, 5 kg;4.83;24.15;0.6279;2903904999990;0;0;1;;
90032154;64097448;2026-07-24;BGH;Früchte + Gemüse;41;000079;1;;St;Ifco LiftLock;3.2;3.2;0;2000007960008;0;0;0;;
90032154;64097448;2026-07-24;BGH;Früchte + Gemüse;50;040972;4;;kg;Cherry Rispentomaten, 3 kg;9.37;112.44;2.92344;7610632984666;0;0;1;;
90032154;64097448;2026-07-24;BGH;Früchte + Gemüse;51;000079;4;;St;Ifco LiftLock;3.2;12.8;0;2000007960008;0;0;0;;
90032154;64097448;2026-07-24;BGH;Früchte + Gemüse;60;045208;2;;kg;Tomaten, rund, 6 kg;4.18;50.16;1.30416;7610632980576;0;0;1;;
90032154;64097448;2026-07-24;BGH;Früchte + Gemüse;61;000079;2;;St;Ifco LiftLock;3.2;6.4;0;2000007960008;0;0;0;;
90032154;64097448;2026-07-24;BGH;Früchte + Gemüse;70;042592;1;;Ds;Knoblauch Original ganz geschält, 1kg;8.22;8.22;0.21372;3700430300004;0;1;7;;
90032154;64097448;2026-07-24;BGH;Metzgerei;80;002409;2;3.081;kg;Rinds-Filetspitz Kopf II, ca. 1,5 kg;39.5;121.6995;3.164187;97610100000006;0;0;1;;
90032154;64097448;2026-07-24;BGH;Metzgerei;90;001494;2;5.16;kg;Bell Poulet-Brust ohne Haut ohne Innenfilet, 150-170 g, ca. 2,5 kg;22.28;114.9648;2.9890848;97610011946196;0;0;1;;
90032154;64097448;2026-07-24;BGH;Metzgerei;100;002454;1;5.24;kg;Quality Lachsforellen Filet, mit Haut, grätenarm, ca. 130 - 180 g, ca. 1 kg;21.58;113.0792;2.9400592;97610162250661;0;0;1;;
90032154;64097448;2026-07-24;BGH;Wein;110;641640;1;;Bx;Weisswein Vegan BiB, 3 l;10.79;10.79;0.87399;7611321198531;0;0;3;;
90032154;64097448;2026-07-24;BGH;Nonfood;120;993090;5;;Pk;Quality Salatschale PP rund FSC, 750 ml, Pack zu 50 Stück;11.03;55.15;4.46715;7610034537101;0;0;8;;
90032154;64097448;2026-07-24;BGH;Food;130;580230;3;;Bt;Le Dragon Panko Paniermehl, 1 kg;6.6;19.8;0.5148;7613324116680;0;0;1;;
90032154;64097448;2026-07-24;BGH;Food;140;100070;1;;Lt;Economy Frittieröl, 20 l;4.45;89;2.314;7610034508873;0;0;1;;
90032154;64097448;2026-07-24;BGH;Metzgerei;150;078267;2;8.914;kg;Economy Pizzaauflage, 1/1, ca. 4 kg;8.81;78.53234;2.04184084;2934342999990;0;0;1;;
90032154;64097448;2026-07-24;BGH;Metzgerei;160;083416;3;2.713;kg;El Campeon Chorizo mild geschält, ca. 950 g;21.68;58.81784;1.52926384;2935701999996;0;0;1;;
90032154;64097448;2026-07-24;BGH;Früchte + Gemüse;170;044621;3;;Bt;Karotten Rainbow Mini, 200 g;7.01;21.03;0.54678;7613399057499;0;0;7;;
90032154;64097448;2026-07-24;BGH;Früchte + Gemüse;180;044667;3;;Sc;Mini Rüebli / Karotten mit Laubansatz, ca. 200 g;7.01;21.03;0.54678;7610632955345;0;0;1;;
90032154;64097448;2026-07-24;BGH;Früchte + Gemüse;190;043507;3;;Bt;Maiskolben Mini, 250 g;8.01;24.03;0.62478;7640138832031;0;0;7;;
90032154;64097448;2026-07-24;BGH;Früchte + Gemüse;200;043957;4;;Sc;Patisson Mini Gemüse, ca. 9 St;7.31;29.24;0.76024;7610632991541;0;0;1;;
90032154;64097448;2026-07-24;BGH;Molkerei/Backwaren;210;019481;5;;Be;Galbani Mascarpone, 500 g;6.19;30.95;0.8047;8000430171013;0;1;1;;
90032154;64097448;2026-07-24;BGH;Früchte + Gemüse;220;000079;5;;St;Ifco LiftLock;3.2;16;0;2000007960008;0;0;0;;
90032154;64097448;2026-07-24;BGH;Früchte + Gemüse;230;000079;3;;St;Ifco LiftLock;3.2;9.6;0;2000007960008;0;0;0;;
90032154;64092650;2026-07-22;BGH;Früchte + Gemüse;10;000079;-54;;St;Ifco LiftLock;3.2;-172.8;0;2000007960008;0;0;0;;
90032154;64092650;2026-07-22;BGH;Metzgerei;10;078267;5;22.222;kg;Economy Pizzaauflage, 1/1, ca. 4 kg;8.81;195.77582;5.09017132;2934342999990;0;0;1;;
90032154;64092650;2026-07-22;BGH;Früchte + Gemüse;10;090140;3;;Bt;Frigemo Regiofrites Bärner TK, 4 x 2,5 kg;15.85;190.2;4.9452;7610078043163;0;0;1;;
90032154;64092650;2026-07-22;BGH;Nearfood;20;973484;1;;Pk;Quality Spiraltopfreiniger, 10 x 90 g;11.64;11.64;0.94284;7610034509870;0;0;3;;
90032154;64092650;2026-07-22;BGH;Food;30;514140;1;;Ds;Quality Smokey BBQ, 650 g;22.27;22.27;0.57902;7610034514546;0;0;1;;
90032154;64092650;2026-07-22;BGH;Food;40;314411;1;;Fl;Langnese Wildblütenhonig Bee Easy, 500 g;8.89;8.89;0.23114;4023300818201;0;0;1;;
90032154;64092650;2026-07-22;BGH;Metzgerei;50;002409;4;6.111;kg;Rinds-Filetspitz Kopf II, ca. 1,5 kg;39.5;241.3845;6.275997;97610100000006;0;0;1;;
90032154;64092650;2026-07-22;BGH;Metzgerei;60;083416;4;3.852;kg;El Campeon Chorizo mild geschält, ca. 950 g;21.68;83.51136;2.17129536;2935701999996;0;0;1;;
90032154;64092650;2026-07-22;BGH;Food;70;371461;1;;Bt;Economy Pinienkerne, Gastropack, 1 kg;49.5;49.5;1.287;7610034525979;0;0;1;;
90032154;64092650;2026-07-22;BGH;Früchte + Gemüse;90;047138;2;;Sc;Erdbeeren Import, 500 g;6.25;12.5;0.325;7610632070444;0;0;1;;
90032154;64092650;2026-07-22;BGH;Früchte + Gemüse;100;046922;1;;Sc;Blueberries, 500 g;6.25;6.25;0.1625;7610632010297;0;0;1;;
90032154;64092650;2026-07-22;BGH;Food;130;438073;3;;Sc;Picosa Datteltomaten getrocknet, 1,1 kg;24.12;72.36;1.88136;7610107110569;0;0;1;;
90032154;64092650;2026-07-22;BGH;Molkerei/Backwaren;160;008700;1;;kg;Quality Vollei flüssig Import, Bodenhaltung, pasteurisiert, 10 kg;6.44;64.4;1.6744;4388040268236;0;0;1;;
90032154;64092650;2026-07-22;BGH;Molkerei/Backwaren;170;095811;1;;kg;Natura Plus Eigelb flüssig Schweiz, Freiland, 1 kg;10.59;10.59;0.27534;7640104165019;0;0;7;;
90032154;64092650;2026-07-22;BGH;Molkerei/Backwaren;180;024673;2;;Ke;Quality Crème Fraîche Nature 35%, 2,5 kg;21.14;42.28;1.09928;7610034514973;0;1;1;;
90032154;64092650;2026-07-22;BGH;Metzgerei;190;086133;1;1.859;kg;Quality Bündnerfleisch Eckstück, Deutschland/Österreich, 1/2 ca. 1,5 kg;58.91;109.51369;2.84735594;2965474999992;0;0;1;;
90032154;64092650;2026-07-22;BGH;Molkerei/Backwaren;200;019481;1;;Be;Galbani Mascarpone, 500 g;6.19;6.19;0.16094;8000430171013;0;1;1;;
90032154;64092650;2026-07-22;BGH;Molkerei/Backwaren;210;014810;3;;St;Mozzarella di Bufala Campana DOP, 16 x 125 g;2.24;107.52;2.79552;80434238;0;0;1;;
90032154;64092650;2026-07-22;BGH;Food;220;510080;6;;Fl;Quality Ketchup Squeeze, 965 g;5.2;31.2;0.8112;7610034512139;0;0;1;;
90032154;64092650;2026-07-22;BGH;Food;230;246320;1;;Ds;Parmadoro Tomatenpüree zweifach konzentriert, 850 g;6.41;38.46;0.99996;7614200510349;0;0;1;;
90032154;64092650;2026-07-22;BGH;Food;240;510590;2;;Fl;Quality Tartare Sauce Squeeze, 870 g;8.89;17.78;0.46228;7610034512733;0;0;1;;
90032154;64092650;2026-07-22;BGH;Food;250;590111;1;;Lt;Quality Sonnenblumenöl, 20 l;3.27;65.4;1.7004;7610034515024;0;1;1;;
90032154;64092650;2026-07-22;BGH;Food;260;410641;3;;Pk;Barilla glutenfreie Penne rigate, 400 g;3.56;10.68;0.27768;8076809545457;0;0;1;;
90032154;64092650;2026-07-22;BGH;Nonfood;270;930270;1;;Pk;VC999 Vakuumbeutel, 90 µm, 160 x 210 mm, Pack zu 100 Stück;8.42;8.42;0.68202;7640144910204;0;0;2;;
90032154;64092650;2026-07-22;BGH;Metzgerei;280;001494;3;7.865;kg;Bell Poulet-Brust ohne Haut ohne Innenfilet, 150-170 g, ca. 2,5 kg;22.28;175.2322;4.5560372;97610011946196;0;0;1;;
90032154;64092650;2026-07-22;BGH;Metzgerei;290;001057;2;7.752;kg;Rinds-Entrecote II, enthäutet, gesteakt, ca. 3.3 kg;36.53;283.18056;7.36269456;97610011315633;0;0;1;;
90032154;64092650;2026-07-22;BGH;Metzgerei;300;002092;2;4.809;kg;Kalbs-Unterspälte, enthäutet, ca. 2 kg;46.43;223.28187;5.80532862;97610011044182;0;0;1;;
90032154;64092650;2026-07-22;BGH;Früchte + Gemüse;310;041226;1;;Bd;Dill Bund, 80 g;4.18;4.18;0.10868;7610632941904;0;0;1;;
90032154;64092650;2026-07-22;BGH;Früchte + Gemüse;320;045357;2;;kg;Tomaten mit Rispen, Inland, 6 kg;3.56;42.72;1.11072;7610632967959;0;1;1;;
90032154;64092650;2026-07-22;BGH;Früchte + Gemüse;321;000079;2;;St;Ifco LiftLock;3.2;6.4;0;2000007960008;0;0;0;;
90032154;64092650;2026-07-22;BGH;Früchte + Gemüse;330;040972;3;;kg;Cherry Rispentomaten, 3 kg;9.37;84.33;2.19258;7610632984666;0;0;1;;
90032154;64092650;2026-07-22;BGH;Früchte + Gemüse;331;000079;3;;St;Ifco LiftLock;3.2;9.6;0;2000007960008;0;0;0;;
90032154;64092650;2026-07-22;BGH;Molkerei/Backwaren;340;019631;1;;Be;Philadelphia, 1,65 kg;19.75;19.75;0.5135;4000339034840;0;0;1;;
90032154;64092650;2026-07-22;BGH;Früchte + Gemüse;350;048827;1;;kg;Zitronen, 6 kg;2.57;15.42;0.40092;7610632320723;0;1;1;;
90032154;64092650;2026-07-22;BGH;Früchte + Gemüse;351;000079;1;;St;Ifco LiftLock;3.2;3.2;0;2000007960008;0;0;0;;
90032154;64092650;2026-07-22;BGH;Früchte + Gemüse;360;047754;2;8.4;kg;Limetten / Limes, 4,2 kg;3.71;31.164;0.810264;2905054999998;0;0;1;;
90032154;64092650;2026-07-22;BGH;Früchte + Gemüse;370;048109;1;;kg;Orangen blond, 7 kg;2.12;14.84;0.38584;7610632471906;0;0;1;;
90032154;64092650;2026-07-22;BGH;Früchte + Gemüse;371;000079;1;;St;Ifco LiftLock;3.2;3.2;0;2000007960008;0;0;0;;
90032154;64092650;2026-07-22;BGH;Früchte + Gemüse;380;043598;4;;Bt;Minze, 250 g;8.72;34.88;0.90688;7610632977873;0;0;1;;
90032154;64092650;2026-07-22;BGH;Molkerei/Backwaren;390;024791;8;;Ds;Floralp Vollrahm 35%, ohne Zucker, UHT, 500 g;7.96;63.68;1.65568;7612300013166;0;0;7;;
90032154;64092650;2026-07-22;BGH;Metzgerei;400;001976;1;7.115;kg;Quality GGAP Lachs Filet, mit Haut, grätenarm, ca. 1,0 - 1,4 kg;16.43;116.89945;3.0393857;97610162230489;0;1;1;;
90032154;64092650;2026-07-22;BGH;Metzgerei;410;001064;3;5.564;kg;Rinds-Filet II, ca.1,9kg;46.43;258.33652;6.71674952;97610011527319;0;0;1;;
90032154;64092650;2026-07-22;BGH;Molkerei/Backwaren;420;095811;8;;kg;Natura Plus Eigelb flüssig Schweiz, Freiland, 1 kg;10.59;84.72;2.20272;7640104165019;0;0;7;;
90032154;64092650;2026-07-22;BGH;Früchte + Gemüse;430;040329;2;;Bt;Basilikum, 1 kg;29.39;58.78;1.52828;7610632989975;0;0;1;;
90032154;64092650;2026-07-22;BGH;Früchte + Gemüse;440;042020;3;;St;Gurken 400 - 500 g / St, 4 St;2.06;24.72;0.64272;7610632994153;0;0;1;;
90032154;64092650;2026-07-22;BGH;Molkerei/Backwaren;450;022600;1;;Tp;Quality Vollmilch 3,5%, UHT, 12 x 1 l;1.27;15.24;0.39624;7610034507807;0;0;1;;
90032154;64092650;2026-07-22;BGH;Früchte + Gemüse;460;044776;2;;Ki;Schnittsalat Oriental, 800 g;21.15;42.3;1.0998;7610632965849;0;0;1;;
90032154;64092650;2026-07-22;BGH;Molkerei/Backwaren;470;012201;5;;Bt;Economy Gran Moravia, gehobelt, 500 g;8.7;43.5;1.131;4388040201172;0;0;7;;
90032154;64092650;2026-07-22;BGH;Molkerei/Backwaren;480;010201;8;;Bt;Economy Gran Moravia, gerieben, 1 kg;15.63;125.04;3.25104;4388040201158;0;0;7;;
90032154;64092650;2026-07-22;BGH;Früchte + Gemüse;490;041241;1;;St;Eichblattsalat rot / grün Schweiz Hydro, gemischt, 8 St;2.12;16.96;0.44096;7613399058038;0;0;7;;
90032154;64092650;2026-07-22;BGH;Früchte + Gemüse;491;000079;1;;St;Ifco LiftLock;3.2;3.2;0;2000007960008;0;0;0;;
90032154;64092650;2026-07-22;BGH;Früchte + Gemüse;500;041241;2;;St;Eichblattsalat rot / grün Schweiz Hydro, gemischt, 8 St;2.12;33.92;0.88192;7613399058038;0;0;7;;
90032154;64092650;2026-07-22;BGH;Früchte + Gemüse;501;000079;2;;St;Ifco LiftLock;3.2;6.4;0;2000007960008;0;0;0;;
90032154;64092650;2026-07-22;BGH;Molkerei/Backwaren;510;022600;2;;Tp;Quality Vollmilch 3,5%, UHT, 12 x 1 l;1.27;30.48;0.79248;7610034507807;0;0;1;;
90032154;64092650;2026-07-22;BGH;Molkerei/Backwaren;520;024440;2;;Tp;Quality Vollrahm 35%, UHT, 12 x 1 l;5.84;140.16;3.64416;7610034505315;0;0;1;;
90032154;64092650;2026-07-22;BGH;Molkerei/Backwaren;530;014611;16;;Be;Casa Radicci Burrata, 120 g;2.55;40.8;1.0608;8006103111805;0;0;7;;
90032154;64092650;2026-07-22;BGH;Früchte + Gemüse;540;044106;1;;kg;Peperoni gemischt, 2 kg;5.01;10.02;0.26052;7613399054559;0;0;1;;
90032154;64092650;2026-07-22;BGH;Molkerei/Backwaren;550;095210;1;;St;Eier Import, Bodenhaltung, 53g+, 90 Stück;0.4;36;0.936;7640104163138;0;0;1;;
90032154;64092650;2026-07-22;BGH;Molkerei/Backwaren;560;018891;6;;Ds;Ömür Hirtenkäse 55%, 800 g;9.76;58.56;1.52256;4002566002449;0;0;1;;
90032154;64092650;2026-07-22;BGH;Früchte + Gemüse;570;000079;4;;St;Ifco LiftLock;3.2;12.8;0;2000007960008;0;0;0;;
90032154;64092650;2026-07-22;BGH;Früchte + Gemüse;580;000079;7;;St;Ifco LiftLock;3.2;22.4;0;2000007960008;0;0;0;;
90032154;64085492;2026-07-17;BGH;Metzgerei;10;001057;2;6.554;kg;Rinds-Entrecote II, enthäutet, gesteakt, ca. 3.3 kg;36.53;239.41762;6.22485812;97610011315633;0;0;1;;
90032154;64085492;2026-07-17;BGH;Metzgerei;10;078255;3;14.738;kg;Quality Hinterschinken Tradition 1/2, ca. 4,6 kg;12.5;184.225;4.78985;2950465999990;0;0;1;;
90032154;64085492;2026-07-17;BGH;Food;10;564040;6;;Gl;Bosco d'oro Carpaccio, aus Sommertrüffeln, schwarz, 45 g;18.93;113.58;2.95308;8032680690549;0;0;1;;
90032154;64085492;2026-07-17;BGH;Nonfood;10;993032;6;;Pk;Quality Besteckset Holz FSC 3 in 1 Pack zu 100 Set;13.03;78.18;6.33258;7610034528123;0;0;3;;
90032154;64085492;2026-07-17;BGH;Food;20;510520;10;;Fl;Quality Mayonnaise Squeeze, 865 g;5.63;56.3;1.4638;7610034512658;0;1;1;;
90032154;64085492;2026-07-17;BGH;Nonfood;20;994068;4;;Pk;Stronghold Essstäbchen Bambus, gehüllt, 24 cm, Pack zu 100 Stück;10.02;40.08;3.24648;7612192087481;0;0;3;;
90032154;64085492;2026-07-17;BGH;Metzgerei;30;002071;7;10.658;kg;Rinds-Filet, ca. 2 kg;59.39;632.97862;16.45744412;97610011014666;0;1;1;;
90032154;64085492;2026-07-17;BGH;Nonfood;40;930430;6;;Pk;VC999 Vakuumbeutel, 90 µm, 300 x 400 mm, Pack zu 100 Stück;17.81;106.86;8.65566;7640144910266;0;1;2;;
90032154;64085492;2026-07-17;BGH;Früchte + Gemüse;50;045914;1;;kg;Zwiebeln rot gross, 10 kg;1.96;19.6;0.5096;7613399003366;0;1;1;;
90032154;64085492;2026-07-17;BGH;Früchte + Gemüse;51;000079;1;;St;Ifco LiftLock;3.2;3.2;0;2000007960008;0;0;0;;
90032154;64085492;2026-07-17;BGH;Metzgerei;60;001502;4;10.57;kg;Poulet Brust ohne Haut mit Innenfilet, 90-220 g, ca. 2,5 kg;20.69;218.6933;5.6860258;97610011945694;0;0;1;;
90032154;64085492;2026-07-17;BGH;Nonfood;70;981153;4;;Pk;Tragtasche Kraft Uni, 27 x 32 x 21,5 cm, Pack zu 25 Stück;12.41;49.64;4.02084;4002911888117;0;0;3;;
90032154;64085492;2026-07-17;BGH;Nonfood;80;963052;6;;Pk;Trinkhalm Papier schwarz 15 cm Ø 8 mm Pack zu 150 Stück;3.88;23.28;1.88568;7610588102466;0;0;3;;
90032154;64085492;2026-07-17;BGH;Nearfood;100;989510;6;;Pk;Duni Servietten, 1/8 Falz, 3-lagig, 40 x 40 cm, weiss, 250 St;13.43;80.58;6.52698;7321012028503;0;0;3;;
90032154;64085492;2026-07-17;BGH;Metzgerei;110;054356;2;5.03;kg;Quality Thunfisch Filet Mittelstück, ca. 2 kg;32.18;161.8654;4.2085004;2991960999993;0;0;1;;
90032154;64085492;2026-07-17;BGH;Food;120;595351;1;;Ds;Quality MSC Thon hell Yellowfin solid nature, 6 x 1,88 kg;17.84;107.04;2.78304;7610034527263;0;0;1;;
90032154;64085492;2026-07-17;BGH;Nearfood;130;993320;3;;Rl;Quality Wischtücher Midi, 2-lagig, weiss, 450 Blatt, 6 Rl;6.78;122.04;9.88524;7610034546196;0;0;3;;
90032154;64085492;2026-07-17;BGH;Food;140;234790;4;;kg;Carnaroli Risottoreis, 5 kg;4.43;88.6;2.3036;7610815101835;0;0;1;;
90032154;64085492;2026-07-17;BGH;Food;150;403500;12;;Tp;Grace Premium Thai Kokosnussmilch, 1 l;4.63;55.56;1.44456;5035139217680;0;0;1;;
90032154;64085492;2026-07-17;BGH;Molkerei/Backwaren;160;024440;5;;Tp;Quality Vollrahm 35%, UHT, 12 x 1 l;5.84;350.4;9.1104;7610034505315;0;0;1;;
90032154;64085492;2026-07-17;BGH;Früchte + Gemüse;170;041241;6;;St;Eichblattsalat rot / grün Schweiz Hydro, gemischt, 8 St;2.12;101.76;2.64576;7613399058038;0;0;7;;
90032154;64085492;2026-07-17;BGH;Früchte + Gemüse;171;000079;6;;St;Ifco LiftLock;3.2;19.2;0;2000007960008;0;0;0;;
90032154;64085492;2026-07-17;BGH;Food;190;439780;3;;Pk;Landleben Croûtons Nature, 500 g;7.52;22.56;0.58656;9001411341103;0;0;1;;
90032154;64085492;2026-07-17;BGH;Früchte + Gemüse;200;044540;3;;kg;Rucola / Rauke ungewaschen, 1 kg;12.9;38.7;1.0062;7610514613219;0;0;1;;
90032154;64085492;2026-07-17;BGH;Früchte + Gemüse;210;044643;5;;Bt;Quality Rüebli- Karotten Julienne, 1,6 mm, 1 kg;3.71;18.55;0.4823;7610034507050;0;1;1;;
90032154;64085492;2026-07-17;BGH;Früchte + Gemüse;220;046909;1;;kg;Birchermüesli Extra fixfertig, 3 kg;10.37;31.11;0.80886;7610227917123;0;0;7;;
90032154;64085492;2026-07-17;BGH;Metzgerei;230;003691;3;;kg;Goma Wakame Seealgensalat mit Sesam, tiefgekühlt, 1 kg;8.71;26.13;0.67938;4004263279230;0;0;1;;
90032154;64085492;2026-07-17;BGH;Metzgerei;240;001976;1;6.795;kg;Quality GGAP Lachs Filet, mit Haut, grätenarm, ca. 1,0 - 1,4 kg;17.72;120.4074;3.1305924;97610162230489;0;0;1;;
90032154;64085492;2026-07-17;BGH;Metzgerei;250;001991;1;5.1;kg;Quality GGAP Wolfsbarsch Filet, mit Haut, grätenarm, ca. 90-120 g, ca. 1 kg;27.67;141.117;3.669042;97610162283133;0;0;1;;
90032154;64085492;2026-07-17;BGH;Metzgerei;260;068150;2;;kg;Economy ASC Crevetten Black Tiger, geschält, entdarmt, 8/12, tiefgekühlt, 10 x 1 kg;19.6;392;10.192;7610034523555;0;0;7;;
90032154;64085492;2026-07-17;BGH;Metzgerei;270;072090;1;;kg;Quality Chicken Nuggets, geformt, paniert, frittiert, tiefgekühlt, 3 x 2 kg;12.38;74.28;1.93128;7610162372230;0;0;1;;
90032154;64085492;2026-07-17;BGH;Food;280;511500;4;;Ds;Economy Oliven schwarz entsteint, 3 x 4,25 kg;13.72;164.64;4.28064;7610034524156;0;0;1;;
90032154;64085492;2026-07-17;BGH;Molkerei/Backwaren;290;012383;2;3.196;kg;Defendi Gorgonzola San Antonio DOP, 1/4 Laib ca. 1,5 kg;10.84;34.64464;0.90076064;2902117999995;0;1;1;;
90032154;64085492;2026-07-17;BGH;Molkerei/Backwaren;300;010201;15;;Bt;Economy Gran Moravia, gerieben, 1 kg;15.63;234.45;6.0957;4388040201158;0;0;7;;
90032154;64085492;2026-07-17;BGH;Molkerei/Backwaren;310;012201;12;;Bt;Economy Gran Moravia, gehobelt, 500 g;8.7;104.4;2.7144;4388040201172;0;0;7;;
90032154;64085492;2026-07-17;BGH;Molkerei/Backwaren;320;005010;1;;kg;Quality Joghurt Nature, 3 kg;2.44;7.32;0.19032;7610034534230;0;0;7;;
90032154;64085492;2026-07-17;BGH;Molkerei/Backwaren;330;024673;1;;Ke;Quality Crème Fraîche Nature 35%, 2,5 kg;24.51;24.51;0.63726;7610034514973;0;0;1;;
90032154;64085492;2026-07-17;BGH;Food;340;117880;2;;Bt;Dawa Crèmepulver Vanille, 1,5 kg;7.38;14.76;0.38376;7612100058497;0;0;1;;
90032154;64085492;2026-07-17;BGH;Früchte + Gemüse;350;048827;2;;kg;Zitronen, 6 kg;2.95;35.4;0.9204;7610632320723;0;0;1;;
90032154;64085492;2026-07-17;BGH;Früchte + Gemüse;351;000079;2;;St;Ifco LiftLock;3.2;6.4;0;2000007960008;0;0;0;;
90032154;64085492;2026-07-17;BGH;Früchte + Gemüse;360;048109;1;;kg;Orangen blond, 7 kg;2.12;14.84;0.38584;7610632471906;0;0;1;;
90032154;64085492;2026-07-17;BGH;Früchte + Gemüse;361;000079;1;;St;Ifco LiftLock;3.2;3.2;0;2000007960008;0;0;0;;
90032154;64085492;2026-07-17;BGH;Früchte + Gemüse;370;044718;4;;Bt;Salbei, 250 g;8.72;34.88;0.90688;7610632969779;0;0;1;;
90032154;64085492;2026-07-17;BGH;Food;380;560280;2;;kg;JuraSel Speisesalz mit Jod, 25 kg;0.69;34.5;0.897;7610039000242;0;0;1;;
90032154;64085492;2026-07-17;BGH;Food;390;459141;1;;Gn;Hügli Demi-Glace, 2,5 kg;69.65;69.65;1.8109;7611400089026;0;0;1;;
90032154;64085492;2026-07-17;BGH;Food;400;252310;1;;kg;Maggi Bouillon mit Rind, pastös, 5 kg;20.99;104.95;2.7287;8445291289079;0;1;1;;
90032154;64085492;2026-07-17;BGH;Nonfood;410;999063;2;;Rl;Quality Frischhaltefolie, Dispenser, PVC, 45 cm x 300 m, 7 µm;11.67;23.34;1.89054;3554983014525;0;1;3;;
90032154;64085492;2026-07-17;BGH;Nonfood;420;999061;2;;Rl;Quality Alufolie, Dispenser, 45 cm x 200 m, 11 µm;30.19;60.38;4.89078;3554983007145;0;1;3;;
90032154;64085492;2026-07-17;BGH;Früchte + Gemüse;430;049135;15;;kg;Champignons weiss, frisch, 1 kg;8.44;126.6;3.2916;7610632995211;0;0;1;;
90032154;64085492;2026-07-17;BGH;Früchte + Gemüse;440;040972;4;;kg;Cherry Rispentomaten, 3 kg;7.43;89.16;2.31816;7610632984666;0;1;1;;
90032154;64085492;2026-07-17;BGH;Früchte + Gemüse;441;000079;4;;St;Ifco LiftLock;3.2;12.8;0;2000007960008;0;0;0;;
90032154;64085492;2026-07-17;BGH;Früchte + Gemüse;450;044107;3;;kg;Peperoni Tricolor, Import, 5 kg;3.86;57.9;1.5054;7610632977132;0;1;1;;
90032154;64085492;2026-07-17;BGH;Früchte + Gemüse;451;000079;3;;St;Ifco LiftLock;3.2;9.6;0;2000007960008;0;0;0;;
90032154;64085492;2026-07-17;BGH;Früchte + Gemüse;460;045708;3;;kg;Zucchetti CH, 5 kg;2.71;40.65;1.0569;7610632980538;0;0;1;;
90032154;64085492;2026-07-17;BGH;Früchte + Gemüse;461;000079;3;;St;Ifco LiftLock;3.2;9.6;0;2000007960008;0;0;0;;
90032154;64085492;2026-07-17;BGH;Früchte + Gemüse;470;040258;3;;kg;Auberginen, 5 kg;4.24;63.6;1.6536;7610632977057;0;0;1;;
90032154;64085492;2026-07-17;BGH;Früchte + Gemüse;471;000079;3;;St;Ifco LiftLock;3.2;9.6;0;2000007960008;0;0;0;;
90032154;64085492;2026-07-17;BGH;Früchte + Gemüse;480;045882;3;;kg;Zwiebeln gross, 10 kg;2.06;61.8;1.6068;7628072003557;0;0;7;;
90032154;64085492;2026-07-17;BGH;Früchte + Gemüse;481;000079;3;;St;Ifco LiftLock;3.2;9.6;0;2000007960008;0;0;0;;
90032154;64085492;2026-07-17;BGH;Food;490;570732;3;;Pk;Gogi Tempura Mehl, 24 x 150 g;1.49;107.28;2.78928;2057073200002;0;0;1;;
90032154;64085492;2026-07-17;BGH;Früchte + Gemüse;500;042477;10;;Sc;Kefen Mini-Gemüse, 250 g;5.36;53.6;1.3936;7610632991619;0;0;1;;
90032154;64085492;2026-07-17;BGH;Früchte + Gemüse;510;041777;10;;Sc;Fenchel Mini Gemüse, 8 St;6.59;65.9;1.7134;7610632978672;0;0;1;;
90032154;64085492;2026-07-17;BGH;Früchte + Gemüse;520;043957;7;;Sc;Patisson Mini Gemüse, ca. 9 St;7.31;51.17;1.33042;7610632991541;0;0;1;;
90032154;64085492;2026-07-17;BGH;Früchte + Gemüse;530;045777;8;;Sc;Zucchetti Mini-Gemüse ohne Blüte, ca. 5 - 6 Stück;7.77;62.16;1.61616;7610632991527;0;0;1;;
90032154;64085492;2026-07-17;BGH;Früchte + Gemüse;540;044667;10;;Sc;Mini Rüebli / Karotten mit Laubansatz, ca. 200 g;7.01;70.1;1.8226;7610632955345;0;0;1;;
90032154;64085492;2026-07-17;BGH;Früchte + Gemüse;550;044139;1;;kg;Peperoni Mini Mix, 3 kg;11.9;35.7;0.9282;7610632970782;0;0;1;;
90032154;64085492;2026-07-17;BGH;Metzgerei;560;053620;5;;St;Bell Beefsteak Tatar, Portionen, tiefgekühlt, 10 x 140 g;4.41;220.5;5.733;7610011021111;0;0;1;;
90032154;64085492;2026-07-17;BGH;Metzgerei;570;032340;2;;Bt;Pizoler Sauce Steak Tatar, tiefgekühlt, Italien, 6 x 500 g;5.84;70.08;1.82208;7611521933314;0;0;1;;
90032154;64085492;2026-07-17;BGH;Früchte + Gemüse;580;004160;1;;kg;Ditzler Asia-Mix Gemüsemischung, TK, 2 x 2,5 kg;6.88;34.4;0.8944;7610247606595;0;0;1;;
90032154;64085492;2026-07-17;BGH;Früchte + Gemüse;590;043993;2;6;kg;Peperoncini rot, ca. 3 kg;8.6;51.6;1.3416;2960473999998;0;0;1;;
90032154;64085492;2026-07-17;BGH;Food;600;247372;2;;Bi;Mae Ploy Sweet Chili Sauce, 5,9 kg;13.17;26.34;0.68484;8850367990207;0;1;1;;
90032154;64085492;2026-07-17;BGH;Molkerei/Backwaren;610;027580;1;;St;Emmi Kräuterbutter, Stange, 4 x 500 g;12.63;50.52;1.31352;7610900154296;0;0;1;;
90032154;64085492;2026-07-17;BGH;Molkerei/Backwaren;620;027310;2;;kg;Economy Butter, 10 x 1 kg;13.22;264.4;6.8744;7610034508224;0;0;1;;
90032154;64085492;2026-07-17;BGH;Molkerei/Backwaren;630;520169;5;;Tp;Gustovo Eigelb flüssig Schweiz, Freiland, pasteurisiert, 1 kg;11.29;56.45;1.4677;7640138979446;0;0;1;;
90032154;64085492;2026-07-17;BGH;Früchte + Gemüse;640;044156;2;;Bt;Petersilie gekraust, gepackt, 500 g;7.31;14.62;0.38012;7610632995082;0;0;1;;
90032154;64085492;2026-07-17;BGH;Food;650;512610;5;;Ds;Quality Petersilie, luftgetrocknet, 66 g;5.32;26.6;0.6916;7610034518957;0;0;1;;
90032154;64085492;2026-07-17;BGH;Früchte + Gemüse;660;040329;5;;Bt;Basilikum, 1 kg;29.39;146.95;3.8207;7610632989975;0;0;1;;
90032154;64085492;2026-07-17;BGH;Früchte + Gemüse;670;043598;1;;Bt;Minze, 250 g;8.72;8.72;0.22672;7610632977873;0;0;1;;
90032154;64085492;2026-07-17;BGH;Früchte + Gemüse;680;044376;3;;Sc;Natura Bio Sango-Rettichsprossen, 100 g;4.55;13.65;0.3549;7630051906254;0;1;1;;
90032154;64085492;2026-07-17;BGH;Nonfood;690;993331;3;;Pk;Quality Deckel PP zu Salatschale rund 750 ml, Karton zu 6 x 50 Stück;6.72;120.96;9.79776;7610034537132;0;1;8;;
90032154;64085492;2026-07-17;BGH;Metzgerei;700;002092;5;8.328;kg;Kalbs-Unterspälte, enthäutet, ca. 2 kg;39.59;329.70552;8.57234352;97610011044182;0;1;1;;
90032154;64085492;2026-07-17;BGH;Metzgerei;710;002090;1;2.838;kg;Kalbs-Eckstück, ohne Deckel, enthäutet, ca. 2,8 kg;54.95;155.9481;4.0546506;97610011044281;0;0;1;;
90032154;64085492;2026-07-17;BGH;Nonfood;720;985201;1;;Rl;Kehrichtsack OKS mit Zugband 110L Karton zu 15 Rollen zu 10 Stück;3.95;59.25;4.79925;2098520130008;0;0;2;;
90032154;64085492;2026-07-17;BGH;Nonfood;730;987031;1;;Rl;Kehrichtsack mit Zugband SOLO 35 l schwarz Karton zu 20 Rollen zu 20 Stück;2.91;58.2;4.7142;7612417112059;0;0;2;;
90032154;64085492;2026-07-17;BGH;Food;740;400600;3;;Ds;Economy Gurken, längsschnitt, 4 kg;13.37;40.11;1.04286;7610034513204;0;0;1;;
90032154;64085492;2026-07-17;BGH;Früchte + Gemüse;750;042020;4;;St;Gurken 400 - 500 g / St, 4 St;2.06;32.96;0.85696;7610632994153;0;0;1;;
90032154;64085492;2026-07-17;BGH;Früchte + Gemüse;760;045208;1;;kg;Tomaten, rund, 6 kg;4.18;25.08;0.65208;7610632980576;0;0;1;;
90032154;64085492;2026-07-17;BGH;Früchte + Gemüse;761;000079;1;;St;Ifco LiftLock;3.2;3.2;0;2000007960008;0;0;0;;
90032154;64085492;2026-07-17;BGH;Früchte + Gemüse;770;042592;2;;Ds;Knoblauch Original ganz geschält, 1kg;11.01;22.02;0.57252;3700430300004;0;0;7;;
90032154;64085492;2026-07-17;BGH;Früchte + Gemüse;780;000079;3;;St;Ifco LiftLock;3.2;9.6;0;2000007960008;0;0;0;;
90032154;64085492;2026-07-17;BGH;Früchte + Gemüse;790;000079;8;;St;Ifco LiftLock;3.2;25.6;0;2000007960008;0;0;0;;
90032154;64085492;2026-07-17;BGH;Früchte + Gemüse;800;000079;8;;St;Ifco LiftLock;3.2;25.6;0;2000007960008;0;0;0;;
90032154;64080948;2026-07-15;BGH;Früchte + Gemüse;10;000079;-10;;St;Ifco LiftLock;3.2;-32;0;2000007960008;0;0;0;;
90032154;64080948;2026-07-15;BGH;Früchte + Gemüse;10;047821;3;;St;Melonen Charentais, Frankreich, 6 St;3.12;56.16;1.46016;7610632077498;0;0;1;;
90032154;64076172;2026-07-13;BGH;Früchte + Gemüse;10;000079;-9;;St;Ifco LiftLock;3.2;-28.8;0;2000007960008;0;0;0;;
90032154;64076172;2026-07-13;BGH;Molkerei/Backwaren;10;012383;3;4.658;kg;Defendi Gorgonzola San Antonio DOP, 1/4 Laib ca. 1,5 kg;10.84;50.49272;1.31281072;2902117999995;0;1;1;;
90032154;64076172;2026-07-13;BGH;Früchte + Gemüse;20;090140;6;;Bt;Frigemo Regiofrites Bärner TK, 4 x 2,5 kg;15.85;380.4;9.8904;7610078043163;0;0;1;;
90032154;64076172;2026-07-13;BGH;Früchte + Gemüse;30;093791;5;;Gl;Perlen Balsamico-Essig, 200 g;16.91;84.55;2.1983;3467740093926;0;0;1;;
90032154;64076172;2026-07-13;BGH;Molkerei/Backwaren;40;096470;3;;St;Klipfel Hefe Würfel, 24 x 42 g;0.27;19.44;0.50544;3266530042027;0;0;1;;
90032154;64076172;2026-07-13;BGH;Früchte + Gemüse;50;000079;2;;St;Ifco LiftLock;3.2;6.4;0;2000007960008;0;0;0;;
90032154;64076172;2026-07-13;BGH;Metzgerei;480;064130;2;3.37;kg;Enten Brust geräucht, Frankreich, 6 x  ca. 300-350 g;31.88;107.4356;2.7933256;93266981783176;0;0;1;;
90032154;64073168;2026-07-10;BGH;Früchte + Gemüse;10;000079;-19;;St;Ifco LiftLock;3.2;-60.8;0;2000007960008;0;0;0;;
90032154;64073168;2026-07-10;BGH;Metzgerei;10;054356;1;2.56;kg;Quality Thunfisch Filet Mittelstück, ca. 2 kg;32.37;82.8672;2.1545472;2991960999993;0;0;1;;
90032154;64073168;2026-07-10;BGH;Nonfood;10;985201;1;;Rl;Kehrichtsack OKS mit Zugband 110L Karton zu 15 Rollen zu 10 Stück;2.66;39.9;3.2319;2098520130008;0;1;2;;
90032154;64073168;2026-07-10;BGH;Food;20;595351;1;;Ds;Quality MSC Thon hell Yellowfin solid nature, 6 x 1,88 kg;17.84;107.04;2.78304;7610034527263;0;0;1;;
90032154;64073168;2026-07-10;BGH;Nonfood;30;930430;3;;Pk;VC999 Vakuumbeutel, 90 µm, 300 x 400 mm, Pack zu 100 Stück;25.72;77.16;6.24996;7640144910266;0;0;2;;
90032154;64073168;2026-07-10;BGH;Nonfood;40;989630;1;;Rl;Vakuumbeutel-Etiketten +2° rot verpackt in 2 Rollen zu 500 Stück;8.21;16.42;1.33002;7640141940037;0;0;2;;
90032154;64073168;2026-07-10;BGH;Nonfood;50;989380;1;;Rl;Vakuumbeutel Etiketten -18° tiefgekühlt am blau 2 Rollen zu 500 Stück;8.21;16.42;1.33002;7640141940013;0;0;2;;
90032154;64073168;2026-07-10;BGH;Nearfood;60;992093;2;;Pk;Quality Toilettenpapier, 4-lagig, weiss, 160 Blatt, 24 Rl;16.37;32.74;2.65194;7610034532120;0;0;3;;
90032154;64073168;2026-07-10;BGH;Food;70;403500;24;;Tp;Grace Premium Thai Kokosnussmilch, 1 l;4.26;102.24;2.65824;5035139217680;0;1;1;;
90032154;64073168;2026-07-10;BGH;Nonfood;80;999061;1;;Rl;Quality Alufolie, Dispenser, 45 cm x 200 m, 11 µm;38.78;38.78;3.14118;3554983007145;0;0;3;;
90032154;64073168;2026-07-10;BGH;Nonfood;90;999063;3;;Rl;Quality Frischhaltefolie, Dispenser, PVC, 45 cm x 300 m, 7 µm;15.54;46.62;3.77622;3554983014525;0;0;3;;
90032154;64073168;2026-07-10;BGH;Food;100;100070;2;;Lt;Economy Frittieröl, 20 l;4.45;178;4.628;7610034508873;0;0;1;;
90032154;64073168;2026-07-10;BGH;Metzgerei;110;061244;2;;kg;Economy Chicken Nuggets, geformt, paniert, frittiert, tiefgekühlt, 2 x 2,5 kg;8.42;84.2;2.1892;7610162409851;0;0;7;;
90032154;64073168;2026-07-10;BGH;Nearfood;120;993320;2;;Rl;Quality Wischtücher Midi, 2-lagig, weiss, 450 Blatt, 6 Rl;6.78;81.36;6.59016;7610034546196;0;0;3;;
90032154;64073168;2026-07-10;BGH;Nonfood;130;993091;1;;Pk;Quality Salatschale PP rund FSC, 750 ml, Karton zu 6 x 50 Stück;8.31;49.86;4.03866;7610034537118;0;1;8;;
90032154;64073168;2026-07-10;BGH;Nonfood;140;993331;1;;Pk;Quality Deckel PP zu Salatschale rund 750 ml, Karton zu 6 x 50 Stück;6.72;40.32;3.26592;7610034537132;0;1;8;;
90032154;64073168;2026-07-10;BGH;Food;150;403240;4;;Ds;Mae Ploy, Curry Paste rot, 400 g;3.39;13.56;0.35256;044738102346;0;0;1;;
90032154;64073168;2026-07-10;BGH;Früchte + Gemüse;160;043334;2;10;kg;Lattich, 5 kg;4.53;45.3;1.1778;2903904999990;0;0;1;;
90032154;64073168;2026-07-10;BGH;Früchte + Gemüse;161;000079;2;;St;Ifco LiftLock;3.2;6.4;0;2000007960008;0;0;0;;
90032154;64073168;2026-07-10;BGH;Früchte + Gemüse;170;041241;4;;St;Eichblattsalat rot / grün Schweiz Hydro, gemischt, 8 St;2.12;67.84;1.76384;7613399058038;0;0;7;;
90032154;64073168;2026-07-10;BGH;Früchte + Gemüse;171;000079;4;;St;Ifco LiftLock;3.2;12.8;0;2000007960008;0;0;0;;
90032154;64073168;2026-07-10;BGH;Früchte + Gemüse;180;044776;1;;Ki;Schnittsalat Oriental, 800 g;21.15;21.15;0.5499;7610632965849;0;0;1;;
90032154;64073168;2026-07-10;BGH;Metzgerei;190;003691;3;;kg;Goma Wakame Seealgensalat mit Sesam, tiefgekühlt, 1 kg;8.71;26.13;0.67938;4004263279230;0;0;1;;
90032154;64073168;2026-07-10;BGH;Food;200;439780;3;;Pk;Landleben Croûtons Nature, 500 g;7.52;22.56;0.58656;9001411341103;0;0;1;;
90032154;64073168;2026-07-10;BGH;Molkerei/Backwaren;210;024440;3;;Tp;Quality Vollrahm 35%, UHT, 12 x 1 l;5.69;204.84;5.32584;7610034505315;0;1;1;;
90032154;64073168;2026-07-10;BGH;Früchte + Gemüse;220;047958;1;;St;Melonen Galia, 6 Stück;2.34;14.04;0.36504;7610632000373;0;0;1;;
90032154;64073168;2026-07-10;BGH;Früchte + Gemüse;230;048109;1;;kg;Orangen blond, 7 kg;2.12;14.84;0.38584;7610632471906;0;0;1;;
90032154;64073168;2026-07-10;BGH;Früchte + Gemüse;231;000079;1;;St;Ifco LiftLock;3.2;3.2;0;2000007960008;0;0;0;;
90032154;64073168;2026-07-10;BGH;Früchte + Gemüse;240;044540;2;;kg;Rucola / Rauke ungewaschen, 1 kg;12.9;25.8;0.6708;7610514613219;0;0;1;;
90032154;64073168;2026-07-10;BGH;Molkerei/Backwaren;250;022600;1;;Tp;Quality Vollmilch 3,5%, UHT, 12 x 1 l;1.27;15.24;0.39624;7610034507807;0;0;1;;
90032154;64073168;2026-07-10;BGH;Molkerei/Backwaren;260;010002;3;3.188;kg;Economy Gran Moravia, laktosefrei, ca. 1 kg;15.31;48.80828;1.26901528;2882348999998;0;0;7;;
90032154;64073168;2026-07-10;BGH;Früchte + Gemüse;270;040972;2;;kg;Cherry Rispentomaten, 3 kg;9.37;56.22;1.46172;7610632984666;0;0;1;;
90032154;64073168;2026-07-10;BGH;Früchte + Gemüse;271;000079;2;;St;Ifco LiftLock;3.2;6.4;0;2000007960008;0;0;0;;
90032154;64073168;2026-07-10;BGH;Metzgerei;280;053620;2;;St;Bell Beefsteak Tatar, Portionen, tiefgekühlt, 10 x 140 g;4.41;88.2;2.2932;7610011021111;0;0;1;;
90032154;64073168;2026-07-10;BGH;Metzgerei;290;054912;5;25.158;kg;Rinds-Hackfleisch, 5 mm, ca. 5 kg;17.32;435.73656;11.32915056;2962490999999;0;1;1;;
90032154;64073168;2026-07-10;BGH;Metzgerei;300;078256;3;7.433;kg;Quality Hinterschinken Tradition 1/3, ca. 2,4 kg;9.89;73.51237;1.91132162;2946205999993;0;1;1;;
90032154;64073168;2026-07-10;BGH;Metzgerei;310;001494;2;5.18;kg;Bell Poulet-Brust ohne Haut ohne Innenfilet, 150-170 g, ca. 2,5 kg;22.28;115.4104;3.0006704;97610011946196;0;0;1;;
90032154;64073168;2026-07-10;BGH;Metzgerei;320;001992;1;3.062;kg;Quality GGAP Goldbrassen Filet, mit Haut, grätenarm, ca. 90-140 g, ca. 1 kg;27.03;82.76586;2.15191236;97610162283126;0;0;1;;
90032154;64073168;2026-07-10;BGH;Metzgerei;330;001977;1;2.388;kg;Quality GGAP Lachs Filet, ohne Haut, deepskin, grätenarm, ca. 1,2 - 1,4 kg;20.3;48.4764;1.2603864;97610162230472;0;0;1;;
90032154;64073168;2026-07-10;BGH;Metzgerei;340;001976;1;4.93;kg;Quality GGAP Lachs Filet, mit Haut, grätenarm, ca. 1,0 - 1,4 kg;17.62;86.8666;2.2585316;97610162230489;0;0;1;;
90032154;64073168;2026-07-10;BGH;Metzgerei;350;068574;1;;kg;Zander Filet, mit Haut, ca. 40 - 70 g, tiefgekühlt, 5 kg;11.78;58.9;1.5314;7610162296680;0;1;1;;
90032154;64073168;2026-07-10;BGH;Früchte + Gemüse;360;000079;1;;St;Ifco LiftLock;3.2;3.2;0;2000007960008;0;0;0;;
90032154;64073168;2026-07-10;BGH;Früchte + Gemüse;370;000079;1;;St;Ifco LiftLock;3.2;3.2;0;2000007960008;0;0;0;;
90032154;64073168;2026-07-10;BGH;Früchte + Gemüse;380;000079;1;;St;Ifco LiftLock;3.2;3.2;0;2000007960008;0;0;0;;
90032154;64068162;2026-07-08;BGH;Früchte + Gemüse;10;000079;-53;;St;Ifco LiftLock;3.2;-169.6;0;2000007960008;0;0;0;;
90032154;64068162;2026-07-08;BGH;Molkerei/Backwaren;10;027310;2;;kg;Economy Butter, 10 x 1 kg;13.22;264.4;6.8744;7610034508224;0;0;1;;
90032154;64068162;2026-07-08;BGH;Food;10;512160;2;;Ds;Quality Country Potatoes Würzmischung, 520 g;12.2;24.4;0.6344;7610034520295;0;0;1;;
90032154;64068162;2026-07-08;BGH;Metzgerei;20;068639;2;;Sc;MSC Scampi Langustine, ganz, 13/16, tiefgekühlt, 1 kg;18.71;37.42;0.97292;5705510025042;0;0;1;;
90032154;64068162;2026-07-08;BGH;Food;20;349611;2;;Kt;Hardy's Hüppen Topolinos, 300 Stück;33.17;66.34;1.72484;7610666001025;0;0;1;;
90032154;64068162;2026-07-08;BGH;Molkerei/Backwaren;30;027580;1;;St;Emmi Kräuterbutter, Stange, 4 x 500 g;12.63;50.52;1.31352;7610900154296;0;0;1;;
90032154;64068162;2026-07-08;BGH;Früchte + Gemüse;40;046577;1;;St;Avocados essreif, 16 St;1.49;23.84;0.61984;7610632001950;0;1;1;;
90032154;64068162;2026-07-08;BGH;Früchte + Gemüse;50;041241;5;;St;Eichblattsalat rot / grün Schweiz Hydro, gemischt, 8 St;2.12;84.8;2.2048;7613399058038;0;0;7;;
90032154;64068162;2026-07-08;BGH;Früchte + Gemüse;51;000079;5;;St;Ifco LiftLock;3.2;16;0;2000007960008;0;0;0;;
90032154;64068162;2026-07-08;BGH;Food;60;512320;1;;Bt;Quality Salatkräuter, 600 g;13.76;13.76;0.35776;7610034520936;0;0;1;;
90032154;64068162;2026-07-08;BGH;Früchte + Gemüse;70;044776;2;;Ki;Schnittsalat Oriental, 800 g;21.15;42.3;1.0998;7610632965849;0;0;1;;
90032154;64068162;2026-07-08;BGH;Food;80;101612;1;;Fl;Kressi Kräuteressig, 12 x 1 l;3.86;46.32;1.20432;7615200002742;0;0;1;;
90032154;64068162;2026-07-08;BGH;Früchte + Gemüse;90;044540;3;;kg;Rucola / Rauke ungewaschen, 1 kg;12.9;38.7;1.0062;7610514613219;0;0;1;;
90032154;64068162;2026-07-08;BGH;Früchte + Gemüse;100;044643;4;;Bt;Quality Rüebli- Karotten Julienne, 1,6 mm, 1 kg;3.71;14.84;0.38584;7610034507050;0;1;1;;
90032154;64068162;2026-07-08;BGH;Food;110;512530;3;;Ds;Quality Herbes de Provence, 175 g;7.94;23.82;0.61932;7610034518681;0;0;1;;
90032154;64068162;2026-07-08;BGH;Food;120;512360;1;;Ds;Quality Estragon geschnitten, 110 g;10.51;10.51;0.27326;7610034519381;0;0;1;;
90032154;64068162;2026-07-08;BGH;Nonfood;120;962428;40;;St;Costaverde Gourmessa Schale, Ø 7 cm;3.05;122;9.882;5603578090708;0;0;2;;
90032154;64068162;2026-07-08;BGH;Metzgerei;130;002409;4;5.353;kg;Rinds-Filetspitz Kopf II, ca. 1,5 kg;39.5;211.4435;5.497531;97610100000006;0;0;1;;
90032154;64068162;2026-07-08;BGH;Metzgerei;140;001057;2;7.566;kg;Rinds-Entrecote II, enthäutet, gesteakt, ca. 3.3 kg;36.53;276.38598;7.18603548;97610011315633;0;0;1;;
90032154;64068162;2026-07-08;BGH;Molkerei/Backwaren;150;024440;3;;Tp;Quality Vollrahm 35%, UHT, 12 x 1 l;5.69;204.84;5.32584;7610034505315;0;1;1;;
90032154;64068162;2026-07-08;BGH;Molkerei/Backwaren;160;005010;4;;kg;Quality Joghurt Nature, 3 kg;2.44;29.28;0.76128;7610034534230;0;0;7;;
90032154;64068162;2026-07-08;BGH;Molkerei/Backwaren;170;024673;1;;Ke;Quality Crème Fraîche Nature 35%, 2,5 kg;24.51;24.51;0.63726;7610034514973;0;0;1;;
90032154;64068162;2026-07-08;BGH;Früchte + Gemüse;180;042477;4;;Sc;Kefen Mini-Gemüse, 250 g;5.36;21.44;0.55744;7610632991619;0;0;1;;
90032154;64068162;2026-07-08;BGH;Früchte + Gemüse;200;041777;3;;Sc;Fenchel Mini Gemüse, 8 St;6.59;19.77;0.51402;7610632978672;0;0;1;;
90032154;64068162;2026-07-08;BGH;Früchte + Gemüse;210;044139;1;;kg;Peperoni Mini Mix, 3 kg;9.54;28.62;0.74412;7610632970782;0;0;1;;
90032154;64068162;2026-07-08;BGH;Früchte + Gemüse;220;045777;4;;Sc;Zucchetti Mini-Gemüse ohne Blüte, ca. 5 - 6 Stück;7.77;31.08;0.80808;7610632991527;0;0;1;;
90032154;64068162;2026-07-08;BGH;Früchte + Gemüse;230;044667;4;;Sc;Mini Rüebli / Karotten mit Laubansatz, ca. 200 g;7.01;28.04;0.72904;7610632955345;0;0;1;;
90032154;64068162;2026-07-08;BGH;Food;240;510111;2;;Ke;Quality Mayonnaise, 4,75 kg;16.23;32.46;0.84396;7610034512672;0;1;1;;
90032154;64068162;2026-07-08;BGH;Früchte + Gemüse;250;044107;3;;kg;Peperoni Tricolor, Import, 5 kg;4.59;68.85;1.7901;7610632977132;0;0;1;;
90032154;64068162;2026-07-08;BGH;Früchte + Gemüse;251;000079;3;;St;Ifco LiftLock;3.2;9.6;0;2000007960008;0;0;0;;
90032154;64068162;2026-07-08;BGH;Früchte + Gemüse;260;040258;3;;kg;Auberginen, 5 kg;4.47;67.05;1.7433;7610632977057;0;0;1;;
90032154;64068162;2026-07-08;BGH;Früchte + Gemüse;261;000079;3;;St;Ifco LiftLock;3.2;9.6;0;2000007960008;0;0;0;;
90032154;64068162;2026-07-08;BGH;Früchte + Gemüse;270;045708;3;;kg;Zucchetti CH, 5 kg;2.48;37.2;0.9672;7610632980538;0;0;1;;
90032154;64068162;2026-07-08;BGH;Früchte + Gemüse;271;000079;3;;St;Ifco LiftLock;3.2;9.6;0;2000007960008;0;0;0;;
90032154;64068162;2026-07-08;BGH;Früchte + Gemüse;280;040972;3;;kg;Cherry Rispentomaten, 3 kg;9.37;84.33;2.19258;7610632984666;0;0;1;;
90032154;64068162;2026-07-08;BGH;Früchte + Gemüse;281;000079;3;;St;Ifco LiftLock;3.2;9.6;0;2000007960008;0;0;0;;
90032154;64068162;2026-07-08;BGH;Früchte + Gemüse;290;041784;2;14;kg;Fleischtomaten, 7 kg;3.61;50.54;1.31404;2916704999992;0;1;1;;
90032154;64068162;2026-07-08;BGH;Früchte + Gemüse;291;000079;2;;St;Ifco LiftLock;3.2;6.4;0;2000007960008;0;0;0;;
90032154;64068162;2026-07-08;BGH;Food;300;481650;1;;Ds;Mutti Tomatenmark zweifach konzentriert, 6 x 880 g;5.93;35.58;0.92508;08005110020209;0;0;1;;
90032154;64068162;2026-07-08;BGH;Food;310;438073;2;;Sc;Picosa Datteltomaten getrocknet, 1,1 kg;24.12;48.24;1.25424;7610107110569;0;0;1;;
90032154;64068162;2026-07-08;BGH;Früchte + Gemüse;320;048827;3;;kg;Zitronen, 6 kg;3.42;61.56;1.60056;7610632320723;0;0;1;;
90032154;64068162;2026-07-08;BGH;Früchte + Gemüse;321;000079;3;;St;Ifco LiftLock;3.2;9.6;0;2000007960008;0;0;0;;
90032154;64068162;2026-07-08;BGH;Früchte + Gemüse;330;047958;1;;St;Melonen Galia, 6 Stück;2.34;14.04;0.36504;7610632000373;0;0;1;;
90032154;64068162;2026-07-08;BGH;Molkerei/Backwaren;340;013702;1;3.755;kg;Quality Raclette, eckig, 1/2 Laib ca. 3,2 kg;10.82;40.6291;1.0563566;2953272999993;0;0;1;;
90032154;64068162;2026-07-08;BGH;Früchte + Gemüse;350;047754;2;8.4;kg;Limetten / Limes, 4,2 kg;2.67;22.428;0.583128;2905054999998;0;1;1;;
90032154;64068162;2026-07-08;BGH;Früchte + Gemüse;360;043598;2;;Bt;Minze, 250 g;8.72;17.44;0.45344;7610632977873;0;0;1;;
90032154;64068162;2026-07-08;BGH;Food;370;590064;1;;Ds;J Carl Fridlin Salbei erlesen ganz, 60 g;6.6;6.6;0.1716;7617600004180;0;0;1;;
90032154;64068162;2026-07-08;BGH;Früchte + Gemüse;380;044718;2;;Bt;Salbei, 250 g;8.72;17.44;0.45344;7610632969779;0;0;1;;
90032154;64068162;2026-07-08;BGH;Früchte + Gemüse;390;044538;2;;Bt;Rosmarin, 250 g;8.72;17.44;0.45344;7610632969816;0;0;1;;
90032154;64068162;2026-07-08;BGH;Molkerei/Backwaren;400;018780;1;;Be;Züger Mascarpone, 6 x 500 g;5.5;33;0.858;7640101091274;0;0;1;;
90032154;64068162;2026-07-08;BGH;Molkerei/Backwaren;410;010201;10;;Bt;Economy Gran Moravia, gerieben, 1 kg;15.63;156.3;4.0638;4388040201158;0;0;7;;
90032154;64068162;2026-07-08;BGH;Molkerei/Backwaren;420;012201;10;;Bt;Economy Gran Moravia, gehobelt, 500 g;8.7;87;2.262;4388040201172;0;0;7;;
90032154;64068162;2026-07-08;BGH;Früchte + Gemüse;430;049135;7;;kg;Champignons weiss, frisch, 1 kg;8.44;59.08;1.53608;7610632995211;0;0;1;;
90032154;64068162;2026-07-08;BGH;Früchte + Gemüse;440;045916;1;;kg;Zwiebeln rot, 5 kg;2.08;10.4;0.2704;7613399003199;0;1;7;;
90032154;64068162;2026-07-08;BGH;Früchte + Gemüse;450;045882;1;;kg;Zwiebeln gross, 10 kg;2.06;20.6;0.5356;7628072003557;0;0;7;;
90032154;64068162;2026-07-08;BGH;Früchte + Gemüse;451;000079;1;;St;Ifco LiftLock;3.2;3.2;0;2000007960008;0;0;0;;
90032154;64068162;2026-07-08;BGH;Molkerei/Backwaren;460;024790;1;;Ds;Floralp Vollrahm 35%, ohne Zucker, UHT, 6 x 500 g;7.17;43.02;1.11852;7612300013173;0;0;7;;
90032154;64068162;2026-07-08;BGH;Molkerei/Backwaren;470;018891;5;;Ds;Ömür Hirtenkäse 55%, 800 g;9.76;48.8;1.2688;4002566002449;0;0;1;;
90032154;64068162;2026-07-08;BGH;Metzgerei;490;001494;4;10.44;kg;Bell Poulet-Brust ohne Haut ohne Innenfilet, 150-170 g, ca. 2,5 kg;22.28;232.6032;6.0476832;97610011946196;0;0;1;;
90032154;64068162;2026-07-08;BGH;Nearfood;500;993320;4;;Rl;Quality Wischtücher Midi, 2-lagig, weiss, 450 Blatt, 6 Rl;6.78;162.72;13.18032;7610034546196;0;0;3;;
90032154;64068162;2026-07-08;BGH;Früchte + Gemüse;520;090140;3;;Bt;Frigemo Regiofrites Bärner TK, 4 x 2,5 kg;15.85;190.2;4.9452;7610078043163;0;0;1;;
90032154;64068162;2026-07-08;BGH;Food;530;107262;2;;St;Hegnauer Beck Hoteltoast, weiss, 8 x 1 kg;6.33;101.28;2.63328;7610325807500;0;0;1;;
90032154;64068162;2026-07-08;BGH;Nearfood;540;975792;3;;Pk;Quality Einweghandschuhe Nitril, Grösse L, schwarz, 100 St;8.81;26.43;2.14083;7610034546639;0;0;2;;
90032154;64068162;2026-07-08;BGH;Nearfood;550;975782;3;;Pk;Quality Einweghandschuhe Nitril, Grösse M, schwarz, 100 St;8.81;26.43;2.14083;7610034546622;0;0;2;;
90032154;64068162;2026-07-08;BGH;Food;560;511500;1;;Ds;Economy Oliven schwarz entsteint, 3 x 4,25 kg;13.72;41.16;1.07016;7610034524156;0;0;1;;
90032154;64068162;2026-07-08;BGH;Früchte + Gemüse;570;000079;4;;St;Ifco LiftLock;3.2;12.8;0;2000007960008;0;0;0;;
90032154;64068162;2026-07-08;BGH;Food;570;400600;2;;Ds;Economy Gurken, längsschnitt, 4 kg;13.37;26.74;0.69524;7610034513204;0;0;1;;
90032154;64068162;2026-07-08;BGH;Früchte + Gemüse;580;042020;10;;St;Gurken 400 - 500 g / St, 4 St;1.73;69.2;1.7992;7610632994153;0;1;1;;
90032154;64068162;2026-07-08;BGH;Molkerei/Backwaren;590;520169;3;;Tp;Gustovo Eigelb flüssig Schweiz, Freiland, pasteurisiert, 1 kg;11.29;33.87;0.88062;7640138979446;0;0;1;;
90032154;64068162;2026-07-08;BGH;Metzgerei;600;053620;5;;St;Bell Beefsteak Tatar, Portionen, tiefgekühlt, 10 x 140 g;4.41;220.5;5.733;7610011021111;0;0;1;;
90032154;64068162;2026-07-08;BGH;Metzgerei;610;068150;1;;kg;Economy ASC Crevetten Black Tiger, geschält, entdarmt, 8/12, tiefgekühlt, 10 x 1 kg;19.6;196;5.096;7610034523555;0;0;7;;
90032154;64068162;2026-07-08;BGH;Früchte + Gemüse;620;000079;2;;St;Ifco LiftLock;3.2;6.4;0;2000007960008;0;0;0;;
90032154;64068162;2026-07-08;BGH;Früchte + Gemüse;630;000079;7;;St;Ifco LiftLock;3.2;22.4;0;2000007960008;0;0;0;;
90032154;64063670;2026-07-06;BGH;Metzgerei;10;066681;10;;kg;Economy GGAP Rauchlachs, geschnitten, ohne Haut, 1 kg;22.67;226.7;5.8942;5708056010329;0;0;1;;
90032154;64063670;2026-07-06;BGH;Nonfood;10;993091;1;;Pk;Quality Salatschale PP rund FSC, 750 ml, Karton zu 6 x 50 Stück;11.03;66.18;5.36058;7610034537118;0;0;8;;
90032154;64063670;2026-07-06;BGH;Nonfood;20;993331;1;;Pk;Quality Deckel PP zu Salatschale rund 750 ml, Karton zu 6 x 50 Stück;8.81;52.86;4.28166;7610034537132;0;0;8;;
90032154;64063670;2026-07-06;BGH;Metzgerei;30;001057;2;6.994;kg;Rinds-Entrecote II, enthäutet, gesteakt, ca. 3.3 kg;36.53;255.49082;6.64276132;97610011315633;0;0;1;;
90032154;64063670;2026-07-06;BGH;Metzgerei;40;002092;2;4.632;kg;Kalbs-Unterspälte, enthäutet, ca. 2 kg;45.05;208.6716;5.4254616;97610011044182;0;0;1;;
90032154;64063670;2026-07-06;BGH;Food;50;590111;1;;Lt;Quality Sonnenblumenöl, 20 l;4.41;88.2;2.2932;7610034515024;0;0;1;;
90032154;64063670;2026-07-06;BGH;Food;60;396540;4;;Ds;Quality Sardellenfilets in Sonnenblumenöl, 794 g;18.4;73.6;1.9136;7610034517332;0;0;1;;
90032154;64063670;2026-07-06;BGH;Früchte + Gemüse;70;000079;1;;St;Ifco LiftLock;3.2;3.2;0;2000007960008;0;0;0;;
90032154;64061017;2026-07-03;BGH;Früchte + Gemüse;10;000079;-17;;St;Ifco LiftLock;3.2;-54.4;0;2000007960008;0;0;0;;
90032154;64061017;2026-07-03;BGH;Metzgerei;10;001494;4;10.46;kg;Bell Poulet-Brust ohne Haut ohne Innenfilet, 150-170 g, ca. 2,5 kg;22.28;233.0488;6.0592688;97610011946196;0;0;1;;
90032154;64061017;2026-07-03;BGH;Metzgerei;10;002082;4;10.624;kg;Rinds-Hohrücken II spezial, ca. 2,5 kg;30.59;324.98816;8.44969216;97610011016233;0;0;1;;
90032154;64061017;2026-07-03;BGH;Metzgerei;20;002576;4;10.334;kg;Poulet Schenkel Geschnetzeltes, ca. 2.5 kg;16.73;172.88782;4.49508332;2942251999994;0;0;1;;
90032154;64061017;2026-07-03;BGH;Früchte + Gemüse;20;041241;5;;St;Eichblattsalat rot / grün Schweiz Hydro, gemischt, 8 St;1.78;71.2;1.8512;7613399058038;0;1;7;;
90032154;64061017;2026-07-03;BGH;Früchte + Gemüse;21;000079;5;;St;Ifco LiftLock;3.2;16;0;2000007960008;0;0;0;;
90032154;64061017;2026-07-03;BGH;Metzgerei;30;086133;1;1.472;kg;Quality Bündnerfleisch Eckstück, Deutschland/Österreich, 1/2 ca. 1,5 kg;58.91;86.71552;2.25460352;2965474999992;0;0;1;;
90032154;64061017;2026-07-03;BGH;Food;30;510520;7;;Fl;Quality Mayonnaise Squeeze, 865 g;7.66;53.62;1.39412;7610034512658;0;0;1;;
90032154;64061017;2026-07-03;BGH;Metzgerei;40;078255;3;14.442;kg;Quality Hinterschinken Tradition 1/2, ca. 4,6 kg;12.38;178.79196;4.64859096;2950465999990;0;0;1;;
90032154;64061017;2026-07-03;BGH;Nearfood;40;989510;8;;Pk;Duni Servietten, 1/8 Falz, 3-lagig, 40 x 40 cm, weiss, 250 St;13.43;107.44;8.70264;7321012028503;0;0;3;;
90032154;64061017;2026-07-03;BGH;Metzgerei;50;083416;5;4.912;kg;El Campeon Chorizo mild geschält, ca. 950 g;19.79;97.20848;2.52742048;2935701999996;0;1;1;;
90032154;64061017;2026-07-03;BGH;Nearfood;50;992093;1;;Pk;Quality Toilettenpapier, 4-lagig, weiss, 160 Blatt, 24 Rl;16.37;16.37;1.32597;7610034532120;0;0;3;;
90032154;64061017;2026-07-03;BGH;Nonfood;60;930430;2;;Pk;VC999 Vakuumbeutel, 90 µm, 300 x 400 mm, Pack zu 100 Stück;25.72;51.44;4.16664;7640144910266;0;0;2;;
90032154;64061017;2026-07-03;BGH;Nearfood;60;997030;1;;Kt;Quality Handtuch V-Falz, 2-lagig, weiss, 12 x 175 St;30.11;30.11;2.43891;7610034509603;0;0;3;;
90032154;64061017;2026-07-03;BGH;Nonfood;70;902275;8;;Pk;Trinkhalm Papier, schwarz, 21 cm, Ø 6 mm, Pack zu 150 Stück;4.33;34.64;2.80584;7610588101964;0;0;3;;
90032154;64061017;2026-07-03;BGH;Food;90;108030;6;;Sc;Coppenrath Cookies Choco Herzen, 200 St;22.31;133.86;3.48036;04006952618207;0;0;1;;
90032154;64061017;2026-07-03;BGH;Früchte + Gemüse;100;521631;4;;kg;Ponthier Passionsfrucht Pürée, 1 kg;16.37;65.48;1.70248;3228170865404;0;0;1;;
90032154;64061017;2026-07-03;BGH;Nearfood;110;975943;6;;Pk;Cotonette Wischtuch, blau, 60 x 38 cm, 50 St;12.14;72.84;5.90004;5425035596079;0;0;3;;
90032154;64061017;2026-07-03;BGH;Früchte + Gemüse;130;044776;2;;Ki;Schnittsalat Oriental, 800 g;21.15;42.3;1.0998;7610632965849;0;0;1;;
90032154;64061017;2026-07-03;BGH;Früchte + Gemüse;140;044540;4;;kg;Rucola / Rauke ungewaschen, 1 kg;12.9;51.6;1.3416;7610514613219;0;0;1;;
90032154;64061017;2026-07-03;BGH;Früchte + Gemüse;150;040258;2;;kg;Auberginen, 5 kg;4.06;40.6;1.0556;7610632977057;0;1;1;;
90032154;64061017;2026-07-03;BGH;Früchte + Gemüse;151;000079;2;;St;Ifco LiftLock;3.2;6.4;0;2000007960008;0;0;0;;
90032154;64061017;2026-07-03;BGH;Früchte + Gemüse;160;044107;3;;kg;Peperoni Tricolor, Import, 5 kg;4.69;70.35;1.8291;7610632977132;0;0;1;;
90032154;64061017;2026-07-03;BGH;Früchte + Gemüse;161;000079;3;;St;Ifco LiftLock;3.2;9.6;0;2000007960008;0;0;0;;
90032154;64061017;2026-07-03;BGH;Früchte + Gemüse;170;040972;4;;kg;Cherry Rispentomaten, 3 kg;9.37;112.44;2.92344;7610632984666;0;0;1;;
90032154;64061017;2026-07-03;BGH;Früchte + Gemüse;171;000079;4;;St;Ifco LiftLock;3.2;12.8;0;2000007960008;0;0;0;;
90032154;64061017;2026-07-03;BGH;Früchte + Gemüse;180;045208;1;;kg;Tomaten, rund, 6 kg;3.27;19.62;0.51012;7610632980576;0;1;1;;
90032154;64061017;2026-07-03;BGH;Früchte + Gemüse;181;000079;1;;St;Ifco LiftLock;3.2;3.2;0;2000007960008;0;0;0;;
90032154;64061017;2026-07-03;BGH;Früchte + Gemüse;190;045708;3;;kg;Zucchetti CH, 5 kg;2.48;37.2;0.9672;7610632980538;0;0;1;;
90032154;64061017;2026-07-03;BGH;Früchte + Gemüse;191;000079;3;;St;Ifco LiftLock;3.2;9.6;0;2000007960008;0;0;0;;
90032154;64061017;2026-07-03;BGH;Molkerei/Backwaren;200;008700;1;;kg;Quality Vollei flüssig Import, Bodenhaltung, pasteurisiert, 10 kg;6.44;64.4;1.6744;4388040268236;0;0;1;;
90032154;64061017;2026-07-03;BGH;Molkerei/Backwaren;210;520169;5;;Tp;Gustovo Eigelb flüssig Schweiz, Freiland, pasteurisiert, 1 kg;11.29;56.45;1.4677;7640138979446;0;0;1;;
90032154;64061017;2026-07-03;BGH;Früchte + Gemüse;220;049135;6;;kg;Champignons weiss, frisch, 1 kg;8.44;50.64;1.31664;7610632995211;0;0;1;;
90032154;64061017;2026-07-03;BGH;Früchte + Gemüse;230;042020;4;;St;Gurken 400 - 500 g / St, 4 St;2.06;32.96;0.85696;7610632994153;0;0;1;;
90032154;64061017;2026-07-03;BGH;Früchte + Gemüse;240;044643;3;;Bt;Quality Rüebli- Karotten Julienne, 1,6 mm, 1 kg;4.7;14.1;0.3666;7610034507050;0;0;1;;
90032154;64061017;2026-07-03;BGH;Früchte + Gemüse;250;048827;2;;kg;Zitronen, 6 kg;3.42;41.04;1.06704;7610632320723;0;0;1;;
90032154;64061017;2026-07-03;BGH;Früchte + Gemüse;251;000079;2;;St;Ifco LiftLock;3.2;6.4;0;2000007960008;0;0;0;;
90032154;64061017;2026-07-03;BGH;Früchte + Gemüse;260;048109;1;;kg;Orangen blond, 7 kg;2.12;14.84;0.38584;7610632471906;0;0;1;;
90032154;64061017;2026-07-03;BGH;Früchte + Gemüse;261;000079;1;;St;Ifco LiftLock;3.2;3.2;0;2000007960008;0;0;0;;
90032154;64061017;2026-07-03;BGH;Früchte + Gemüse;270;047754;2;8.4;kg;Limetten / Limes, 4,2 kg;3.18;26.712;0.694512;2905054999998;0;0;1;;
90032154;64061017;2026-07-03;BGH;Früchte + Gemüse;280;040329;5;;Bt;Basilikum, 1 kg;29.39;146.95;3.8207;7610632989975;0;0;1;;
90032154;64061017;2026-07-03;BGH;Molkerei/Backwaren;290;010201;10;;Bt;Economy Gran Moravia, gerieben, 1 kg;15.63;156.3;4.0638;4388040201158;0;0;7;;
90032154;64061017;2026-07-03;BGH;Molkerei/Backwaren;300;012201;10;;Bt;Economy Gran Moravia, gehobelt, 500 g;8.7;87;2.262;4388040201172;0;0;7;;
90032154;64061017;2026-07-03;BGH;Molkerei/Backwaren;310;095210;2;;St;Eier Import, Bodenhaltung, 53g+, 90 Stück;0.29;52.2;1.3572;7640104163138;0;1;1;;
90032154;64061017;2026-07-03;BGH;Molkerei/Backwaren;320;024440;5;;Tp;Quality Vollrahm 35%, UHT, 12 x 1 l;5.84;350.4;9.1104;7610034505315;0;0;1;;
90032154;64061017;2026-07-03;BGH;Früchte + Gemüse;330;090140;4;;Bt;Frigemo Regiofrites Bärner TK, 4 x 2,5 kg;15.85;253.6;6.5936;7610078043163;0;0;1;;
90032154;64061017;2026-07-03;BGH;Früchte + Gemüse;340;043507;4;;Bt;Maiskolben Mini, 250 g;8.01;32.04;0.83304;7640138832031;0;0;7;;
90032154;64061017;2026-07-03;BGH;Früchte + Gemüse;350;042477;4;;Sc;Kefen Mini-Gemüse, 250 g;5.36;21.44;0.55744;7610632991619;0;0;1;;
90032154;64061017;2026-07-03;BGH;Früchte + Gemüse;360;091930;1;;kg;Ditzler Brunoise Gemüse, assortiert, TK, 4 x 1,25 kg;6.1;30.5;0.793;7610247002038;0;0;1;;
90032154;64061017;2026-07-03;BGH;Früchte + Gemüse;370;044257;2;;Bd;Radiesli, 2 Bund;2.53;10.12;0.26312;7610632985120;0;0;1;;
90032154;64061017;2026-07-03;BGH;Früchte + Gemüse;380;044667;4;;Sc;Mini Rüebli / Karotten mit Laubansatz, ca. 200 g;7.01;28.04;0.72904;7610632955345;0;0;1;;
90032154;64061017;2026-07-03;BGH;Früchte + Gemüse;390;041777;3;;Sc;Fenchel Mini Gemüse, 8 St;6.59;19.77;0.51402;7610632978672;0;0;1;;
90032154;64061017;2026-07-03;BGH;Früchte + Gemüse;400;045777;2;;Sc;Zucchetti Mini-Gemüse ohne Blüte, ca. 5 - 6 Stück;7.77;15.54;0.40404;7610632991527;0;0;1;;
90032154;64061017;2026-07-03;BGH;Metzgerei;410;066681;10;;kg;Economy GGAP Rauchlachs, geschnitten, ohne Haut, 1 kg;22.67;226.7;5.8942;5708056010329;0;0;1;;
90032154;64061017;2026-07-03;BGH;Metzgerei;420;001976;1;3.698;kg;Quality GGAP Lachs Filet, mit Haut, grätenarm, ca. 1,0 - 1,4 kg;17.92;66.26816;1.72297216;97610162230489;0;0;1;;
90032154;64061017;2026-07-03;BGH;Metzgerei;430;001977;1;2.546;kg;Quality GGAP Lachs Filet, ohne Haut, deepskin, grätenarm, ca. 1,2 - 1,4 kg;18.71;47.63566;1.23852716;97610162230472;0;1;1;;
90032154;64061017;2026-07-03;BGH;Früchte + Gemüse;440;046909;1;;kg;Birchermüesli Extra fixfertig, 3 kg;10.37;31.11;0.80886;7610227917123;0;0;7;;
90032154;64061017;2026-07-03;BGH;Food;450;512570;1;;Ds;Quality Muskatnuss gemahlen, 400 g;18.34;18.34;0.47684;7610034518766;0;0;1;;
90032154;64061017;2026-07-03;BGH;Früchte + Gemüse;460;042592;2;;Ds;Knoblauch Original ganz geschält, 1kg;11.01;22.02;0.57252;3700430300004;0;0;7;;
90032154;64061017;2026-07-03;BGH;Früchte + Gemüse;470;047821;1;;St;Melonen Charentais, Frankreich, 6 St;2.48;14.88;0.38688;7610632077498;0;1;1;;
90032154;64061017;2026-07-03;BGH;Metzgerei;480;068151;7;;kg;Economy ASC Crevetten Black Tiger, geschält, entdarmt, 8/12, tiefgekühlt, 1 kg;20.69;144.83;3.76558;7610034523548;0;0;7;;
90032154;64061017;2026-07-03;BGH;Metzgerei;490;068141;2;;kg;Economy ASC Crevetten Black Tiger, easy peel, entdarmt, 8/12, tiefgekühlt, 1 kg;18.71;37.42;0.97292;7610034523524;0;0;7;;
90032154;64061017;2026-07-03;BGH;Früchte + Gemüse;500;044166;3;;Bt;Petersilie glatt Liscio gepackt, 500 g;7.31;21.93;0.57018;7610632980170;0;0;1;;
90032154;64061017;2026-07-03;BGH;Food;510;512610;4;;Ds;Quality Petersilie, luftgetrocknet, 66 g;4.36;17.44;0.45344;7610034518957;0;1;1;;
90032154;64061017;2026-07-03;BGH;Food;520;560280;2;;kg;JuraSel Speisesalz mit Jod, 25 kg;0.69;34.5;0.897;7610039000242;0;0;1;;
90032154;64061017;2026-07-03;BGH;Food;530;513820;1;;Ds;Himalaya Salz, 900 g;8.89;8.89;0.23114;7617600004012;0;0;1;;
90032154;64061017;2026-07-03;BGH;Früchte + Gemüse;540;000079;3;;St;Ifco LiftLock;3.2;9.6;0;2000007960008;0;0;0;;
90032154;64061017;2026-07-03;BGH;Früchte + Gemüse;550;000079;3;;St;Ifco LiftLock;3.2;9.6;0;2000007960008;0;0;0;;
90032154;64061017;2026-07-03;BGH;Früchte + Gemüse;560;000079;12;;St;Ifco LiftLock;3.2;38.4;0;2000007960008;0;0;0;;
90032154;64055752;2026-07-01;BGH;Früchte + Gemüse;10;000079;-34;;St;Ifco LiftLock;3.2;-108.8;0;2000007960008;0;0;0;;
90032154;64055752;2026-07-01;BGH;Früchte + Gemüse;10;043333;1;2;kg;Lattich, 2 kg;5.13;10.26;0.26676;2903903999991;0;0;1;;
90032154;64055752;2026-07-01;BGH;Früchte + Gemüse;11;000079;1;;St;Ifco LiftLock;3.2;3.2;0;2000007960008;0;0;0;;
90032154;64055752;2026-07-01;BGH;Metzgerei;20;082312;2;1.747;kg;Quality Chorizo pikant geschält, ca. 1 kg;20.3;35.4641;0.9220666;2951561999990;0;0;1;;
90032154;64055752;2026-07-01;BGH;Molkerei/Backwaren;30;024673;1;;Ke;Quality Crème Fraîche Nature 35%, 2,5 kg;24.51;24.51;0.63726;7610034514973;0;0;1;;
90032154;64055752;2026-07-01;BGH;Metzgerei;40;078255;3;14.914;kg;Quality Hinterschinken Tradition 1/2, ca. 4,6 kg;12.38;184.63532;4.80051832;2950465999990;0;0;1;;
90032154;64055752;2026-07-01;BGH;Früchte + Gemüse;60;049135;6;;kg;Champignons weiss, frisch, 1 kg;8.44;50.64;1.31664;7610632995211;0;0;1;;
90032154;64055752;2026-07-01;BGH;Metzgerei;70;001977;1;4.104;kg;Quality GGAP Lachs Filet, ohne Haut, deepskin, grätenarm, ca. 1,2 - 1,4 kg;18.71;76.78584;1.99643184;97610162230472;0;1;1;;
90032154;64055752;2026-07-01;BGH;Metzgerei;80;001976;1;4.59;kg;Quality GGAP Lachs Filet, mit Haut, grätenarm, ca. 1,0 - 1,4 kg;17.92;82.2528;2.1385728;97610162230489;0;0;1;;
90032154;64055752;2026-07-01;BGH;Nonfood;90;993032;4;;Pk;Quality Besteckset Holz FSC 3 in 1 Pack zu 100 Set;13.03;52.12;4.22172;7610034528123;0;0;3;;
90032154;64055752;2026-07-01;BGH;Nearfood;100;992093;1;;Pk;Quality Toilettenpapier, 4-lagig, weiss, 160 Blatt, 24 Rl;16.37;16.37;1.32597;7610034532120;0;0;3;;
90032154;64055752;2026-07-01;BGH;Nonfood;110;928112;4;;St;Campingaz Kartusche C206;2.76;11.04;0.89424;3138520268444;0;1;2;;
90032154;64055752;2026-07-01;BGH;Früchte + Gemüse;120;047754;1;4.2;kg;Limetten / Limes, 4,2 kg;3.18;13.356;0.347256;2905054999998;0;0;1;;
90032154;64055752;2026-07-01;BGH;Molkerei/Backwaren;130;022591;2;;Tp;Oatly Haferdrink Barista, 6 x 1 l;3.39;40.68;1.05768;27394376616505;0;0;1;;
90032154;64055752;2026-07-01;BGH;Nonfood;140;928090;1;;Bl;Staedtler Marker permanent, 5 mm, assortiert, Blister zu 4 Stück;10.53;10.53;0.85293;4007817350010;0;0;2;;
90032154;64055752;2026-07-01;BGH;Nearfood;150;894024;1;;Pk;Hansaplast Wundspray, 50ml;6.99;6.99;0.56619;9005800299303;0;0;3;;
90032154;64055752;2026-07-01;BGH;Nearfood;160;894020;1;;Pk;Hansaplast Selbsthaftender Fingerverband, 2.5 cm x 5 m;5.21;5.21;0.42201;4005900670946;0;0;2;;
90032154;64055752;2026-07-01;BGH;Nearfood;170;894250;1;;Pk;Hansaplast Pflaster Finger Strips, 2 x 16 Stück;3.66;7.32;0.59292;4005808694624;0;0;2;;
90032154;64055752;2026-07-01;BGH;Nearfood;180;894240;1;;Pk;Hansaplast Pflaster Universal Meter, 2 x 1 m x 6 cm;3.94;7.88;0.63828;7615500203375;0;0;2;;
90032154;64055752;2026-07-01;BGH;Früchte + Gemüse;190;043598;2;;Bt;Minze, 250 g;8.72;17.44;0.45344;7610632977873;0;0;1;;
90032154;64055752;2026-07-01;BGH;Früchte + Gemüse;200;046922;2;;Sc;Blueberries, 500 g;5.65;11.3;0.2938;7610632010297;0;0;1;;
90032154;64055752;2026-07-01;BGH;Früchte + Gemüse;210;047138;2;;Sc;Erdbeeren Import, 500 g;5.83;11.66;0.30316;7610632070444;0;0;1;;
90032154;64055752;2026-07-01;BGH;Food;220;115261;2;;Lt;Quality Sonnenblumenöl High Oleic, 20 l;4.45;178;4.628;7610034515123;0;0;1;;
90032154;64055752;2026-07-01;BGH;Food;230;115081;2;;Lt;Quality Frito 2000 Gold, Frittieröl, 20 l;4.91;196.4;5.1064;7610034515079;0;0;1;;
90032154;64055752;2026-07-01;BGH;Food;240;511500;1;;Ds;Economy Oliven schwarz entsteint, 3 x 4,25 kg;13.72;41.16;1.07016;7610034524156;0;0;1;;
90032154;64055752;2026-07-01;BGH;Food;250;438073;1;;Sc;Picosa Datteltomaten getrocknet, 1,1 kg;24.12;24.12;0.62712;7610107110569;0;0;1;;
90032154;64055752;2026-07-01;BGH;Früchte + Gemüse;260;042020;9;;St;Gurken 400 - 500 g / St, 4 St;2.06;74.16;1.92816;7610632994153;0;0;1;;
90032154;64055752;2026-07-01;BGH;Food;270;400600;2;;Ds;Economy Gurken, längsschnitt, 4 kg;13.37;26.74;0.69524;7610034513204;0;0;1;;
90032154;64055752;2026-07-01;BGH;Molkerei/Backwaren;280;024440;2;;Tp;Quality Vollrahm 35%, UHT, 12 x 1 l;5.84;140.16;3.64416;7610034505315;0;0;1;;
90032154;64055752;2026-07-01;BGH;Molkerei/Backwaren;290;018891;4;;Ds;Ömür Hirtenkäse 55%, 800 g;9.76;39.04;1.01504;4002566002449;0;0;1;;
90032154;64055752;2026-07-01;BGH;Molkerei/Backwaren;300;020201;6;;Be;Granarolo Mascarpone 38%, 500 g;5.93;35.58;0.92508;8002670002027;0;0;1;;
90032154;64055752;2026-07-01;BGH;Früchte + Gemüse;310;046577;1;;St;Avocados essreif, 16 St;1.82;29.12;0.75712;7610632001950;0;0;1;;
90032154;64055752;2026-07-01;BGH;Früchte + Gemüse;320;044139;1;;kg;Peperoni Mini Mix, 3 kg;9.54;28.62;0.74412;7610632970782;0;0;1;;
90032154;64055752;2026-07-01;BGH;Früchte + Gemüse;330;047821;1;;St;Melonen Charentais, Frankreich, 6 St;2.48;14.88;0.38688;7610632077498;0;1;1;;
90032154;64055752;2026-07-01;BGH;Früchte + Gemüse;350;043993;1;3;kg;Peperoncini rot, ca. 3 kg;9.31;27.93;0.72618;2960473999998;0;0;1;;
90032154;64055752;2026-07-01;BGH;Metzgerei;360;002409;1;1.449;kg;Rinds-Filetspitz Kopf II, ca. 1,5 kg;39.5;57.2355;1.488123;97610100000006;0;0;1;;
90032154;64055752;2026-07-01;BGH;Metzgerei;370;054913;1;5.018;kg;Rinds-Hackfleisch, 8 mm, ca. 5 kg;18.32;91.92976;2.39017376;2962493999996;0;0;1;;
90032154;64055752;2026-07-01;BGH;Früchte + Gemüse;380;000079;3;;St;Ifco LiftLock;3.2;9.6;0;2000007960008;0;0;0;;
90032154;64055752;2026-07-01;BGH;Früchte + Gemüse;390;000079;6;;St;Ifco LiftLock;3.2;19.2;0;2000007960008;0;0;0;;
90032154;64043426;2026-06-26;BGH;Früchte + Gemüse;10;000079;-46;;St;Ifco LiftLock;3.2;-147.2;0;2000007960008;0;0;0;;
90032154;64043426;2026-06-26;BGH;Nearfood;10;811410;2;;Sa;Reosal Regeneriersalz fein, 25 kg;9.79;19.58;1.58598;7610039000204;0;1;2;;
90032154;64043426;2026-06-26;BGH;Nearfood;10;973660;1;;Rl;Quality Toilettenpapier, 3-lagig, weiss, 250 Blatt, 8 x 8 Rl;0.6;38.4;3.1104;7610034536470;0;0;8;;
90032154;64043426;2026-06-26;BGH;Food;30;510121;2;;Ke;Quality Mayonnaise, 10 kg;44.69;89.38;2.32388;7610034512689;0;0;1;;
90032154;64043426;2026-06-26;BGH;Food;50;510520;13;;Fl;Quality Mayonnaise Squeeze, 865 g;7.49;97.37;2.53162;7610034512658;0;0;1;;
90032154;64043426;2026-06-26;BGH;Food;60;513820;3;;Ds;Himalaya Salz, 900 g;8.89;26.67;0.69342;7617600004012;0;0;1;;
90032154;64043426;2026-06-26;BGH;Metzgerei;70;078255;4;19.2;kg;Quality Hinterschinken Tradition 1/2, ca. 4,6 kg;12.38;237.696;6.180096;2950465999990;0;0;1;;
90032154;64043426;2026-06-26;BGH;Metzgerei;80;082312;4;3.616;kg;Quality Chorizo pikant geschält, ca. 1 kg;20.3;73.4048;1.9085248;2951561999990;0;0;1;;
90032154;64043426;2026-06-26;BGH;Früchte + Gemüse;90;049135;15;;kg;Champignons weiss, frisch, 1 kg;6.83;102.45;2.6637;7610632995211;0;1;1;;
90032154;64043426;2026-06-26;BGH;Früchte + Gemüse;110;040972;4;;kg;Cherry Rispentomaten, 3 kg;9.25;111;2.886;7610632984666;0;0;1;;
90032154;64043426;2026-06-26;BGH;Früchte + Gemüse;111;000079;4;;St;Ifco LiftLock;3.2;12.8;0;2000007960008;0;0;0;;
90032154;64043426;2026-06-26;BGH;Früchte + Gemüse;120;041781;4;;kg;Fleischtomaten, 3 kg;4.5;54;1.404;7613399060178;0;1;7;;
90032154;64043426;2026-06-26;BGH;Früchte + Gemüse;121;000079;4;;St;Ifco LiftLock;3.2;12.8;0;2000007960008;0;0;0;;
90032154;64043426;2026-06-26;BGH;Food;130;438073;1;;Sc;Picosa Datteltomaten getrocknet, 1,1 kg;24.12;24.12;0.62712;7610107110569;0;0;1;;
90032154;64043426;2026-06-26;BGH;Molkerei/Backwaren;140;005010;3;;kg;Quality Joghurt Nature, 3 kg;2;18;0.468;7610034534230;0;1;7;;
90032154;64043426;2026-06-26;BGH;Früchte + Gemüse;150;044107;3;;kg;Peperoni Tricolor, Import, 5 kg;2.92;43.8;1.1388;7610632977132;0;1;1;;
90032154;64043426;2026-06-26;BGH;Früchte + Gemüse;151;000079;3;;St;Ifco LiftLock;3.2;9.6;0;2000007960008;0;0;0;;
90032154;64043426;2026-06-26;BGH;Food;160;595491;1;;Ds;Quality MSC Thon hell Yellowfin, solid, in Sonnenblumenöl, 6 x 1,88 kg;20.08;120.48;3.13248;7610034529731;0;0;1;;
90032154;64043426;2026-06-26;BGH;Nearfood;170;815179;1;;Bx;Persil Professional Pulver, Universal, 130 WG;66.31;66.31;5.37111;4015200037387;0;0;2;;
90032154;64043426;2026-06-26;BGH;Molkerei/Backwaren;180;024440;4;;Tp;Quality Vollrahm 35%, UHT, 12 x 1 l;5.84;280.32;7.28832;7610034505315;0;0;1;;
90032154;64043426;2026-06-26;BGH;Molkerei/Backwaren;190;096400;2;;St;Backhefe, Würfel, 24 x 42 g;0.29;13.92;0.36192;7610926000515;0;0;1;;
90032154;64043426;2026-06-26;BGH;Molkerei/Backwaren;200;008700;2;;kg;Quality Vollei flüssig Import, Bodenhaltung, pasteurisiert, 10 kg;6.44;128.8;3.3488;4388040268236;0;0;1;;
90032154;64043426;2026-06-26;BGH;Molkerei/Backwaren;210;010201;10;;Bt;Economy Gran Moravia, gerieben, 1 kg;15.63;156.3;4.0638;4388040201158;0;0;7;;
90032154;64043426;2026-06-26;BGH;Molkerei/Backwaren;220;010257;1;2.098;kg;Quality Grana Padano DOP, ca. 2 kg;20.07;42.10686;1.09477836;2328096999991;0;0;1;;
90032154;64043426;2026-06-26;BGH;Früchte + Gemüse;230;048827;3;;kg;Zitronen, 6 kg;3.32;59.76;1.55376;7610632320723;0;1;1;;
90032154;64043426;2026-06-26;BGH;Früchte + Gemüse;231;000079;3;;St;Ifco LiftLock;3.2;9.6;0;2000007960008;0;0;0;;
90032154;64043426;2026-06-26;BGH;Früchte + Gemüse;240;041241;6;;St;Eichblattsalat rot / grün Schweiz Hydro, gemischt, 8 St;2.12;101.76;2.64576;7613399058038;0;0;7;;
90032154;64043426;2026-06-26;BGH;Früchte + Gemüse;241;000079;6;;St;Ifco LiftLock;3.2;19.2;0;2000007960008;0;0;0;;
90032154;64043426;2026-06-26;BGH;Früchte + Gemüse;250;040329;4;;Bt;Basilikum, 1 kg;29.39;117.56;3.05656;7610632989975;0;0;1;;
90032154;64043426;2026-06-26;BGH;Früchte + Gemüse;260;044643;5;;Bt;Quality Rüebli- Karotten Julienne, 1,6 mm, 1 kg;4.7;23.5;0.611;7610034507050;0;0;1;;
90032154;64043426;2026-06-26;BGH;Früchte + Gemüse;270;042015;20;;St;Natura Bio Gurke, 300-400 g;3.12;62.4;1.6224;7610632984741;0;0;1;;
90032154;64043426;2026-06-26;BGH;Früchte + Gemüse;280;041786;4;28;kg;Fleischtomaten Kaliber 77-87 mm, 7 kg;4.47;125.16;3.25416;2916705999991;0;0;1;;
90032154;64043426;2026-06-26;BGH;Früchte + Gemüse;290;040972;1;;kg;Cherry Rispentomaten, 3 kg;9.25;27.75;0.7215;7610632984666;0;0;1;;
90032154;64043426;2026-06-26;BGH;Früchte + Gemüse;291;000079;1;;St;Ifco LiftLock;3.2;3.2;0;2000007960008;0;0;0;;
90032154;64043426;2026-06-26;BGH;Früchte + Gemüse;300;043334;1;5;kg;Lattich, 5 kg;4.53;22.65;0.5889;2903904999990;0;0;1;;
90032154;64043426;2026-06-26;BGH;Früchte + Gemüse;301;000079;1;;St;Ifco LiftLock;3.2;3.2;0;2000007960008;0;0;0;;
90032154;64043426;2026-06-26;BGH;Früchte + Gemüse;310;048109;1;;kg;Orangen blond, 7 kg;2.12;14.84;0.38584;7610632471906;0;0;1;;
90032154;64043426;2026-06-26;BGH;Früchte + Gemüse;311;000079;1;;St;Ifco LiftLock;3.2;3.2;0;2000007960008;0;0;0;;
90032154;64043426;2026-06-26;BGH;Molkerei/Backwaren;320;027310;1;;kg;Economy Butter, 10 x 1 kg;13.22;132.2;3.4372;7610034508224;0;0;1;;
90032154;64043426;2026-06-26;BGH;Metzgerei;330;001494;3;7.545;kg;Bell Poulet-Brust ohne Haut ohne Innenfilet, 150-170 g, ca. 2,5 kg;22.28;168.1026;4.3706676;97610011946196;0;0;1;;
90032154;64043426;2026-06-26;BGH;Food;340;403500;12;;Tp;Grace Premium Thai Kokosnussmilch, 1 l;4.7;56.4;1.4664;5035139217680;0;0;1;;
90032154;64043426;2026-06-26;BGH;Molkerei/Backwaren;350;012971;1;1.081;kg;Nuss Käse, 1/1 Laib ca. 1 kg;24.95;26.97095;0.7012447;2935031999994;0;0;1;;
90032154;64043426;2026-06-26;BGH;Metzgerei;360;078299;1;1.495;kg;Quality Truten Brust geräucht, gekocht, Frankreich, 1/3, ca. 1,3 kg;19.11;28.56945;0.7428057;2949556999995;0;0;1;;
90032154;64043426;2026-06-26;BGH;Metzgerei;370;086133;1;1.629;kg;Quality Bündnerfleisch Eckstück, Deutschland/Österreich, 1/2 ca. 1,5 kg;58.91;95.96439;2.49507414;2965474999992;0;0;1;;
90032154;64043426;2026-06-26;BGH;Metzgerei;380;087180;1;1.494;kg;Ferrarini Bresaola Punta d'anca 1/2, ca. 1,6 kg;48.5;72.459;1.883934;2914867999996;0;1;1;;
90032154;64043426;2026-06-26;BGH;Molkerei/Backwaren;390;010131;1;;Pk;Berner Alphobelkäse AOP, gerollt, 600 g;27.67;27.67;0.71942;7600400001121;0;0;1;;
90032154;64043426;2026-06-26;BGH;Molkerei/Backwaren;400;012383;1;1.75;kg;Defendi Gorgonzola San Antonio DOP, 1/4 Laib ca. 1,5 kg;15.46;27.055;0.70343;2902117999995;0;0;1;;
90032154;64043426;2026-06-26;BGH;Molkerei/Backwaren;410;013702;1;3.37;kg;Quality Raclette, eckig, 1/2 Laib ca. 3,2 kg;10.82;36.4634;0.9480484;2953272999993;0;0;1;;
90032154;64043426;2026-06-26;BGH;Früchte + Gemüse;420;042477;5;;Sc;Kefen Mini-Gemüse, 250 g;5.36;26.8;0.6968;7610632991619;0;0;1;;
90032154;64043426;2026-06-26;BGH;Früchte + Gemüse;430;041777;5;;Sc;Fenchel Mini Gemüse, 8 St;6.59;32.95;0.8567;7610632978672;0;0;1;;
90032154;64043426;2026-06-26;BGH;Früchte + Gemüse;440;043957;4;;Sc;Patisson Mini Gemüse, ca. 9 St;7.31;29.24;0.76024;7610632991541;0;0;1;;
90032154;64043426;2026-06-26;BGH;Früchte + Gemüse;450;046594;1;;Be;Avocado Purée / Guacamole, 500 g;5.64;5.64;0.14664;8436008521063;0;1;1;;
90032154;64043426;2026-06-26;BGH;Molkerei/Backwaren;460;099231;2;;St;Romer's Schraubenbrot dunkel, vorgebacken, tiefgekühlt, 5 x 240 g;2.07;20.7;0.5382;7611075119592;0;0;1;;
90032154;64043426;2026-06-26;BGH;Früchte + Gemüse;470;046909;1;;kg;Birchermüesli Extra fixfertig, 3 kg;10.37;31.11;0.80886;7610227917123;0;0;7;;
90032154;64043426;2026-06-26;BGH;Food;480;153062;3;;Pk;Thomy Sauce Hollandaise, 1 l;10.15;30.45;0.7917;7610100021190;0;0;1;;
90032154;64043426;2026-06-26;BGH;Früchte + Gemüse;490;044540;2;;kg;Rucola / Rauke ungewaschen, 1 kg;12.9;25.8;0.6708;7610514613219;0;0;1;;
90032154;64043426;2026-06-26;BGH;Früchte + Gemüse;500;044776;1;;Ki;Schnittsalat Oriental, 800 g;21.15;21.15;0.5499;7610632965849;0;0;1;;
90032154;64043426;2026-06-26;BGH;Food;510;595350;2;;Ds;Quality MSC Thon hell Yellowfin solid nature, 1,88 kg;17.84;35.68;0.92768;7610034527256;0;0;1;;
90032154;64043426;2026-06-26;BGH;Früchte + Gemüse;520;044166;2;;Bt;Petersilie glatt Liscio gepackt, 500 g;7.31;14.62;0.38012;7610632980170;0;0;1;;
90032154;64043426;2026-06-26;BGH;Früchte + Gemüse;530;040258;2;;kg;Auberginen, 5 kg;4.77;47.7;1.2402;7610632977057;0;0;1;;
90032154;64043426;2026-06-26;BGH;Früchte + Gemüse;531;000079;2;;St;Ifco LiftLock;3.2;6.4;0;2000007960008;0;0;0;;
90032154;64043426;2026-06-26;BGH;Molkerei/Backwaren;540;025020;3;;Kt;Kaffeerahm Portionen ohne Logo, UHT, 200 x 12 g;12.07;36.21;0.94146;7610900008056;0;0;1;;
90032154;64043426;2026-06-26;BGH;Früchte + Gemüse;550;040401;1;;kg;Baked Potatoes, festkochend, 10 kg;2.24;22.4;0.5824;7628072012900;0;0;1;;
90032154;64043426;2026-06-26;BGH;Früchte + Gemüse;551;000079;1;;St;Ifco LiftLock;3.2;3.2;0;2000007960008;0;0;0;;
90032154;64043426;2026-06-26;BGH;Food;560;234790;3;;kg;Carnaroli Risottoreis, 5 kg;3.42;51.3;1.3338;7610815101835;0;1;1;;
90032154;64043426;2026-06-26;BGH;Food;570;391200;1;;kg;Economy Langkornreis Parboiled, 10 kg;1.5;15;0.39;7610034535756;0;0;1;;
90032154;64043426;2026-06-26;BGH;Früchte + Gemüse;580;044667;5;;Sc;Mini Rüebli / Karotten mit Laubansatz, ca. 200 g;7.01;35.05;0.9113;7610632955345;0;0;1;;
90032154;64043426;2026-06-26;BGH;Früchte + Gemüse;590;045882;1;;kg;Zwiebeln gross, 10 kg;2.24;22.4;0.5824;7628072003557;0;0;7;;
90032154;64043426;2026-06-26;BGH;Früchte + Gemüse;591;000079;1;;St;Ifco LiftLock;3.2;3.2;0;2000007960008;0;0;0;;
90032154;64043426;2026-06-26;BGH;Food;600;439760;2;;Pk;Landleben Croûtons Zwiebeln/Knoblauch, 500 g;7.52;15.04;0.39104;9001411341004;0;0;1;;
90032154;64043426;2026-06-26;BGH;Metzgerei;610;002409;2;3.094;kg;Rinds-Filetspitz Kopf II, ca. 1,5 kg;39.5;122.213;3.177538;97610100000006;0;0;1;;
90032154;64043426;2026-06-26;BGH;Metzgerei;620;002071;2;4.172;kg;Rinds-Filet, ca. 2 kg;69.8;291.2056;7.5713456;97610011014666;0;0;1;;
90032154;64043426;2026-06-26;BGH;Metzgerei;630;002090;2;6.014;kg;Kalbs-Eckstück, ohne Deckel, enthäutet, ca. 2,8 kg;45.53;273.81742;7.11925292;97610011044281;0;1;1;;
90032154;64043426;2026-06-26;BGH;Metzgerei;640;002092;4;9.445;kg;Kalbs-Unterspälte, enthäutet, ca. 2 kg;38.6;364.577;9.479002;97610011044182;0;1;1;;
90032154;64043426;2026-06-26;BGH;Metzgerei;650;054945;4;10.056;kg;Rinds-Hackfleisch 8mm, ca. 2,5 kg;18.71;188.14776;4.89184176;2907350999993;0;0;1;;
90032154;64043426;2026-06-26;BGH;Metzgerei;660;053620;2;;St;Bell Beefsteak Tatar, Portionen, tiefgekühlt, 10 x 140 g;4.41;88.2;2.2932;7610011021111;0;0;1;;
90032154;64043426;2026-06-26;BGH;Food;670;511500;1;;Ds;Economy Oliven schwarz entsteint, 3 x 4,25 kg;13.72;41.16;1.07016;7610034524156;0;0;1;;
90032154;64043426;2026-06-26;BGH;Nearfood;680;993320;1;;Rl;Quality Wischtücher Midi, 2-lagig, weiss, 450 Blatt, 6 Rl;6.78;40.68;3.29508;7610034546196;0;0;3;;
90032154;64043426;2026-06-26;BGH;Metzgerei;700;001057;2;7.198;kg;Rinds-Entrecote II, enthäutet, gesteakt, ca. 3.3 kg;36.53;262.94294;6.83651644;97610011315633;0;0;1;;
90032154;64043426;2026-06-26;BGH;Früchte + Gemüse;710;047138;2;;Sc;Erdbeeren Import, 500 g;4.46;8.92;0.23192;7610632070444;0;1;1;;
90032154;64043426;2026-06-26;BGH;Früchte + Gemüse;720;043598;2;;Bt;Minze, 250 g;7.28;14.56;0.37856;7610632977873;0;1;1;;
90032154;64043426;2026-06-26;BGH;Metzgerei;740;073346;9;;Pa;Quality Cervelas, 6 x 200 g;2.03;109.62;2.85012;7610162216091;0;0;1;;
90032154;64043426;2026-06-26;BGH;Metzgerei;750;001977;1;1.864;kg;Quality GGAP Lachs Filet, ohne Haut, deepskin, grätenarm, ca. 1,2 - 1,4 kg;21.48;40.03872;1.04100672;97610162230472;0;0;1;;
90032154;64043426;2026-06-26;BGH;Metzgerei;760;002454;1;3.086;kg;Quality Lachsforellen Filet, mit Haut, grätenarm, ca. 130 - 180 g, ca. 1 kg;21.58;66.59588;1.73149288;97610162250661;0;0;1;;
90032154;64043426;2026-06-26;BGH;Metzgerei;770;001992;1;5.1;kg;Quality GGAP Goldbrassen Filet, mit Haut, grätenarm, ca. 90-140 g, ca. 1 kg;22.67;115.617;3.006042;97610162283126;0;1;1;;
90032154;64043426;2026-06-26;BGH;Molkerei/Backwaren;780;010455;1;2.251;kg;Cremo Greyerzer AOP, classic, ca. 2 kg;16.74;37.68174;0.97972524;2987945999997;0;0;1;;
90032154;64043426;2026-06-26;BGH;Metzgerei;790;001633;2;;St;Bell Merguez roh, Europa, 20 x 35 g;0.84;33.6;0.8736;7610162311512;0;0;1;;
90032154;64043426;2026-06-26;BGH;Metzgerei;800;052428;6;9.173;kg;Origine Weiderind Breite Huft enthäutet, ca. 1,5 kg;38.6;354.0778;9.2060228;2906142999999;0;1;1;;
90032154;64043426;2026-06-26;BGH;Nonfood;810;993090;2;;Pk;Quality Salatschale PP rund FSC, 750 ml, Pack zu 50 Stück;11.03;22.06;1.78686;7610034537101;0;0;8;;
90032154;64043426;2026-06-26;BGH;Nonfood;820;993330;2;;Pk;Quality Deckel PP zu Salatschale rund 750 ml, Pack zu 50 Stück;8.81;17.62;1.42722;7610034537125;0;0;8;;
90032154;64043426;2026-06-26;BGH;Früchte + Gemüse;830;000079;2;;St;Ifco LiftLock;3.2;6.4;0;2000007960008;0;0;0;;
90032154;64043426;2026-06-26;BGH;Früchte + Gemüse;840;000079;5;;St;Ifco LiftLock;3.2;16;0;2000007960008;0;0;0;;
90032154;64043426;2026-06-26;BGH;Früchte + Gemüse;850;000079;8;;St;Ifco LiftLock;3.2;25.6;0;2000007960008;0;0;0;;
90032154;64030685;2026-06-19;BGH;Früchte + Gemüse;10;000079;-28;;St;Ifco LiftLock;3.2;-89.6;0;2000007960008;0;0;0;;
90032154;64030685;2026-06-19;BGH;Metzgerei;10;082312;3;2.62;kg;Quality Chorizo pikant geschält, ca. 1 kg;21.09;55.2558;1.4366508;2951561999990;0;0;1;;
90032154;64030685;2026-06-19;BGH;Food;10;107262;2;;St;Hegnauer Beck Hoteltoast, weiss, 8 x 1 kg;6.33;101.28;2.63328;7610325807500;0;0;1;;
90032154;64030685;2026-06-19;BGH;Metzgerei;20;068150;2;;kg;Economy ASC Crevetten Black Tiger, geschält, entdarmt, 8/12, tiefgekühlt, 10 x 1 kg;19.6;392;10.192;7610034523555;0;0;7;;
90032154;64030685;2026-06-19;BGH;Früchte + Gemüse;30;090140;3;;Bt;Frigemo Regiofrites Bärner TK, 4 x 2,5 kg;15.85;190.2;4.9452;7610078043163;0;0;1;;
90032154;64030685;2026-06-19;BGH;Früchte + Gemüse;40;042020;12;;St;Gurken 400 - 500 g / St, 4 St;1.68;80.64;2.09664;7610632994153;0;1;1;;
90032154;64030685;2026-06-19;BGH;Food;50;400600;1;;Ds;Economy Gurken, längsschnitt, 4 kg;13.37;13.37;0.34762;7610034513204;0;0;1;;
90032154;64030685;2026-06-19;BGH;Molkerei/Backwaren;60;024440;3;;Tp;Quality Vollrahm 35%, UHT, 12 x 1 l;5.84;210.24;5.46624;7610034505315;0;0;1;;
90032154;64030685;2026-06-19;BGH;Food;70;438073;2;;Sc;Picosa Datteltomaten getrocknet, 1,1 kg;24.12;48.24;1.25424;7610107110569;0;0;1;;
90032154;64030685;2026-06-19;BGH;Molkerei/Backwaren;80;012383;1;1.576;kg;Defendi Gorgonzola San Antonio DOP, 1/4 Laib ca. 1,5 kg;15.46;24.36496;0.63348896;2902117999995;0;0;1;;
90032154;64030685;2026-06-19;BGH;Food;90;403500;12;;Tp;Grace Premium Thai Kokosnussmilch, 1 l;4.7;56.4;1.4664;5035139217680;0;0;1;;
90032154;64030685;2026-06-19;BGH;Wein;100;639240;1;;Bx;Montagne Belle Allure Vin Rouge, 10 l BiB;21.78;21.78;1.76418;7610593204872;0;0;3;;
90032154;64030685;2026-06-19;BGH;Metzgerei;130;002454;1;5.23;kg;Quality Lachsforellen Filet, mit Haut, grätenarm, ca. 130 - 180 g, ca. 1 kg;17.72;92.6756;2.4095656;97610162250661;0;1;1;;
90032154;64030685;2026-06-19;BGH;Food;140;372171;3;;Bt;Quality Cashew Nüsse, 1 kg;14.77;44.31;1.15206;7610034535206;0;0;1;;
90032154;64030685;2026-06-19;BGH;Metzgerei;150;001977;1;3.708;kg;Quality GGAP Lachs Filet, ohne Haut, deepskin, grätenarm, ca. 1,2 - 1,4 kg;21.48;79.64784;2.07084384;97610162230472;0;0;1;;
90032154;64030685;2026-06-19;BGH;Food;160;115081;2;;Lt;Quality Frito 2000 Gold, Frittieröl, 20 l;4.91;196.4;5.1064;7610034515079;0;0;1;;
90032154;64030685;2026-06-19;BGH;Molkerei/Backwaren;170;022600;2;;Tp;Quality Vollmilch 3,5%, UHT, 12 x 1 l;1.27;30.48;0.79248;7610034507807;0;0;1;;
90032154;64030685;2026-06-19;BGH;Molkerei/Backwaren;180;010201;7;;Bt;Economy Gran Moravia, gerieben, 1 kg;15.63;109.41;2.84466;4388040201158;0;0;7;;
90032154;64030685;2026-06-19;BGH;Molkerei/Backwaren;190;012201;5;;Bt;Economy Gran Moravia, gehobelt, 500 g;8.7;43.5;1.131;4388040201172;0;0;7;;
90032154;64030685;2026-06-19;BGH;Früchte + Gemüse;200;049135;10;;kg;Champignons weiss, frisch, 1 kg;8.44;84.4;2.1944;7610632995211;0;0;1;;
90032154;64030685;2026-06-19;BGH;Food;210;438421;1;;Ds;Picosa Champignons Hôtel geschnitten, 6 x 800 g;2.77;16.62;0.43212;7610473011231;0;1;1;;
90032154;64030685;2026-06-19;BGH;Früchte + Gemüse;220;047821;1;;St;Melonen Charentais, Frankreich, 6 St;3.51;21.06;0.54756;7610632077498;0;0;1;;
90032154;64030685;2026-06-19;BGH;Früchte + Gemüse;230;041241;5;;St;Eichblattsalat rot / grün Schweiz Hydro, gemischt, 8 St;2.12;84.8;2.2048;7613399058038;0;0;7;;
90032154;64030685;2026-06-19;BGH;Früchte + Gemüse;231;000079;5;;St;Ifco LiftLock;3.2;16;0;2000007960008;0;0;0;;
90032154;64030685;2026-06-19;BGH;Früchte + Gemüse;240;044776;1;;Ki;Schnittsalat Oriental, 800 g;21.15;21.15;0.5499;7610632965849;0;0;1;;
90032154;64030685;2026-06-19;BGH;Food;260;439780;4;;Pk;Landleben Croûtons Nature, 500 g;7.52;30.08;0.78208;9001411341103;0;0;1;;
90032154;64030685;2026-06-19;BGH;Food;270;399051;1;;Bi;Del Duca Aceto Balsamico di Modena IGP, 3 l;31.75;31.75;0.8255;8000224005043;0;0;1;;
90032154;64030685;2026-06-19;BGH;Früchte + Gemüse;280;044540;3;;kg;Rucola / Rauke ungewaschen, 1 kg;12.9;38.7;1.0062;7610514613219;0;0;1;;
90032154;64030685;2026-06-19;BGH;Molkerei/Backwaren;290;096400;1;;St;Backhefe, Würfel, 24 x 42 g;0.29;6.96;0.18096;7610926000515;0;0;1;;
90032154;64030685;2026-06-19;BGH;Früchte + Gemüse;300;521631;3;;kg;Ponthier Passionsfrucht Pürée, 1 kg;16.37;49.11;1.27686;3228170865404;0;0;1;;
90032154;64030685;2026-06-19;BGH;Früchte + Gemüse;310;047138;4;;Sc;Erdbeeren Import, 500 g;5.83;23.32;0.60632;7610632070444;0;0;1;;
90032154;64030685;2026-06-19;BGH;Früchte + Gemüse;320;044107;1;;kg;Peperoni Tricolor, Import, 5 kg;3.71;18.55;0.4823;7610632977132;0;0;1;;
90032154;64030685;2026-06-19;BGH;Früchte + Gemüse;321;000079;1;;St;Ifco LiftLock;3.2;3.2;0;2000007960008;0;0;0;;
90032154;64030685;2026-06-19;BGH;Früchte + Gemüse;330;043598;3;;Bt;Minze, 250 g;7.28;21.84;0.56784;7610632977873;0;1;1;;
90032154;64030685;2026-06-19;BGH;Früchte + Gemüse;340;046922;3;;Sc;Blueberries, 500 g;4.46;13.38;0.34788;7610632010297;0;1;1;;
90032154;64030685;2026-06-19;BGH;Früchte + Gemüse;350;045708;1;;kg;Zucchetti CH, 5 kg;3.65;18.25;0.4745;7610632980538;0;0;1;;
90032154;64030685;2026-06-19;BGH;Früchte + Gemüse;351;000079;1;;St;Ifco LiftLock;3.2;3.2;0;2000007960008;0;0;0;;
90032154;64030685;2026-06-19;BGH;Früchte + Gemüse;370;040972;4;;kg;Cherry Rispentomaten, 3 kg;9.41;112.92;2.93592;7610632984666;0;0;1;;
90032154;64030685;2026-06-19;BGH;Metzgerei;370;064130;1;1.554;kg;Enten Brust geräucht, Frankreich, 6 x  ca. 300-350 g;31.88;49.54152;1.28807952;93266981783176;0;0;1;;
90032154;64030685;2026-06-19;BGH;Früchte + Gemüse;371;000079;4;;St;Ifco LiftLock;3.2;12.8;0;2000007960008;0;0;0;;
90032154;64030685;2026-06-19;BGH;Früchte + Gemüse;380;047754;2;8.4;kg;Limetten / Limes, 4,2 kg;2.77;23.268;0.604968;2905054999998;0;0;1;;
90032154;64030685;2026-06-19;BGH;Molkerei/Backwaren;390;024673;1;;Ke;Quality Crème Fraîche Nature 35%, 2,5 kg;24.51;24.51;0.63726;7610034514973;0;0;1;;
90032154;64030685;2026-06-19;BGH;Früchte + Gemüse;400;046594;3;;Be;Avocado Purée / Guacamole, 500 g;5.64;16.92;0.43992;8436008521063;0;1;1;;
90032154;64030685;2026-06-19;BGH;Metzgerei;420;078255;3;14.18;kg;Quality Hinterschinken Tradition 1/2, ca. 4,6 kg;12.38;175.5484;4.5642584;2950465999990;0;0;1;;
90032154;64030685;2026-06-19;BGH;Metzgerei;430;086133;2;3.231;kg;Quality Bündnerfleisch Eckstück, Deutschland/Österreich, 1/2 ca. 1,5 kg;58.91;190.33821;4.94879346;2965474999992;0;0;1;;
90032154;64030685;2026-06-19;BGH;Food;440;234790;6;;kg;Carnaroli Risottoreis, 5 kg;4.43;132.9;3.4554;7610815101835;0;0;1;;
90032154;64030685;2026-06-19;BGH;Metzgerei;450;081540;2;5.307;kg;Quality Bratspeck ohne Schwarte, ohne Knorpel, 1/1, ca. 3 kg;12.46;66.12522;1.71925572;2945670999996;0;1;1;;
90032154;64030685;2026-06-19;BGH;Früchte + Gemüse;460;047376;4;;Sc;Himbeeren, Import, 250 g;5.19;20.76;0.53976;7628072012603;0;0;1;;
90032154;64030685;2026-06-19;BGH;Früchte + Gemüse;470;092505;1;;kg;Economy Himbeeren, TK, 2 x 2,5 kg;12.64;63.2;1.6432;7610034512085;0;0;1;;
90032154;64030685;2026-06-19;BGH;Früchte + Gemüse;480;046240;2;;St;Ananas Schiff, ca. 1,5 kg;3.51;7.02;0.18252;5425003611179;0;0;1;;
90032154;64030685;2026-06-19;BGH;Früchte + Gemüse;490;046646;1;;kg;Max Havelaar Bananen, Farbe 4, 2 kg;3.77;7.54;0.19604;7613399059851;0;0;7;;
90032154;64030685;2026-06-19;BGH;Früchte + Gemüse;491;000079;1;;St;Ifco LiftLock;3.2;3.2;0;2000007960008;0;0;0;;
90032154;64030685;2026-06-19;BGH;Food;500;115261;2;;Lt;Quality Sonnenblumenöl High Oleic, 20 l;3.36;134.4;3.4944;7610034515123;0;1;1;;
90032154;64030685;2026-06-19;BGH;Food;510;102950;2;;kg;Quality Suisse Garantie Paniermehl hell, 5 kg;3.56;35.6;0.9256;7610034519701;0;1;1;;
90032154;64030685;2026-06-19;BGH;Früchte + Gemüse;520;040329;5;;Bt;Basilikum, 1 kg;29.39;146.95;3.8207;7610632989975;0;0;1;;
90032154;64030685;2026-06-19;BGH;Früchte + Gemüse;530;044156;2;;Bt;Petersilie gekraust, gepackt, 500 g;7.31;14.62;0.38012;7610632995082;0;0;1;;
90032154;64030685;2026-06-19;BGH;Molkerei/Backwaren;540;025020;3;;Kt;Kaffeerahm Portionen ohne Logo, UHT, 200 x 12 g;12.07;36.21;0.94146;7610900008056;0;0;1;;
90032154;64030685;2026-06-19;BGH;Nonfood;550;996832;2;;Bl;Varta Batterie Longlife Power C/LR14, Blister zu 4 Stück;9.92;19.84;1.60704;4008496128228;0;0;8;;
90032154;64030685;2026-06-19;BGH;Nonfood;560;950095;1;;Bl;Varta Batterie Longlife D/LR20, Blister zu 2 Stück;5.48;5.48;0.44388;4008496128518;0;0;2;;
90032154;64030685;2026-06-19;BGH;Früchte + Gemüse;570;004910;3;;St;Le Dragon Frühlingsrollen mit Gemüse, vegi, TK, 40 x 50 g / 2 kg;0.67;80.4;2.0904;7610294806931;0;0;1;;
90032154;64030685;2026-06-19;BGH;Metzgerei;580;068576;1;;kg;Zander Filet Royal, mit Haut, ca. 140 - 160 g, tiefgekühlt, 5 kg;24.65;123.25;3.2045;7610162240645;0;0;1;;
90032154;64030685;2026-06-19;BGH;Food;590;396371;4;;Ds;Raimond Frères Thon Tongol hell in Sonnenblumenöl, 5 x 100 g;1.62;32.4;0.8424;7615900629706;0;0;1;;
90032154;64030685;2026-06-19;BGH;Früchte + Gemüse;600;043957;5;;Sc;Patisson Mini Gemüse, ca. 9 St;7.31;36.55;0.9503;7610632991541;0;0;1;;
90032154;64030685;2026-06-19;BGH;Früchte + Gemüse;610;041777;5;;Sc;Fenchel Mini Gemüse, 8 St;6.59;32.95;0.8567;7610632978672;0;0;1;;
90032154;64030685;2026-06-19;BGH;Früchte + Gemüse;620;045777;5;;Sc;Zucchetti Mini-Gemüse ohne Blüte, ca. 5 - 6 Stück;7.77;38.85;1.0101;7610632991527;0;0;1;;
90032154;64030685;2026-06-19;BGH;Früchte + Gemüse;630;044139;1;;kg;Peperoni Mini Mix, 3 kg;9.54;28.62;0.74412;7610632970782;0;0;1;;
90032154;64030685;2026-06-19;BGH;Früchte + Gemüse;640;044667;5;;Sc;Mini Rüebli / Karotten mit Laubansatz, ca. 200 g;7.01;35.05;0.9113;7610632955345;0;0;1;;
90032154;64030685;2026-06-19;BGH;Food;650;590111;1;;Lt;Quality Sonnenblumenöl, 20 l;4.41;88.2;2.2932;7610034515024;0;0;1;;
90032154;64030685;2026-06-19;BGH;Früchte + Gemüse;660;044538;2;;Bt;Rosmarin, 250 g;8.72;17.44;0.45344;7610632969816;0;0;1;;
90032154;64030685;2026-06-19;BGH;Früchte + Gemüse;670;045186;1;;Bd;Thymian Bund, 80 g;4.18;4.18;0.10868;7610632942604;0;0;1;;
90032154;64030685;2026-06-19;BGH;Früchte + Gemüse;680;041226;1;;Bd;Dill Bund, 80 g;4.18;4.18;0.10868;7610632941904;0;0;1;;
90032154;64030685;2026-06-19;BGH;Früchte + Gemüse;690;044720;4;;Bd;Salbei Bund, 80 g;4.18;16.72;0.43472;7610632942598;0;0;1;;
90032154;64030685;2026-06-19;BGH;Früchte + Gemüse;700;043502;4;;Sc;Microgreen Duo, 80 g;4.95;19.8;0.5148;7630051908470;0;0;7;;
90032154;64030685;2026-06-19;BGH;Molkerei/Backwaren;710;027310;1;;kg;Economy Butter, 10 x 1 kg;13.22;132.2;3.4372;7610034508224;0;0;1;;
90032154;64030685;2026-06-19;BGH;Molkerei/Backwaren;720;029921;2;;Pk;Kräuterbutter, Rosetten, 30 x 10 g;13.87;27.74;0.72124;7611243459154;0;0;1;;
90032154;64030685;2026-06-19;BGH;Früchte + Gemüse;730;093791;5;;Gl;Perlen Balsamico-Essig, 200 g;16.91;84.55;2.1983;3467740093926;0;0;1;;
90032154;64030685;2026-06-19;BGH;Food;740;564040;3;;Gl;Bosco d'oro Carpaccio, aus Sommertrüffeln, schwarz, 45 g;18.74;56.22;1.46172;8032680690549;0;0;1;;
90032154;64030685;2026-06-19;BGH;Food;750;564090;2;;Fl;Bosco d'oro Olivenöl mit Trüffelaroma, 250 ml;18.62;37.24;0.96824;8032680690303;0;0;1;;
90032154;64030685;2026-06-19;BGH;Metzgerei;760;068574;2;;kg;Zander Filet, mit Haut, ca. 40 - 70 g, tiefgekühlt, 5 kg;13.76;137.6;3.5776;7610162296680;0;0;1;;
90032154;64030685;2026-06-19;BGH;Molkerei/Backwaren;770;018891;10;;Ds;Ömür Hirtenkäse 55%, 800 g;9.76;97.6;2.5376;4002566002449;0;0;1;;
90032154;64030685;2026-06-19;BGH;Früchte + Gemüse;780;044107;3;;kg;Peperoni Tricolor, Import, 5 kg;3.71;55.65;1.4469;7610632977132;0;0;1;;
90032154;64030685;2026-06-19;BGH;Früchte + Gemüse;781;000079;3;;St;Ifco LiftLock;3.2;9.6;0;2000007960008;0;0;0;;
90032154;64030685;2026-06-19;BGH;Früchte + Gemüse;790;045708;3;;kg;Zucchetti CH, 5 kg;3.65;54.75;1.4235;7610632980538;0;0;1;;
90032154;64030685;2026-06-19;BGH;Früchte + Gemüse;791;000079;3;;St;Ifco LiftLock;3.2;9.6;0;2000007960008;0;0;0;;
90032154;64030685;2026-06-19;BGH;Molkerei/Backwaren;800;520169;2;;Tp;Gustovo Eigelb flüssig Schweiz, Freiland, pasteurisiert, 1 kg;11.29;22.58;0.58708;7640138979446;0;0;1;;
90032154;64030685;2026-06-19;BGH;Food;810;511500;1;;Ds;Economy Oliven schwarz entsteint, 3 x 4,25 kg;13.72;41.16;1.07016;7610034524156;0;0;1;;
90032154;64030685;2026-06-19;BGH;Food;820;252870;1;;Sa;Maggi Sauce Demi Glace, 3,5 kg;58.01;58.01;1.50826;9002100007683;0;1;1;;
90032154;64030685;2026-06-19;BGH;Nonfood;830;911011;1;;St;Weitafresh Frischhaltefolie Premium PE, Dispenser, 45 cm x 300 m, 10 µm;17.62;17.62;1.42722;7610588102329;0;0;3;;
90032154;64030685;2026-06-19;BGH;Nonfood;840;999063;4;;Rl;Quality Frischhaltefolie, Dispenser, PVC, 45 cm x 300 m, 7 µm;15.54;62.16;5.03496;3554983014525;0;0;3;;
90032154;64030685;2026-06-19;BGH;Food;850;247372;1;;Bi;Mae Ploy Sweet Chili Sauce, 5,9 kg;16.71;16.71;0.43446;8850367990207;0;0;1;;
90032154;64030685;2026-06-19;BGH;Früchte + Gemüse;860;048827;1;;kg;Zitronen, 6 kg;3.32;19.92;0.51792;7610632320723;0;1;1;;
90032154;64030685;2026-06-19;BGH;Früchte + Gemüse;861;000079;1;;St;Ifco LiftLock;3.2;3.2;0;2000007960008;0;0;0;;
90032154;64030685;2026-06-19;BGH;Früchte + Gemüse;870;004910;3;;St;Le Dragon Frühlingsrollen mit Gemüse, vegi, TK, 40 x 50 g / 2 kg;0.67;80.4;2.0904;7610294806931;0;0;1;;
90032154;64030685;2026-06-19;BGH;Früchte + Gemüse;880;004910;4;;St;Le Dragon Frühlingsrollen mit Gemüse, vegi, TK, 40 x 50 g / 2 kg;0.67;107.2;2.7872;7610294806931;0;0;1;;
90032154;64030685;2026-06-19;BGH;Metzgerei;890;053620;2;;St;Bell Beefsteak Tatar, Portionen, tiefgekühlt, 10 x 140 g;4.41;88.2;2.2932;7610011021111;0;0;1;;
90032154;64030685;2026-06-19;BGH;Metzgerei;900;054886;1;5.026;kg;Rinds-Voressen II, ca. 5 kg;17.81;89.51306;2.32733956;2906422999992;0;1;1;;
90032154;64030685;2026-06-19;BGH;Früchte + Gemüse;910;000079;2;;St;Ifco LiftLock;3.2;6.4;0;2000007960008;0;0;0;;
90032154;64030685;2026-06-19;BGH;Früchte + Gemüse;920;000079;7;;St;Ifco LiftLock;3.2;22.4;0;2000007960008;0;0;0;;
90032154;64030685;2026-06-19;BGH;Früchte + Gemüse;930;000079;13;;St;Ifco LiftLock;3.2;41.6;0;2000007960008;0;0;0;;
90032154;64025483;2026-06-17;BGH;Früchte + Gemüse;10;000079;-43;;St;Ifco LiftLock;3.2;-137.6;0;2000007960008;0;0;0;;
90032154;64025483;2026-06-17;BGH;Metzgerei;10;002409;4;6.078;kg;Rinds-Filetspitz Kopf II, ca. 1,5 kg;39.5;240.081;6.242106;97610100000006;0;0;1;;
90032154;64025483;2026-06-17;BGH;Metzgerei;10;053630;2;;St;Bell Beefsteak Tatar, Portionen, tiefgekühlt, 20 x 70 g;2.38;95.2;2.4752;7610788768554;0;0;1;;
90032154;64025483;2026-06-17;BGH;Food;10;334121;2;;Fl;Carma Topping Chocolate, kalt oder warm anwendbar, 1 kg;9.35;18.7;0.4862;7610315602214;0;0;1;;
90032154;64025483;2026-06-17;BGH;Metzgerei;20;002092;2;5.27;kg;Kalbs-Unterspälte, enthäutet, ca. 2 kg;44.06;232.1962;6.0371012;97610011044182;0;0;1;;
90032154;64025483;2026-06-17;BGH;Metzgerei;20;032340;1;;Bt;Pizoler Sauce Steak Tatar, tiefgekühlt, Italien, 6 x 500 g;5.84;35.04;0.91104;7611521933314;0;0;1;;
90032154;64025483;2026-06-17;BGH;Food;20;108030;2;;Sc;Coppenrath Cookies Choco Herzen, 200 St;22.31;44.62;1.16012;04006952618207;0;0;1;;
90032154;64025483;2026-06-17;BGH;Metzgerei;30;002094;2;3.59;kg;Kalbs-Nuss, ohne Schale, enthäutet, ca. 1,5 kg;47.03;168.8377;4.3897802;97610011044298;0;0;1;;
90032154;64025483;2026-06-17;BGH;Nearfood;30;993320;3;;Rl;Quality Wischtücher Midi, 2-lagig, weiss, 450 Blatt, 6 Rl;4.74;85.32;6.91092;7610034546196;0;1;3;;
90032154;64025483;2026-06-17;BGH;Metzgerei;40;001057;2;7.366;kg;Rinds-Entrecote II, enthäutet, gesteakt, ca. 3.3 kg;36.53;269.07998;6.99607948;97610011315633;0;0;1;;
90032154;64025483;2026-06-17;BGH;Früchte + Gemüse;40;091930;2;;kg;Ditzler Brunoise Gemüse, assortiert, TK, 4 x 1,25 kg;5.1;51;1.326;7610247002038;0;1;1;;
90032154;64025483;2026-06-17;BGH;Metzgerei;50;081540;3;7.727;kg;Quality Bratspeck ohne Schwarte, ohne Knorpel, 1/1, ca. 3 kg;12.46;96.27842;2.50323892;2945670999996;0;1;1;;
90032154;64025483;2026-06-17;BGH;Food;60;246320;1;;Ds;Parmadoro Tomatenpüree zweifach konzentriert, 850 g;5.76;34.56;0.89856;7614200510349;0;1;1;;
90032154;64025483;2026-06-17;BGH;Nonfood;70;981727;6;;Pk;Tragtasche Kraft Uni 22 x 28 cm Pack zu 50 Stück;16.74;100.44;8.13564;4002911871874;0;0;3;;
90032154;64025483;2026-06-17;BGH;Nearfood;80;992093;2;;Pk;Quality Toilettenpapier, 4-lagig, weiss, 160 Blatt, 24 Rl;14.44;28.88;2.33928;7610034532120;0;1;3;;
90032154;64025483;2026-06-17;BGH;Nearfood;90;997030;2;;Kt;Quality Handtuch V-Falz, 2-lagig, weiss, 12 x 175 St;24.05;48.1;3.8961;7610034509603;0;1;3;;
90032154;64025483;2026-06-17;BGH;Nearfood;100;989510;6;;Pk;Duni Servietten, 1/8 Falz, 3-lagig, 40 x 40 cm, weiss, 250 St;13.38;80.28;6.50268;7321012028503;0;0;3;;
90032154;64025483;2026-06-17;BGH;Nonfood;110;930959;3;;Pk;Olympia Laminierfolie A4, 80 micro, Pack zu 100 Stück;18.4;55.2;4.4712;4030152091669;0;0;2;;
90032154;64025483;2026-06-17;BGH;Food;120;115261;1;;Lt;Quality Sonnenblumenöl High Oleic, 20 l;3.36;67.2;1.7472;7610034515123;0;1;1;;
90032154;64025483;2026-06-17;BGH;Früchte + Gemüse;130;045914;1;;kg;Zwiebeln rot gross, 10 kg;2.65;26.5;0.689;7613399003366;0;0;1;;
90032154;64025483;2026-06-17;BGH;Früchte + Gemüse;140;043598;1;;Bt;Minze, 250 g;7.28;7.28;0.18928;7610632977873;0;1;1;;
90032154;64025483;2026-06-17;BGH;Früchte + Gemüse;150;046922;1;;Sc;Blueberries, 500 g;4.46;4.46;0.11596;7610632010297;0;1;1;;
90032154;64025483;2026-06-17;BGH;Früchte + Gemüse;160;045882;2;;kg;Zwiebeln gross, 10 kg;2.24;44.8;1.1648;7628072003557;0;0;7;;
90032154;64025483;2026-06-17;BGH;Früchte + Gemüse;161;000079;2;;St;Ifco LiftLock;3.2;6.4;0;2000007960008;0;0;0;;
90032154;64025483;2026-06-17;BGH;Früchte + Gemüse;170;040371;2;;kg;Baked Potatoes, mehligkochend, 10 kg;1.53;30.6;0.7956;7628072012917;0;0;1;;
90032154;64025483;2026-06-17;BGH;Früchte + Gemüse;171;000079;2;;St;Ifco LiftLock;3.2;6.4;0;2000007960008;0;0;0;;
90032154;64025483;2026-06-17;BGH;Früchte + Gemüse;180;042020;5;;St;Gurken 400 - 500 g / St, 4 St;1.68;33.6;0.8736;7610632994153;0;1;1;;
90032154;64025483;2026-06-17;BGH;Früchte + Gemüse;190;040967;1;;Sc;Cherry Tomaten Rispen, 500 g;5.36;5.36;0.13936;7610632961322;0;0;1;;
90032154;64025483;2026-06-17;BGH;Früchte + Gemüse;200;041241;5;;St;Eichblattsalat rot / grün Schweiz Hydro, gemischt, 8 St;2.12;84.8;2.2048;7613399058038;0;0;7;;
90032154;64025483;2026-06-17;BGH;Früchte + Gemüse;201;000079;5;;St;Ifco LiftLock;3.2;16;0;2000007960008;0;0;0;;
90032154;64025483;2026-06-17;BGH;Molkerei/Backwaren;210;024440;1;;Tp;Quality Vollrahm 35%, UHT, 12 x 1 l;5.84;70.08;1.82208;7610034505315;0;0;1;;
90032154;64025483;2026-06-17;BGH;Molkerei/Backwaren;220;025020;1;;Kt;Kaffeerahm Portionen ohne Logo, UHT, 200 x 12 g;12.07;12.07;0.31382;7610900008056;0;0;1;;
90032154;64025483;2026-06-17;BGH;Molkerei/Backwaren;230;024790;1;;Ds;Floralp Vollrahm 35%, ohne Zucker, UHT, 6 x 500 g;7.17;43.02;1.11852;7612300013173;0;0;7;;
90032154;64025483;2026-06-17;BGH;Molkerei/Backwaren;240;520191;2;;Tp;Gustovo Vollei flüssig Schweiz, Freiland, pasteurisiert, 1 kg;8.96;17.92;0.46592;7640138979408;0;0;1;;
90032154;64025483;2026-06-17;BGH;Molkerei/Backwaren;250;096271;2;;Pk;Quality Eigelb flüssig Import, Bodenhaltung, pasteurisiert, 1 kg;11.93;23.86;0.62036;7610034508835;0;0;1;;
90032154;64025483;2026-06-17;BGH;Früchte + Gemüse;260;049127;1;;Kt;Champignons braun, frisch, 1 kg;9.13;9.13;0.23738;7610473014843;0;0;1;;
90032154;64025483;2026-06-17;BGH;Früchte + Gemüse;270;049247;10;;Sc;Champignons weiss geschnitten, frisch, 1 kg;9.76;97.6;2.5376;7610439900265;0;0;1;;
90032154;64025483;2026-06-17;BGH;Früchte + Gemüse;280;048109;2;;kg;Orangen blond, 7 kg;2.12;29.68;0.77168;7610632471906;0;0;1;;
90032154;64025483;2026-06-17;BGH;Früchte + Gemüse;281;000079;2;;St;Ifco LiftLock;3.2;6.4;0;2000007960008;0;0;0;;
90032154;64025483;2026-06-17;BGH;Früchte + Gemüse;290;048823;1;;kg;Zitronen, 15 kg;3.22;48.3;1.2558;7610632071045;0;1;1;;
90032154;64025483;2026-06-17;BGH;Früchte + Gemüse;291;000079;1;;St;Ifco LiftLock;3.2;3.2;0;2000007960008;0;0;0;;
90032154;64025483;2026-06-17;BGH;Früchte + Gemüse;300;042592;3;;Ds;Knoblauch Original ganz geschält, 1kg;11.01;33.03;0.85878;3700430300004;0;0;7;;
90032154;64025483;2026-06-17;BGH;Früchte + Gemüse;310;044776;2;;Ki;Schnittsalat Oriental, 800 g;21.15;42.3;1.0998;7610632965849;0;0;1;;
90032154;64025483;2026-06-17;BGH;Früchte + Gemüse;320;043333;4;8;kg;Lattich, 2 kg;5.13;41.04;1.06704;2903903999991;0;0;1;;
90032154;64025483;2026-06-17;BGH;Früchte + Gemüse;321;000079;4;;St;Ifco LiftLock;3.2;12.8;0;2000007960008;0;0;0;;
90032154;64025483;2026-06-17;BGH;Früchte + Gemüse;340;045708;3;;kg;Zucchetti CH, 5 kg;3.65;54.75;1.4235;7610632980538;0;0;1;;
90032154;64025483;2026-06-17;BGH;Früchte + Gemüse;341;000079;3;;St;Ifco LiftLock;3.2;9.6;0;2000007960008;0;0;0;;
90032154;64025483;2026-06-17;BGH;Früchte + Gemüse;350;040258;3;;kg;Auberginen, 5 kg;4.77;71.55;1.8603;7610632977057;0;0;1;;
90032154;64025483;2026-06-17;BGH;Früchte + Gemüse;351;000079;3;;St;Ifco LiftLock;3.2;9.6;0;2000007960008;0;0;0;;
90032154;64025483;2026-06-17;BGH;Früchte + Gemüse;360;044540;3;;kg;Rucola / Rauke ungewaschen, 1 kg;12.9;38.7;1.0062;7610514613219;0;0;1;;
90032154;64025483;2026-06-17;BGH;Molkerei/Backwaren;370;005010;2;;kg;Quality Joghurt Nature, 3 kg;2.44;14.64;0.38064;7610034534230;0;0;7;;
90032154;64025483;2026-06-17;BGH;Früchte + Gemüse;380;044643;3;;Bt;Quality Rüebli- Karotten Julienne, 1,6 mm, 1 kg;4.7;14.1;0.3666;7610034507050;0;0;1;;
90032154;64025483;2026-06-17;BGH;Früchte + Gemüse;390;044701;1;;kg;Rüebli / Karotten Gastro, 5 kg;2.42;12.1;0.3146;7628072012849;0;0;1;;
90032154;64025483;2026-06-17;BGH;Früchte + Gemüse;391;000079;1;;St;Ifco LiftLock;3.2;3.2;0;2000007960008;0;0;0;;
90032154;64025483;2026-06-17;BGH;Früchte + Gemüse;400;044107;3;;kg;Peperoni Tricolor, Import, 5 kg;3.71;55.65;1.4469;7610632977132;0;0;1;;
90032154;64025483;2026-06-17;BGH;Früchte + Gemüse;401;000079;3;;St;Ifco LiftLock;3.2;9.6;0;2000007960008;0;0;0;;
90032154;64025483;2026-06-17;BGH;Früchte + Gemüse;410;043957;5;;Sc;Patisson Mini Gemüse, ca. 9 St;7.31;36.55;0.9503;7610632991541;0;0;1;;
90032154;64025483;2026-06-17;BGH;Früchte + Gemüse;420;041777;5;;Sc;Fenchel Mini Gemüse, 8 St;6.59;32.95;0.8567;7610632978672;0;0;1;;
90032154;64025483;2026-06-17;BGH;Früchte + Gemüse;430;044139;1;;kg;Peperoni Mini Mix, 3 kg;9.54;28.62;0.74412;7610632970782;0;0;1;;
90032154;64025483;2026-06-17;BGH;Früchte + Gemüse;440;044667;5;;Sc;Mini Rüebli / Karotten mit Laubansatz, ca. 200 g;7.01;35.05;0.9113;7610632955345;0;0;1;;
90032154;64025483;2026-06-17;BGH;Metzgerei;450;001502;4;10.35;kg;Poulet Brust ohne Haut mit Innenfilet, 90-220 g, ca. 2,5 kg;20.69;214.1415;5.567679;97610011945694;0;0;1;;
90032154;64025483;2026-06-17;BGH;Metzgerei;460;078255;3;14.472;kg;Quality Hinterschinken Tradition 1/2, ca. 4,6 kg;12.38;179.16336;4.65824736;2950465999990;0;0;1;;
90032154;64025483;2026-06-17;BGH;Früchte + Gemüse;470;044166;2;;Bt;Petersilie glatt Liscio gepackt, 500 g;7.31;14.62;0.38012;7610632980170;0;0;1;;
90032154;64025483;2026-06-17;BGH;Früchte + Gemüse;480;044538;1;;Bt;Rosmarin, 250 g;8.72;8.72;0.22672;7610632969816;0;0;1;;
90032154;64025483;2026-06-17;BGH;Food;490;511500;1;;Ds;Economy Oliven schwarz entsteint, 3 x 4,25 kg;13.72;41.16;1.07016;7610034524156;0;0;1;;
90032154;64025483;2026-06-17;BGH;Nonfood;500;985201;1;;Rl;Kehrichtsack OKS mit Zugband 110L Karton zu 15 Rollen zu 10 Stück;3.64;54.6;4.4226;2098520130008;0;0;2;;
90032154;64025483;2026-06-17;BGH;Nonfood;520;987031;1;;Rl;Kehrichtsack mit Zugband SOLO 35 l schwarz Karton zu 20 Rollen zu 20 Stück;1.97;39.4;3.1914;7612417112059;0;1;2;;
90032154;64025483;2026-06-17;BGH;Nonfood;530;930430;3;;Pk;VC999 Vakuumbeutel, 90 µm, 300 x 400 mm, Pack zu 100 Stück;21.73;65.19;5.28039;7640144910266;0;0;2;;
90032154;64025483;2026-06-17;BGH;Molkerei/Backwaren;540;014641;5;;Be;Premium Burrata, 2 x 125 g;4.65;23.25;0.6045;7610034511026;0;1;1;;
90032154;64025483;2026-06-17;BGH;Molkerei/Backwaren;550;010201;10;;Bt;Economy Gran Moravia, gerieben, 1 kg;15.63;156.3;4.0638;4388040201158;0;0;7;;
90032154;64025483;2026-06-17;BGH;Molkerei/Backwaren;560;013702;1;3.38;kg;Quality Raclette, eckig, 1/2 Laib ca. 3,2 kg;10.82;36.5716;0.9508616;2953272999993;0;0;1;;
90032154;64025483;2026-06-17;BGH;Molkerei/Backwaren;570;012201;8;;Bt;Economy Gran Moravia, gehobelt, 500 g;8.7;69.6;1.8096;4388040201172;0;0;7;;
90032154;64025483;2026-06-17;BGH;Metzgerei;580;086133;1;1.376;kg;Quality Bündnerfleisch Eckstück, Deutschland/Österreich, 1/2 ca. 1,5 kg;58.91;81.06016;2.10756416;2965474999992;0;0;1;;
90032154;64025483;2026-06-17;BGH;Früchte + Gemüse;590;000079;2;;St;Ifco LiftLock;3.2;6.4;0;2000007960008;0;0;0;;
90032154;64025483;2026-06-17;BGH;Früchte + Gemüse;600;000079;4;;St;Ifco LiftLock;3.2;12.8;0;2000007960008;0;0;0;;
90032154;64025483;2026-06-17;BGH;Früchte + Gemüse;610;000079;7;;St;Ifco LiftLock;3.2;22.4;0;2000007960008;0;0;0;;
90032154;64017656;2026-06-12;BGH;Früchte + Gemüse;10;000079;-34;;St;Ifco LiftLock;3.2;-108.8;0;2000007960008;0;0;0;;
90032154;64017656;2026-06-12;BGH;Food;10;590458;1;;Ds;Wiberg Trennfett Spray, geschmacksneutral, wasserfreies Trennmittel, 5 dl;9.55;9.55;0.77355;9002540894300;0;0;3;;
90032154;64017656;2026-06-12;BGH;Nearfood;10;818760;5;;Fl;Cif Professional Badreiniger, 750 ml;8.22;41.1;3.3291;7615400106677;0;0;3;;
90032154;64017656;2026-06-12;BGH;Food;20;510520;4;;Fl;Quality Mayonnaise Squeeze, 865 g;7.49;29.96;0.77896;7610034512658;0;0;1;;
90032154;64017656;2026-06-12;BGH;Food;20;512450;1;;Ds;Quality Zimt gemahlen, 370 g;10.51;10.51;0.27326;7610034519626;0;0;1;;
90032154;64017656;2026-06-12;BGH;Food;30;510111;1;;Ke;Quality Mayonnaise, 4,75 kg;21.65;21.65;0.5629;7610034512672;0;0;1;;
90032154;64017656;2026-06-12;BGH;Food;30;552671;1;;Ds;McCormick Tandoori Mix, 240 g;12.25;12.25;0.3185;7610071881809;0;0;1;;
90032154;64017656;2026-06-12;BGH;Food;40;510351;1;;Ds;Quality Kreuzkümmel, gemahlen, 350 g;10.18;10.18;0.26468;7610034514744;0;0;1;;
90032154;64017656;2026-06-12;BGH;Food;50;110030;1;;Pk;Fairtrade, Max Havelaar, Rohzucker aus Zuckerrohr grob, 10 x 1 kg;2.35;23.5;0.611;7610302730005;0;0;1;;
90032154;64017656;2026-06-12;BGH;Nonfood;50;991331;4;;St;Rocco Bormioli America '20s Cocktailglas, 23 cl, Pack zu 4 Stück;5.48;87.68;7.10208;8004360093131;0;0;3;;
90032154;64017656;2026-06-12;BGH;Nonfood;70;963052;10;;Pk;Trinkhalm Papier schwarz 15 cm Ø 8 mm Pack zu 150 Stück;3.88;38.8;3.1428;7610588102466;0;0;3;;
90032154;64017656;2026-06-12;BGH;Früchte + Gemüse;80;047754;4;16.8;kg;Limetten / Limes, 4,2 kg;2.43;40.824;1.061424;2905054999998;0;1;1;;
90032154;64017656;2026-06-12;BGH;Früchte + Gemüse;90;043598;2;;Bt;Minze, 250 g;8.72;17.44;0.45344;7610632977873;0;0;1;;
90032154;64017656;2026-06-12;BGH;Metzgerei;100;054912;3;15.102;kg;Rinds-Hackfleisch, 5 mm, ca. 5 kg;17.32;261.56664;6.80073264;2962490999999;0;1;1;;
90032154;64017656;2026-06-12;BGH;Food;110;390240;4;;Sc;Quality Waffelröllchen mit Schokolade, 200 Stück;17.03;68.12;1.77112;4388040180170;0;1;1;;
90032154;64017656;2026-06-12;BGH;Früchte + Gemüse;120;047821;3;;St;Melonen Charentais, Frankreich, 6 St;3.56;64.08;1.66608;7610632077498;0;1;1;;
90032154;64017656;2026-06-12;BGH;Metzgerei;130;001057;2;6.7;kg;Rinds-Entrecote II, enthäutet, gesteakt, ca. 3.3 kg;36.53;244.751;6.363526;97610011315633;0;0;1;;
90032154;64017656;2026-06-12;BGH;Metzgerei;140;002410;4;5.214;kg;Rinds-Filet Mittelstück II, ca. 1 kg;59.3;309.1902;8.0389452;97610145890006;0;0;1;;
90032154;64017656;2026-06-12;BGH;Metzgerei;150;062882;2;;kg;Fredag Yakitori Satay Poulet Spiessli, tiefgekühlt, Thailand, 67 x 30 g, 2 x 1 kg;19.7;78.8;2.0488;7610745053013;0;0;1;;
90032154;64017656;2026-06-12;BGH;Früchte + Gemüse;160;045916;1;;kg;Zwiebeln rot, 5 kg;2.83;14.15;0.3679;7613399003199;0;0;7;;
90032154;64017656;2026-06-12;BGH;Früchte + Gemüse;170;045882;1;;kg;Zwiebeln gross, 10 kg;2.3;23;0.598;7628072003557;0;0;7;;
90032154;64017656;2026-06-12;BGH;Früchte + Gemüse;171;000079;1;;St;Ifco LiftLock;3.2;3.2;0;2000007960008;0;0;0;;
90032154;64017656;2026-06-12;BGH;Früchte + Gemüse;180;044107;4;;kg;Peperoni Tricolor, Import, 5 kg;4.01;80.2;2.0852;7610632977132;0;0;1;;
90032154;64017656;2026-06-12;BGH;Früchte + Gemüse;181;000079;4;;St;Ifco LiftLock;3.2;12.8;0;2000007960008;0;0;0;;
90032154;64017656;2026-06-12;BGH;Molkerei/Backwaren;190;096400;1;;St;Backhefe, Würfel, 24 x 42 g;0.29;6.96;0.18096;7610926000515;0;0;1;;
90032154;64017656;2026-06-12;BGH;Molkerei/Backwaren;200;024440;4;;Tp;Quality Vollrahm 35%, UHT, 12 x 1 l;5.69;273.12;7.10112;7610034505315;0;1;1;;
90032154;64017656;2026-06-12;BGH;Früchte + Gemüse;210;040329;4;;Bt;Basilikum, 1 kg;29.39;117.56;3.05656;7610632989975;0;0;1;;
90032154;64017656;2026-06-12;BGH;Metzgerei;220;086133;1;0.974;kg;Quality Bündnerfleisch Eckstück, Deutschland/Österreich, 1/2 ca. 1,5 kg;58.31;56.79394;1.47664244;2965474999992;0;0;1;;
90032154;64017656;2026-06-12;BGH;Food;230;438181;1;;Sc;Picosa Antipasti Tomaten, getrocknet, 2 x 1,9 kg;34.39;68.78;1.78828;7610473178064;0;0;1;;
90032154;64017656;2026-06-12;BGH;Früchte + Gemüse;240;040972;5;;kg;Cherry Rispentomaten, 3 kg;7.43;111.45;2.8977;7610632984666;0;1;1;;
90032154;64017656;2026-06-12;BGH;Früchte + Gemüse;241;000079;5;;St;Ifco LiftLock;3.2;16;0;2000007960008;0;0;0;;
90032154;64017656;2026-06-12;BGH;Früchte + Gemüse;250;041786;1;7;kg;Fleischtomaten Kaliber 77-87 mm, 7 kg;4.47;31.29;0.81354;2916705999991;0;0;1;;
90032154;64017656;2026-06-12;BGH;Früchte + Gemüse;260;044165;2;;Bt;Petersilie Liscio, 250 g;4.47;8.94;0.23244;7610632980385;0;0;1;;
90032154;64017656;2026-06-12;BGH;Food;270;512610;5;;Ds;Quality Petersilie, luftgetrocknet, 66 g;5.32;26.6;0.6916;7610034518957;0;0;1;;
90032154;64017656;2026-06-12;BGH;Früchte + Gemüse;290;041241;5;;St;Eichblattsalat rot / grün Schweiz Hydro, gemischt, 8 St;2.12;84.8;2.2048;7613399058038;0;0;7;;
90032154;64017656;2026-06-12;BGH;Früchte + Gemüse;291;000079;5;;St;Ifco LiftLock;3.2;16;0;2000007960008;0;0;0;;
90032154;64017656;2026-06-12;BGH;Früchte + Gemüse;300;044776;1;;Ki;Schnittsalat Oriental, 800 g;21.15;21.15;0.5499;7610632965849;0;0;1;;
90032154;64017656;2026-06-12;BGH;Früchte + Gemüse;310;044540;2;;kg;Rucola / Rauke ungewaschen, 1 kg;12.9;25.8;0.6708;7610514613219;0;0;1;;
90032154;64017656;2026-06-12;BGH;Früchte + Gemüse;320;042005;3;;St;Gurken 350 - 500 g / St, 12 St;1.88;67.68;1.75968;7610632995020;0;0;1;;
90032154;64017656;2026-06-12;BGH;Früchte + Gemüse;321;000079;3;;St;Ifco LiftLock;3.2;9.6;0;2000007960008;0;0;0;;
90032154;64017656;2026-06-12;BGH;Molkerei/Backwaren;330;012971;1;1.081;kg;Nuss Käse, 1/1 Laib ca. 1 kg;24.95;26.97095;0.7012447;2935031999994;0;0;1;;
90032154;64017656;2026-06-12;BGH;Molkerei/Backwaren;340;018891;3;;Ds;Ömür Hirtenkäse 55%, 800 g;9.76;29.28;0.76128;4002566002449;0;0;1;;
90032154;64017656;2026-06-12;BGH;Molkerei/Backwaren;350;011885;1;1.551;kg;Emmi Käse Portionen, Sortiment Nr. 2, ca. 1,5 kg;21.01;32.58651;0.84724926;2913550999992;0;0;1;;
90032154;64017656;2026-06-12;BGH;Metzgerei;360;078299;1;1.368;kg;Quality Truten Brust geräucht, gekocht, Frankreich, 1/3, ca. 1,3 kg;19.11;26.14248;0.67970448;2949556999995;0;0;1;;
90032154;64017656;2026-06-12;BGH;Food;380;570732;2;;Pk;Gogi Tempura Mehl, 24 x 150 g;1.49;71.52;1.85952;2057073200002;0;0;1;;
90032154;64017656;2026-06-12;BGH;Metzgerei;390;001493;4;10.37;kg;Poulet-Brust ohne Haut ohne Innenfilet, 130-150 g, ca. 2,5 kg;22.28;231.0436;6.0071336;97610011945809;0;0;1;;
90032154;64017656;2026-06-12;BGH;Früchte + Gemüse;400;046922;4;;Sc;Blueberries, 500 g;6.07;24.28;0.63128;7610632010297;0;0;1;;
90032154;64017656;2026-06-12;BGH;Früchte + Gemüse;410;047106;2;;Sc;Erdbeeren, Inland, 500 g;6.65;13.3;0.3458;7610632035320;0;0;1;;
90032154;64017656;2026-06-12;BGH;Früchte + Gemüse;420;046646;1;;kg;Max Havelaar Bananen, Farbe 4, 2 kg;3.77;7.54;0.19604;7613399059851;0;0;7;;
90032154;64017656;2026-06-12;BGH;Früchte + Gemüse;421;000079;1;;St;Ifco LiftLock;3.2;3.2;0;2000007960008;0;0;0;;
90032154;64017656;2026-06-12;BGH;Früchte + Gemüse;440;047376;3;;Sc;Himbeeren, Import, 250 g;3.86;11.58;0.30108;7628072012603;0;1;1;;
90032154;64017656;2026-06-12;BGH;Food;450;564040;3;;Gl;Bosco d'oro Carpaccio, aus Sommertrüffeln, schwarz, 45 g;18.74;56.22;1.46172;8032680690549;0;0;1;;
90032154;64017656;2026-06-12;BGH;Molkerei/Backwaren;460;523297;1;;St;CdP Lütticher Waffeln, 13 x 9 cm, tiefgekühlt, 30 x 105 g;1.49;44.7;1.1622;5425023621011;0;0;1;;
90032154;64017656;2026-06-12;BGH;Früchte + Gemüse;470;040015;1;;kg;Bratkartoffeln, 5 kg;2.3;11.5;0.299;7613399016359;0;0;1;;
90032154;64017656;2026-06-12;BGH;Molkerei/Backwaren;480;099230;1;;St;Romer's Schraubenbrot dunkel, vorgebacken, tiefgekühlt, 10 x 350 g;2.33;23.3;0.6058;7611075109593;0;0;1;;
90032154;64017656;2026-06-12;BGH;Food;490;511500;1;;Ds;Economy Oliven schwarz entsteint, 3 x 4,25 kg;13.72;41.16;1.07016;7610034524156;0;0;1;;
90032154;64017656;2026-06-12;BGH;Food;500;591342;1;;Ds;Hero Rindsbouillon Paste, 1,2 kg;29.83;29.83;0.77558;7614200104708;0;0;1;;
90032154;64017656;2026-06-12;BGH;Nearfood;510;993320;3;;Rl;Quality Wischtücher Midi, 2-lagig, weiss, 450 Blatt, 6 Rl;6.78;122.04;9.88524;7610034546196;0;0;3;;
90032154;64017656;2026-06-12;BGH;Metzgerei;520;001977;1;1.24;kg;Quality GGAP Lachs Filet, ohne Haut, deepskin, grätenarm, ca. 1,2 - 1,4 kg;22.28;27.6272;0.7183072;97610162230472;0;0;1;;
90032154;64017656;2026-06-12;BGH;Nonfood;530;999063;4;;Rl;Quality Frischhaltefolie, Dispenser, PVC, 45 cm x 300 m, 7 µm;15.54;62.16;5.03496;3554983014525;0;0;3;;
90032154;64017656;2026-06-12;BGH;Nearfood;540;975820;1;;Pk;Quality Einweghandschuhe Vinyl, Grösse M, weiss, 100 St;7.21;7.21;0.58401;7610034544888;0;0;2;;
90032154;64017656;2026-06-12;BGH;Nearfood;550;975792;4;;Pk;Quality Einweghandschuhe Nitril, Grösse L, schwarz, 100 St;8.81;35.24;2.85444;7610034546639;0;0;2;;
90032154;64017656;2026-06-12;BGH;Nearfood;560;973483;3;;Pk;Quality Spiraltopfreiniger, 10 x 60 g;7.98;23.94;1.93914;7610034509856;0;0;3;;
90032154;64017656;2026-06-12;BGH;Nearfood;570;975946;3;;Pk;Padschwamm mit Griffleiste, 95 x 70 x 43 mm, scheuerstark, gelb - grün, 10 St;7.32;21.96;1.77876;7610588108628;0;0;2;;
90032154;64017656;2026-06-12;BGH;Früchte + Gemüse;580;043333;3;6;kg;Lattich, 2 kg;5.13;30.78;0.80028;2903903999991;0;0;1;;
90032154;64017656;2026-06-12;BGH;Früchte + Gemüse;581;000079;3;;St;Ifco LiftLock;3.2;9.6;0;2000007960008;0;0;0;;
90032154;64017656;2026-06-12;BGH;Food;590;512320;1;;Bt;Quality Salatkräuter, 600 g;13.76;13.76;0.35776;7610034520936;0;0;1;;
90032154;64017656;2026-06-12;BGH;Nonfood;600;989812;4;;Pk;Salatschale Karton rund FSC 750 ml Pack zu 50 Stück;19.07;76.28;6.17868;5901360017286;0;0;3;;
90032154;64017656;2026-06-12;BGH;Früchte + Gemüse;610;046370;2;;St;Premium Ananas Sweet, Stück zu ca. 2 kg;5.71;11.42;0.29692;7613399013044;0;0;7;;
90032154;64017656;2026-06-12;BGH;Metzgerei;630;078255;4;19.226;kg;Quality Hinterschinken Tradition 1/2, ca. 4,6 kg;10.88;209.17888;5.43865088;2950465999990;0;1;1;;
90032154;64017656;2026-06-12;BGH;Molkerei/Backwaren;640;005010;1;;kg;Quality Joghurt Nature, 3 kg;2.44;7.32;0.19032;7610034534230;0;0;7;;
90032154;64017656;2026-06-12;BGH;Früchte + Gemüse;650;090140;4;;Bt;Frigemo Regiofrites Bärner TK, 4 x 2,5 kg;15.85;253.6;6.5936;7610078043163;0;0;1;;
90032154;64017656;2026-06-12;BGH;Food;660;565922;4;;Fl;Lea & Perrins Worcester Sauce, 568 ml;9.18;36.72;0.95472;5000111018111;0;0;1;;
90032154;64017656;2026-06-12;BGH;Metzgerei;670;002094;4;6.554;kg;Kalbs-Nuss, ohne Schale, enthäutet, ca. 1,5 kg;46.04;301.74616;7.84540016;97610011044298;0;0;1;;
90032154;64017656;2026-06-12;BGH;Metzgerei;680;001912;1;;St;Bell Kalbs-Pojarski Steak, tiefgekühlt, 50 x 150 g;3.17;158.5;4.121;7610162265938;0;0;1;;
90032154;64017656;2026-06-12;BGH;Metzgerei;690;066695;3;;kg;Zander Knusperli, im Bierteig, ca. 20 - 40 g, tiefgekühlt, 5 kg;13.81;207.15;5.3859;4260400370042;0;1;7;;
90032154;64017656;2026-06-12;BGH;Metzgerei;700;070660;3;13.173;kg;Poulet Brust jaune suprême mit Haut, Frankreich, 5 x 4 x ca. 180 - 220 g;15.34;202.07382;5.25391932;93571322073824;0;1;7;;
90032154;64017656;2026-06-12;BGH;Früchte + Gemüse;710;000079;1;;St;Ifco LiftLock;3.2;3.2;0;2000007960008;0;0;0;;
90032154;64017656;2026-06-12;BGH;Früchte + Gemüse;720;000079;7;;St;Ifco LiftLock;3.2;22.4;0;2000007960008;0;0;0;;
90032154;64017656;2026-06-12;BGH;Früchte + Gemüse;900;000079;4;;St;Ifco LiftLock;3.2;12.8;0;2000007960008;0;0;0;;
90032154;64012268;2026-06-10;BGH;Früchte + Gemüse;10;000079;-27;;St;Ifco LiftLock;3.2;-86.4;0;2000007960008;0;0;0;;
90032154;64012268;2026-06-10;BGH;Nonfood;20;986272;4;;St;Rocco Bormioli Fido Einmachglas, 0,5 l;4.16;16.64;1.34784;8004360007961;0;0;2;;
90032154;64012268;2026-06-10;BGH;Nonfood;30;986671;1;;St;Arcoroc Cognac Degu-Glas, 2/4 cl geeicht, 25 cl, Pack zu 6 Stück;4.99;29.94;2.42514;602608607317;0;0;2;;
90032154;64012268;2026-06-10;BGH;Molkerei/Backwaren;60;024440;3;;Tp;Quality Vollrahm 35%, UHT, 12 x 1 l;5.69;204.84;5.32584;7610034505315;0;1;1;;
90032154;64012268;2026-06-10;BGH;Früchte + Gemüse;70;040972;3;;kg;Cherry Rispentomaten, 3 kg;7.43;66.87;1.73862;7610632984666;0;1;1;;
90032154;64012268;2026-06-10;BGH;Früchte + Gemüse;71;000079;3;;St;Ifco LiftLock;3.2;9.6;0;2000007960008;0;0;0;;
90032154;64012268;2026-06-10;BGH;Food;80;110060;1;;Pk;Feinkristallzucker, 10 x 1 kg;0.94;9.4;0.2444;7610034510661;0;1;1;;
90032154;64012268;2026-06-10;BGH;Molkerei/Backwaren;90;019631;1;;Be;Philadelphia, 1,65 kg;16.38;16.38;0.42588;4000339034840;0;1;1;;
90032154;64012268;2026-06-10;BGH;Food;100;580760;5;;Fl;Lee Kum Kee Hoisin Sauce, 2,45 kg;12.57;62.85;1.6341;078895124873;0;0;1;;
90032154;64012268;2026-06-10;BGH;Früchte + Gemüse;110;045708;2;;kg;Zucchetti CH, 5 kg;4.01;40.1;1.0426;7610632980538;0;0;1;;
90032154;64012268;2026-06-10;BGH;Früchte + Gemüse;111;000079;2;;St;Ifco LiftLock;3.2;6.4;0;2000007960008;0;0;0;;
90032154;64012268;2026-06-10;BGH;Früchte + Gemüse;120;045777;4;;Sc;Zucchetti Mini-Gemüse ohne Blüte, ca. 5 - 6 Stück;7.77;31.08;0.80808;7610632991527;0;0;1;;
90032154;64012268;2026-06-10;BGH;Früchte + Gemüse;130;040258;3;;kg;Auberginen, 5 kg;4.89;73.35;1.9071;7610632977057;0;0;1;;
90032154;64012268;2026-06-10;BGH;Früchte + Gemüse;131;000079;3;;St;Ifco LiftLock;3.2;9.6;0;2000007960008;0;0;0;;
90032154;64012268;2026-06-10;BGH;Früchte + Gemüse;140;041786;3;21;kg;Fleischtomaten Kaliber 77-87 mm, 7 kg;4.47;93.87;2.44062;2916705999991;0;0;1;;
90032154;64012268;2026-06-10;BGH;Früchte + Gemüse;150;048109;2;;kg;Orangen blond, 7 kg;2.12;29.68;0.77168;7610632471906;0;0;1;;
90032154;64012268;2026-06-10;BGH;Früchte + Gemüse;151;000079;2;;St;Ifco LiftLock;3.2;6.4;0;2000007960008;0;0;0;;
90032154;64012268;2026-06-10;BGH;Molkerei/Backwaren;160;027310;1;;kg;Economy Butter, 10 x 1 kg;13.22;132.2;3.4372;7610034508224;0;0;1;;
90032154;64012268;2026-06-10;BGH;Molkerei/Backwaren;170;024790;1;;Ds;Floralp Vollrahm 35%, ohne Zucker, UHT, 6 x 500 g;7.17;43.02;1.11852;7612300013173;0;0;7;;
90032154;64012268;2026-06-10;BGH;Früchte + Gemüse;180;044107;2;;kg;Peperoni Tricolor, Import, 5 kg;4.01;40.1;1.0426;7610632977132;0;0;1;;
90032154;64012268;2026-06-10;BGH;Früchte + Gemüse;181;000079;2;;St;Ifco LiftLock;3.2;6.4;0;2000007960008;0;0;0;;
90032154;64012268;2026-06-10;BGH;Früchte + Gemüse;190;049247;10;;Sc;Champignons weiss geschnitten, frisch, 1 kg;7.43;74.3;1.9318;7610439900265;0;1;1;;
90032154;64012268;2026-06-10;BGH;Molkerei/Backwaren;200;095210;2;;St;Eier Import, Bodenhaltung, 53g+, 90 Stück;0.4;72;1.872;7640104163138;0;0;1;;
90032154;64012268;2026-06-10;BGH;Molkerei/Backwaren;210;005010;2;;kg;Quality Joghurt Nature, 3 kg;2.44;14.64;0.38064;7610034534230;0;0;7;;
90032154;64012268;2026-06-10;BGH;Food;220;106091;1;;Bt;Zweifel Chips Paprika, 20 x 30 g;0.85;17;0.442;7610095012203;0;1;1;;
90032154;64012268;2026-06-10;BGH;Früchte + Gemüse;230;044540;4;;kg;Rucola / Rauke ungewaschen, 1 kg;12.9;51.6;1.3416;7610514613219;0;0;1;;
90032154;64012268;2026-06-10;BGH;Früchte + Gemüse;240;041241;5;;St;Eichblattsalat rot / grün Schweiz Hydro, gemischt, 8 St;2.12;84.8;2.2048;7613399058038;0;0;7;;
90032154;64012268;2026-06-10;BGH;Früchte + Gemüse;241;000079;5;;St;Ifco LiftLock;3.2;16;0;2000007960008;0;0;0;;
90032154;64012268;2026-06-10;BGH;Früchte + Gemüse;250;046577;1;;St;Avocados essreif, 16 St;1.49;23.84;0.61984;7610632001950;0;1;1;;
90032154;64012268;2026-06-10;BGH;Früchte + Gemüse;260;045037;2;;Bt;Spinat, 500 g;3.65;7.3;0.1898;7610632997857;0;0;1;;
90032154;64012268;2026-06-10;BGH;Früchte + Gemüse;270;040998;2;;Bt;Chilischoten grün, 250 g;8.19;16.38;0.42588;7640138831881;0;0;1;;
90032154;64012268;2026-06-10;BGH;Früchte + Gemüse;290;045916;1;;kg;Zwiebeln rot, 5 kg;2.83;14.15;0.3679;7613399003199;0;0;7;;
90032154;64012268;2026-06-10;BGH;Früchte + Gemüse;300;043993;1;3;kg;Peperoncini rot, ca. 3 kg;10.54;31.62;0.82212;2960473999998;0;0;1;;
90032154;64012268;2026-06-10;BGH;Molkerei/Backwaren;310;022600;2;;Tp;Quality Vollmilch 3,5%, UHT, 12 x 1 l;1.27;30.48;0.79248;7610034507807;0;0;1;;
90032154;64012268;2026-06-10;BGH;Früchte + Gemüse;320;044643;3;;Bt;Quality Rüebli- Karotten Julienne, 1,6 mm, 1 kg;4.7;14.1;0.3666;7610034507050;0;0;1;;
90032154;64012268;2026-06-10;BGH;Früchte + Gemüse;330;044701;1;;kg;Rüebli / Karotten Gastro, 5 kg;2.48;12.4;0.3224;7628072012849;0;0;1;;
90032154;64012268;2026-06-10;BGH;Früchte + Gemüse;331;000079;1;;St;Ifco LiftLock;3.2;3.2;0;2000007960008;0;0;0;;
90032154;64012268;2026-06-10;BGH;Molkerei/Backwaren;340;022591;2;;Tp;Oatly Haferdrink Barista, 6 x 1 l;3.39;40.68;1.05768;27394376616505;0;0;1;;
90032154;64012268;2026-06-10;BGH;Food;350;595680;5;;Gl;Vanini Cocktailkirschen ohne Stiel, 950 g;17.79;88.95;2.3127;7610188133020;0;0;1;;
90032154;64012268;2026-06-10;BGH;Molkerei/Backwaren;360;019481;12;;Be;Galbani Mascarpone, 500 g;7.65;91.8;2.3868;8000430171013;0;0;1;;
90032154;64012268;2026-06-10;BGH;Food;370;564040;10;;Gl;Bosco d'oro Carpaccio, aus Sommertrüffeln, schwarz, 45 g;18.74;187.4;4.8724;8032680690549;0;0;1;;
90032154;64012268;2026-06-10;BGH;Food;380;564090;3;;Fl;Bosco d'oro Olivenöl mit Trüffelaroma, 250 ml;18.62;55.86;1.45236;8032680690303;0;0;1;;
90032154;64012268;2026-06-10;BGH;Food;390;590064;1;;Ds;J Carl Fridlin Salbei erlesen ganz, 60 g;6.6;6.6;0.1716;7617600004180;0;0;1;;
90032154;64012268;2026-06-10;BGH;Früchte + Gemüse;400;044718;2;;Bt;Salbei, 250 g;8.72;17.44;0.45344;7610632969779;0;0;1;;
90032154;64012268;2026-06-10;BGH;Früchte + Gemüse;410;044166;2;;Bt;Petersilie glatt Liscio gepackt, 500 g;7.31;14.62;0.38012;7610632980170;0;0;1;;
90032154;64012268;2026-06-10;BGH;Früchte + Gemüse;420;044538;2;;Bt;Rosmarin, 250 g;8.72;17.44;0.45344;7610632969816;0;0;1;;
90032154;64012268;2026-06-10;BGH;Molkerei/Backwaren;430;010201;10;;Bt;Economy Gran Moravia, gerieben, 1 kg;15.63;156.3;4.0638;4388040201158;0;0;7;;
90032154;64012268;2026-06-10;BGH;Molkerei/Backwaren;440;012201;8;;Bt;Economy Gran Moravia, gehobelt, 500 g;8.7;69.6;1.8096;4388040201172;0;0;7;;
90032154;64012268;2026-06-10;BGH;Molkerei/Backwaren;450;020201;12;;Be;Granarolo Mascarpone 38%, 500 g;5.93;71.16;1.85016;8002670002027;0;0;1;;
90032154;64012268;2026-06-10;BGH;Molkerei/Backwaren;470;012383;2;2.772;kg;Defendi Gorgonzola San Antonio DOP, 1/4 Laib ca. 1,5 kg;15.46;42.85512;1.11423312;2902117999995;0;0;1;;
90032154;64012268;2026-06-10;BGH;Molkerei/Backwaren;480;024673;1;;Ke;Quality Crème Fraîche, Sauerrahm 35%, 2,5 kg;24.51;24.51;0.63726;7610034514973;0;0;1;;
90032154;64012268;2026-06-10;BGH;Metzgerei;490;002409;2;3.246;kg;Rinds-Filetspitz Kopf II, ca. 1,5 kg;39.5;128.217;3.333642;97610100000006;0;0;1;;
90032154;64012268;2026-06-10;BGH;Metzgerei;500;002094;2;3.423;kg;Kalbs-Nuss, ohne Schale, enthäutet, ca. 1,5 kg;46.04;157.59492;4.09746792;97610011044298;0;0;1;;
90032154;64012268;2026-06-10;BGH;Metzgerei;510;054851;2;2.082;kg;Kalbs-Geschnetzeltes, à la minute, ca. 1 kg;36.14;75.24348;1.95633048;2907983999995;0;0;1;;
90032154;64012268;2026-06-10;BGH;Metzgerei;550;073270;5;;St;Quality Poulet Bratwurst, 120 g;1.18;47.2;1.2272;7610162404177;0;1;7;;
90032154;64012268;2026-06-10;BGH;Food;560;100080;1;;Lt;Quality Rapsöl, 20 l;3.48;69.6;1.8096;7610034515147;0;0;1;;
90032154;64012268;2026-06-10;BGH;Food;570;100080;2;;Lt;Quality Rapsöl, 20 l;3.48;139.2;3.6192;7610034515147;0;0;1;;
90032154;64012268;2026-06-10;BGH;Food;580;403500;12;;Tp;Grace Premium Thai Kokosnussmilch, 1 l;4.7;56.4;1.4664;5035139217680;0;0;1;;
90032154;64012268;2026-06-10;BGH;Metzgerei;590;068150;1;;kg;Economy ASC Crevetten Black Tiger, geschält, entdarmt, 8/12, tiefgekühlt, 10 x 1 kg;19.6;196;5.096;7610034523555;0;0;7;;
90032154;64012268;2026-06-10;BGH;Metzgerei;600;069601;2;;kg;Quality ASC Crevetten Black Tiger, easy peel, entdarmt, 6/8, tiefgekühlt, 1 kg;31.58;63.16;1.64216;7610034506091;0;0;1;;
90032154;64012268;2026-06-10;BGH;Food;610;371461;1;;Bt;Economy Pinienkerne, Gastropack, 1 kg;49.5;49.5;1.287;7610034525979;0;0;1;;
90032154;64012268;2026-06-10;BGH;Food;620;595351;1;;Ds;Quality MSC Thon hell Yellowfin solid nature, 6 x 1,88 kg;17.84;107.04;2.78304;7610034527263;0;0;1;;
90032154;64012268;2026-06-10;BGH;Metzgerei;630;001976;1;5.9;kg;Quality GGAP Lachs Filet, mit Haut, grätenarm, ca. 1,0 - 1,4 kg;17.72;104.548;2.718248;97610162230489;0;1;1;;
90032154;64012268;2026-06-10;BGH;Metzgerei;640;054350;1;7.687;kg;Yellowfin Thunfisch Filet, Mittelstück, Sashimiqualität, ready-to-eat, 2 x ca. 1,5 kg;24.65;189.48455;4.9265983;2905435999999;0;1;7;;
90032154;64012268;2026-06-10;BGH;Metzgerei;660;067563;2;;Bt;MSC Thunfisch Steak, ca. 170 - 230 g, tiefgekühlt, 1 kg;17.42;34.84;0.90584;8718104960060;0;0;1;;
90032154;64012268;2026-06-10;BGH;Metzgerei;670;001976;1;6.805;kg;Quality GGAP Lachs Filet, mit Haut, grätenarm, ca. 1,0 - 1,4 kg;17.72;120.5846;3.1351996;97610162230489;0;1;1;;
90032154;64012268;2026-06-10;BGH;Metzgerei;680;001977;1;2.464;kg;Quality GGAP Lachs Filet, ohne Haut, deepskin, grätenarm, ca. 1,2 - 1,4 kg;22.28;54.89792;1.42734592;97610162230472;0;0;1;;
90032154;64012268;2026-06-10;BGH;Metzgerei;690;081540;5;11.619;kg;Quality Bratspeck ohne Schwarte, ohne Knorpel, 1/1, ca. 3 kg;17.03;197.87157;5.14466082;2945670999996;0;0;1;;
90032154;64012268;2026-06-10;BGH;Metzgerei;700;053620;5;;St;Bell Beefsteak Tatar, Portionen, tiefgekühlt, 10 x 140 g;4.41;220.5;5.733;7610011021111;0;0;1;;
90032154;64012268;2026-06-10;BGH;Metzgerei;710;078256;5;12.379;kg;Quality Hinterschinken Tradition 1/3, ca. 2,4 kg;11.87;146.93873;3.82040698;2946205999993;0;1;1;;
90032154;64012268;2026-06-10;BGH;Metzgerei;720;082312;10;8.829;kg;Quality Chorizo pikant geschält, ca. 1 kg;21.09;186.20361;4.84129386;2951561999990;0;0;1;;
90032154;64012268;2026-06-10;BGH;Food;730;428170;1;;Bt;Nectaflor Pistazien grün, gehackt , 750 g;63.16;63.16;1.64216;7610184040902;0;1;1;;
90032154;64012268;2026-06-10;BGH;Nearfood;740;989511;1;;Pk;Duni Servietten, 1/8 Falz, 3-lagig, 40 x 40 cm, weiss, 5 x 250 St;9.1;45.5;3.6855;7321032028507;0;1;2;;
90032154;64012268;2026-06-10;BGH;Nearfood;750;997630;2;;Kt;Quality Handtuch, Z-Falz, 2-lagig, weiss, 25 x 140 St;31.27;62.54;5.06574;7610034520813;0;1;3;;
90032154;64012268;2026-06-10;BGH;Nearfood;760;992093;2;;Pk;Quality Toilettenpapier, 4-lagig, weiss, 160 Blatt, 24 Rl;16.37;32.74;2.65194;7610034532120;0;0;3;;
90032154;64012268;2026-06-10;BGH;Nearfood;770;975943;5;;Pk;Cotonette Wischtuch, blau, 60 x 38 cm, 50 St;12.14;60.7;4.9167;5425035596079;0;0;3;;
90032154;64012268;2026-06-10;BGH;Food;780;560280;2;;kg;JuraSel Speisesalz mit Jod, 25 kg;0.69;34.5;0.897;7610039000242;0;0;1;;
90032154;64012268;2026-06-10;BGH;Früchte + Gemüse;790;090140;3;;Bt;Frigemo Regiofrites Bärner TK, 4 x 2,5 kg;15.85;190.2;4.9452;7610078043163;0;0;1;;
90032154;64012268;2026-06-10;BGH;Food;800;234790;3;;kg;Carnaroli Risottoreis, 5 kg;4.43;66.45;1.7277;7610815101835;0;0;1;;
90032154;64012268;2026-06-10;BGH;Früchte + Gemüse;810;047754;1;4.2;kg;Limetten / Limes, 4,2 kg;2.43;10.206;0.265356;2905054999998;0;1;1;;
90032154;64012268;2026-06-10;BGH;Früchte + Gemüse;820;043957;5;;Sc;Patisson Mini Gemüse, ca. 9 St;7.31;36.55;0.9503;7610632991541;0;0;1;;
90032154;64012268;2026-06-10;BGH;Früchte + Gemüse;830;041777;5;;Sc;Fenchel Mini Gemüse, 8 St;6.59;32.95;0.8567;7610632978672;0;0;1;;
90032154;64012268;2026-06-10;BGH;Früchte + Gemüse;840;043507;2;;Bt;Maiskolben Mini, 250 g;7.13;14.26;0.37076;7640138832031;0;1;7;;
90032154;64012268;2026-06-10;BGH;Früchte + Gemüse;850;044667;5;;Sc;Mini Rüebli / Karotten mit Laubansatz, ca. 200 g;7.01;35.05;0.9113;7610632955345;0;0;1;;
90032154;64012268;2026-06-10;BGH;Molkerei/Backwaren;860;029921;2;;Pk;Kräuterbutter, Rosetten, 30 x 10 g;13.87;27.74;0.72124;7611243459154;0;0;1;;
90032154;64012268;2026-06-10;BGH;Früchte + Gemüse;870;000079;2;;St;Ifco LiftLock;3.2;6.4;0;2000007960008;0;0;0;;
90032154;64012268;2026-06-10;BGH;Früchte + Gemüse;880;000079;6;;St;Ifco LiftLock;3.2;19.2;0;2000007960008;0;0;0;;
90032154;64012268;2026-06-10;BGH;Früchte + Gemüse;890;000079;8;;St;Ifco LiftLock;3.2;25.6;0;2000007960008;0;0;0;;
90032154;64003981;2026-06-05;BGH;Früchte + Gemüse;10;000079;-18;;St;Ifco LiftLock;3.2;-57.6;0;2000007960008;0;0;0;;
90032154;64003981;2026-06-05;BGH;Früchte + Gemüse;10;044540;4;;kg;Rucola / Rauke ungewaschen, 1 kg;12.9;51.6;1.3416;7610514613219;0;0;1;;
90032154;64003981;2026-06-05;BGH;Früchte + Gemüse;20;041241;5;;St;Eichblattsalat rot / grün Schweiz Hydro, gemischt, 8 St;2.12;84.8;2.2048;7613399058038;0;0;7;;
90032154;64003981;2026-06-05;BGH;Früchte + Gemüse;21;000079;5;;St;Ifco LiftLock;3.2;16;0;2000007960008;0;0;0;;
90032154;64003981;2026-06-05;BGH;Früchte + Gemüse;30;040329;5;;Bt;Basilikum, 1 kg;23.71;118.55;3.0823;7610632989975;0;1;1;;
90032154;64003981;2026-06-05;BGH;Früchte + Gemüse;40;043598;1;;Bt;Minze, 250 g;8.72;8.72;0.22672;7610632977873;0;0;1;;
90032154;64003981;2026-06-05;BGH;Molkerei/Backwaren;50;024440;3;;Tp;Quality Vollrahm 35%, UHT, 12 x 1 l;5.84;210.24;5.46624;7610034505315;0;0;1;;
90032154;64003981;2026-06-05;BGH;Früchte + Gemüse;60;049135;7;;kg;Champignons weiss, frisch, 1 kg;8.44;59.08;1.53608;7610632995211;0;0;1;;
90032154;64003981;2026-06-05;BGH;Früchte + Gemüse;70;044776;1;;Ki;Schnittsalat Oriental, 800 g;21.15;21.15;0.5499;7610632965849;0;0;1;;
90032154;64003981;2026-06-05;BGH;Früchte + Gemüse;80;045708;1;;kg;Zucchetti CH, 5 kg;3.86;19.3;0.5018;7610632980538;0;1;1;;
90032154;64003981;2026-06-05;BGH;Früchte + Gemüse;81;000079;1;;St;Ifco LiftLock;3.2;3.2;0;2000007960008;0;0;0;;
90032154;64003981;2026-06-05;BGH;Früchte + Gemüse;90;043957;3;;Sc;Patisson Mini Gemüse, ca. 9 St;7.31;21.93;0.57018;7610632991541;0;0;1;;
90032154;64003981;2026-06-05;BGH;Früchte + Gemüse;100;044139;1;;kg;Peperoni Mini Mix, 3 kg;8.72;26.16;0.68016;7610632970782;0;0;1;;
90032154;64003981;2026-06-05;BGH;Früchte + Gemüse;110;043507;3;;Bt;Maiskolben Mini, 250 g;8.01;24.03;0.62478;7640138832031;0;0;7;;
90032154;64003981;2026-06-05;BGH;Früchte + Gemüse;120;041777;2;;Sc;Fenchel Mini Gemüse, 8 St;6.59;13.18;0.34268;7610632978672;0;0;1;;
90032154;64003981;2026-06-05;BGH;Früchte + Gemüse;130;048109;1;;kg;Orangen blond, 7 kg;2.12;14.84;0.38584;7610632471906;0;0;1;;
90032154;64003981;2026-06-05;BGH;Früchte + Gemüse;131;000079;1;;St;Ifco LiftLock;3.2;3.2;0;2000007960008;0;0;0;;
90032154;64003981;2026-06-05;BGH;Molkerei/Backwaren;140;027310;1;;kg;Economy Butter, 10 x 1 kg;13.22;132.2;3.4372;7610034508224;0;0;1;;
90032154;64003981;2026-06-05;BGH;Molkerei/Backwaren;150;016601;5;;kg;Quality Grana Padano DOP, gerieben, 1 kg;16.08;80.4;2.0904;4388040340352;0;0;7;;
90032154;64003981;2026-06-05;BGH;Molkerei/Backwaren;160;096400;1;;St;Backhefe, Würfel, 24 x 42 g;0.29;6.96;0.18096;7610926000515;0;0;1;;
90032154;64003981;2026-06-05;BGH;Früchte + Gemüse;170;044107;1;;kg;Peperoni Tricolor, Import, 5 kg;3.22;16.1;0.4186;7610632977132;0;1;1;;
90032154;64003981;2026-06-05;BGH;Früchte + Gemüse;171;000079;1;;St;Ifco LiftLock;3.2;3.2;0;2000007960008;0;0;0;;
90032154;64003981;2026-06-05;BGH;Früchte + Gemüse;180;040972;2;;kg;Cherry Rispentomaten, 3 kg;9.6;57.6;1.4976;7610632984666;0;0;1;;
90032154;64003981;2026-06-05;BGH;Früchte + Gemüse;181;000079;2;;St;Ifco LiftLock;3.2;6.4;0;2000007960008;0;0;0;;
90032154;64003981;2026-06-05;BGH;Früchte + Gemüse;190;042020;3;;St;Gurken 400 - 500 g / St, 4 St;2.12;25.44;0.66144;7610632994153;0;0;1;;
90032154;64003981;2026-06-05;BGH;Food;200;400600;1;;Ds;Economy Gurken, längsschnitt, 4 kg;13.37;13.37;0.34762;7610034513204;0;0;1;;
90032154;64003981;2026-06-05;BGH;Früchte + Gemüse;210;042592;1;;Ds;Knoblauch Original ganz geschält, 1kg;11.01;11.01;0.28626;3700430300004;0;0;7;;
90032154;64003981;2026-06-05;BGH;Molkerei/Backwaren;220;025020;1;;Kt;Kaffeerahm Portionen ohne Logo, UHT, 200 x 12 g;12.07;12.07;0.31382;7610900008056;0;0;1;;
90032154;64003981;2026-06-05;BGH;Metzgerei;230;001977;1;1.248;kg;Quality GGAP Lachs Filet, ohne Haut, deepskin, grätenarm, ca. 1,2 - 1,4 kg;22.67;28.29216;0.73559616;97610162230472;0;0;1;;
90032154;64003981;2026-06-05;BGH;Metzgerei;240;002454;1;2.242;kg;Quality Lachsforellen Filet, mit Haut, grätenarm, ca. 130 - 180 g, ca. 1 kg;21.58;48.38236;1.25794136;97610162250661;0;0;1;;
90032154;64003981;2026-06-05;BGH;Metzgerei;250;080420;2;;kg;ASC Goldbrassen Filet, mit Haut, grätenarm, ca. 90 - 120 g, tiefgekühlt, 5 x 1 kg;16.78;167.8;4.3628;7610034516311;0;1;1;;
90032154;64003981;2026-06-05;BGH;Metzgerei;260;080420;3;;kg;ASC Goldbrassen Filet, mit Haut, grätenarm, ca. 90 - 120 g, tiefgekühlt, 5 x 1 kg;16.78;251.7;6.5442;7610034516311;0;1;1;;
90032154;64003981;2026-06-05;BGH;Metzgerei;270;001992;1;3.048;kg;Quality GGAP Goldbrassen Filet, mit Haut, grätenarm, ca. 90-140 g, ca. 1 kg;26.63;81.16824;2.11037424;97610162283126;0;0;1;;
90032154;64003981;2026-06-05;BGH;Metzgerei;280;002409;2;3.349;kg;Rinds-Filetspitz Kopf II, ca. 1,5 kg;39.5;132.2855;3.439423;97610100000006;0;0;1;;
90032154;64003981;2026-06-05;BGH;Metzgerei;290;078255;1;4.876;kg;Quality Hinterschinken Tradition 1/2, ca. 4,6 kg;13.07;63.72932;1.65696232;2950465999990;0;0;1;;
90032154;64003981;2026-06-05;BGH;Food;300;412860;2;;Gl;Natura Bio Tomaten, getrocknet, in Öl, 970 g;14.36;28.72;0.74672;9010054140929;0;0;7;;
90032154;64003981;2026-06-05;BGH;Food;310;590111;1;;Lt;Quality Sonnenblumenöl, 20 l;4.41;88.2;2.2932;7610034515024;0;0;1;;
90032154;64003981;2026-06-05;BGH;Food;320;100070;1;;Lt;Economy Frittieröl, 20 l;4.45;89;2.314;7610034508873;0;0;1;;
90032154;64003981;2026-06-05;BGH;Metzgerei;330;073270;5;;St;Quality Poulet Bratwurst, 120 g;1.18;47.2;1.2272;7610162404177;0;1;7;;
90032154;64003981;2026-06-05;BGH;Früchte + Gemüse;340;000079;2;;St;Ifco LiftLock;3.2;6.4;0;2000007960008;0;0;0;;
90032154;64003981;2026-06-05;BGH;Früchte + Gemüse;350;000079;2;;St;Ifco LiftLock;3.2;6.4;0;2000007960008;0;0;0;;
90032154;64003981;2026-06-05;BGH;Früchte + Gemüse;360;000079;4;;St;Ifco LiftLock;3.2;12.8;0;2000007960008;0;0;0;;
90032154;63999537;2026-06-03;BGH;Früchte + Gemüse;10;000079;-44;;St;Ifco LiftLock;3.2;-140.8;0;2000007960008;0;0;0;;
90032154;63999537;2026-06-03;BGH;Nonfood;10;989812;10;;Pk;Salatschale Karton rund FSC 750 ml Pack zu 50 Stück;19.07;190.7;15.4467;5901360017286;0;0;3;;
90032154;63999537;2026-06-03;BGH;Nearfood;10;997030;3;;Kt;Quality Handtuch V-Falz, 2-lagig, weiss, 12 x 175 St;30.11;90.33;7.31673;7610034509603;0;0;3;;
90032154;63999537;2026-06-03;BGH;Nearfood;20;975943;8;;Pk;Cotonette Wischtuch, blau, 60 x 38 cm, 50 St;12.14;97.12;7.86672;5425035596079;0;0;3;;
90032154;63999537;2026-06-03;BGH;Nonfood;20;989814;7;;Pk;Deckel PP zu Salatschale rund Pack zu 50 Stück;10.53;73.71;5.97051;4010494919753;0;0;3;;
90032154;63999537;2026-06-03;BGH;Nearfood;30;989510;10;;Pk;Duni Servietten, 1/8 Falz, 3-lagig, 40 x 40 cm, weiss, 250 St;9.1;91;7.371;7321012028503;0;1;3;;
90032154;63999537;2026-06-03;BGH;Nearfood;30;993320;2;;Rl;Quality Wischtücher Midi, 2-lagig, weiss, 450 Blatt, 6 Rl;6.78;81.36;6.59016;7610034546196;0;0;3;;
90032154;63999537;2026-06-03;BGH;Nearfood;40;975930;10;;Pk;Pascale Magic Schwamm reinigt ohne Reinigungsmittel, 2 St;2.16;21.6;1.7496;7610588899007;0;0;2;;
90032154;63999537;2026-06-03;BGH;Nonfood;50;986021;6;;St;Stölzle Pisa Weinkrug, 5 dl geeicht;7.21;43.26;3.50406;9001518007230;0;0;2;;
90032154;63999537;2026-06-03;BGH;Nonfood;60;986182;5;;St;Budelle Weinkrug, 5 dl geeicht;23.23;116.15;9.40815;017400026103;0;0;2;;
90032154;63999537;2026-06-03;BGH;Nonfood;70;999611;2;;Pk;Thermorolle  80/80/12 mm, 10 Pack zu 5 Rollen;9.88;197.6;16.0056;7612417113186;0;0;2;;
90032154;63999537;2026-06-03;BGH;Nonfood;80;999501;2;;Pk;Thermorolle 57/39/12 mm, 2 Pack zu 10 Rollen;7.8;93.6;7.5816;7612417113193;0;0;2;;
90032154;63999537;2026-06-03;BGH;Nearfood;90;975483;1;;Pk;Scotch-Brite Geschirrschwamm gelb, 10 x 2 St;21.62;21.62;1.75122;7612246280080;0;0;2;;
90032154;63999537;2026-06-03;BGH;Molkerei/Backwaren;100;520172;6;;Tp;Gustovo Eiweiss flüssig Schweiz, Freiland, pasteurisiert, 1 kg;8.76;52.56;1.36656;7640138979422;0;0;1;;
90032154;63999537;2026-06-03;BGH;Nonfood;110;981727;6;;Pk;Tragtasche Kraft Uni 22 x 28 cm Pack zu 50 Stück;16.74;100.44;8.13564;4002911871874;0;0;3;;
90032154;63999537;2026-06-03;BGH;Food;120;566330;6;;Fl;Heinz Tomato Ketchup, 800 ml;4.41;26.46;0.68796;87157277;0;1;1;;
90032154;63999537;2026-06-03;BGH;Früchte + Gemüse;130;041241;3;;St;Eichblattsalat rot / grün Schweiz Hydro, gemischt, 8 St;2.12;50.88;1.32288;7613399058038;0;0;7;;
90032154;63999537;2026-06-03;BGH;Früchte + Gemüse;131;000079;3;;St;Ifco LiftLock;3.2;9.6;0;2000007960008;0;0;0;;
90032154;63999537;2026-06-03;BGH;Früchte + Gemüse;140;043376;1;;Sc;Little Gem, ca. 290 g;4.42;4.42;0.11492;7610632991510;0;0;1;;
90032154;63999537;2026-06-03;BGH;Früchte + Gemüse;150;040258;2;;kg;Auberginen, 5 kg;5.01;50.1;1.3026;7610632977057;0;0;1;;
90032154;63999537;2026-06-03;BGH;Früchte + Gemüse;151;000079;2;;St;Ifco LiftLock;3.2;6.4;0;2000007960008;0;0;0;;
90032154;63999537;2026-06-03;BGH;Früchte + Gemüse;160;044107;2;;kg;Peperoni Tricolor, Import, 5 kg;3.22;32.2;0.8372;7610632977132;0;1;1;;
90032154;63999537;2026-06-03;BGH;Früchte + Gemüse;161;000079;2;;St;Ifco LiftLock;3.2;6.4;0;2000007960008;0;0;0;;
90032154;63999537;2026-06-03;BGH;Früchte + Gemüse;170;040673;1;2.92;kg;Broccoli, ca. 3,5kg;4.75;13.87;0.36062;2903733999994;0;1;1;;
90032154;63999537;2026-06-03;BGH;Früchte + Gemüse;171;000079;1;;St;Ifco LiftLock;3.2;3.2;0;2000007960008;0;0;0;;
90032154;63999537;2026-06-03;BGH;Früchte + Gemüse;180;049135;10;;kg;Champignons weiss, frisch, 1 kg;8.44;84.4;2.1944;7610632995211;0;0;1;;
90032154;63999537;2026-06-03;BGH;Früchte + Gemüse;190;044643;2;;Bt;Quality Rüebli- Karotten Julienne, 1,6 mm, 1 kg;4.7;9.4;0.2444;7610034507050;0;0;1;;
90032154;63999537;2026-06-03;BGH;Molkerei/Backwaren;200;013742;1;;Pk;Züger Cheddar rot, Scheiben, 9 x 9 cm, 1 kg;16.08;16.08;0.41808;7640166794127;0;0;1;;
90032154;63999537;2026-06-03;BGH;Früchte + Gemüse;210;040972;3;;kg;Cherry Rispentomaten, 3 kg;9.6;86.4;2.2464;7610632984666;0;0;1;;
90032154;63999537;2026-06-03;BGH;Früchte + Gemüse;211;000079;3;;St;Ifco LiftLock;3.2;9.6;0;2000007960008;0;0;0;;
90032154;63999537;2026-06-03;BGH;Früchte + Gemüse;220;042020;8;;St;Gurken 400 - 500 g / St, 4 St;2.12;67.84;1.76384;7610632994153;0;0;1;;
90032154;63999537;2026-06-03;BGH;Molkerei/Backwaren;230;010201;3;;Bt;Economy Gran Moravia, gerieben, 1 kg;15.63;46.89;1.21914;4388040201158;0;0;7;;
90032154;63999537;2026-06-03;BGH;Molkerei/Backwaren;240;012201;10;;Bt;Economy Gran Moravia, gehobelt, 500 g;8.7;87;2.262;4388040201172;0;0;7;;
90032154;63999537;2026-06-03;BGH;Molkerei/Backwaren;250;020201;6;;Be;Granarolo Mascarpone 38%, 500 g;5.93;35.58;0.92508;8002670002027;0;0;1;;
90032154;63999537;2026-06-03;BGH;Früchte + Gemüse;260;044776;1;;Ki;Schnittsalat Oriental, 800 g;22.68;22.68;0.58968;7610632965849;0;0;1;;
90032154;63999537;2026-06-03;BGH;Metzgerei;270;002409;3;4.557;kg;Rinds-Filetspitz Kopf II, ca. 1,5 kg;39.5;180.0015;4.680039;97610100000006;0;0;1;;
90032154;63999537;2026-06-03;BGH;Molkerei/Backwaren;280;018891;5;;Ds;Ömür Hirtenkäse 55%, 800 g;9.76;48.8;1.2688;4002566002449;0;0;1;;
90032154;63999537;2026-06-03;BGH;Molkerei/Backwaren;290;014810;1;;St;Mozzarella di Bufala Campana DOP, 16 x 125 g;2.24;35.84;0.93184;80434238;0;0;1;;
90032154;63999537;2026-06-03;BGH;Molkerei/Backwaren;300;095210;2;;St;Eier Import, Bodenhaltung, 53g+, 90 Stück;0.4;72;1.872;7640104163138;0;0;1;;
90032154;63999537;2026-06-03;BGH;Molkerei/Backwaren;310;008700;2;;kg;Quality Vollei flüssig Import, Bodenhaltung, pasteurisiert, 10 kg;6.78;135.6;3.5256;4388040268236;0;0;1;;
90032154;63999537;2026-06-03;BGH;Früchte + Gemüse;320;044166;2;;Bt;Petersilie glatt Liscio gepackt, 500 g;7.31;14.62;0.38012;7610632980170;0;0;1;;
90032154;63999537;2026-06-03;BGH;Früchte + Gemüse;330;043502;2;;Sc;Microgreen Duo, 80 g;4.95;9.9;0.2574;7630051908470;0;0;7;;
90032154;63999537;2026-06-03;BGH;Früchte + Gemüse;340;046922;4;;Sc;Blueberries, 500 g;6.07;24.28;0.63128;7610632010297;0;0;1;;
90032154;63999537;2026-06-03;BGH;Früchte + Gemüse;350;047376;1;;Sc;Himbeeren, Import, 250 g;4.95;4.95;0.1287;7628072012603;0;0;1;;
90032154;63999537;2026-06-03;BGH;Früchte + Gemüse;360;047106;1;;Sc;Erdbeeren, Inland, 500 g;5.3;5.3;0.1378;7610632035320;0;1;1;;
90032154;63999537;2026-06-03;BGH;Metzgerei;370;067090;1;;kg;GGAP Lachsforellen Filet, mit Haut, grätenarm, ca. 130 - 160 g, tiefgekühlt, 5 x 1 kg;15.74;78.7;2.0462;8718564925906;0;0;7;;
90032154;63999537;2026-06-03;BGH;Metzgerei;380;068150;1;;kg;Economy ASC Crevetten Black Tiger, geschält, entdarmt, 8/12, tiefgekühlt, 10 x 1 kg;19.6;196;5.096;7610034523555;0;0;7;;
90032154;63999537;2026-06-03;BGH;Metzgerei;390;069601;1;;kg;Quality ASC Crevetten Black Tiger, easy peel, entdarmt, 6/8, tiefgekühlt, 1 kg;31.58;31.58;0.82108;7610034506091;0;0;1;;
90032154;63999537;2026-06-03;BGH;Metzgerei;400;001502;4;10.58;kg;Poulet Brust ohne Haut mit Innenfilet, 90-220 g, ca. 2,5 kg;20.69;218.9002;5.6914052;97610011945694;0;0;1;;
90032154;63999537;2026-06-03;BGH;Metzgerei;410;068576;1;;kg;Zander Filet Royal, mit Haut, ca. 140 - 160 g, tiefgekühlt, 5 kg;24.65;123.25;3.2045;7610162240645;0;0;1;;
90032154;63999537;2026-06-03;BGH;Früchte + Gemüse;420;090140;2;;Bt;Frigemo Regiofrites Bärner TK, 4 x 2,5 kg;15.85;126.8;3.2968;7610078043163;0;0;1;;
90032154;63999537;2026-06-03;BGH;Metzgerei;430;086133;1;1.245;kg;Quality Bündnerfleisch Eckstück, Deutschland/Österreich, 1/2 ca. 1,5 kg;58.31;72.59595;1.8874947;2965474999992;0;0;1;;
90032154;63999537;2026-06-03;BGH;Metzgerei;440;078255;4;18.964;kg;Quality Hinterschinken Tradition 1/2, ca. 4,6 kg;13.07;247.85948;6.44434648;2950465999990;0;0;1;;
90032154;63999537;2026-06-03;BGH;Früchte + Gemüse;450;000079;7;;St;Ifco LiftLock;3.2;22.4;0;2000007960008;0;0;0;;
90032154;63999537;2026-06-03;BGH;Früchte + Gemüse;460;000079;6;;St;Ifco LiftLock;3.2;19.2;0;2000007960008;0;0;0;;
90032154;63995084;2026-06-01;BGH;Metzgerei;10;056251;3;11.17;kg;Fernheim Rinds-Entrecote Paraguay, ca. 3,5 kg;34.64;386.9288;10.0601488;2856251999994;0;1;1;;
90032154;63995084;2026-06-01;BGH;Früchte + Gemüse;20;000079;1;;St;Ifco LiftLock;3.2;3.2;0;2000007960008;0;0;0;;
90032154;63987201;2026-05-29;BGH;Früchte + Gemüse;10;000079;-14;;St;Ifco LiftLock;3.2;-44.8;0;2000007960008;0;0;0;;
90032154;63987201;2026-05-29;BGH;Früchte + Gemüse;10;042592;1;;Ds;Knoblauch Original ganz geschält, 1kg;8.22;8.22;0.21372;3700430300004;0;1;7;;
90032154;63987201;2026-05-29;BGH;Metzgerei;10;068150;1;;kg;Economy ASC Crevetten Black Tiger, geschält, entdarmt, 8/12, tiefgekühlt, 10 x 1 kg;19.6;196;5.096;7610034523555;0;0;7;;
90032154;63987201;2026-05-29;BGH;Food;10;201530;6;;Fl;Sriracha Hot Chilli Sauce, 815 g;5.34;32.04;0.83304;016229912420;0;0;1;;
90032154;63987201;2026-05-29;BGH;Food;10;260941;1;;kg;Haco Weisse Basis Minute, 2 x 3 kg;16.81;100.86;2.62236;7610121933038;0;0;1;;
90032154;63987201;2026-05-29;BGH;Nonfood;10;985201;1;;Rl;Kehrichtsack OKS mit Zugband 110L Karton zu 15 Rollen zu 10 Stück;3.64;54.6;4.4226;2098520130008;0;0;2;;
90032154;63987201;2026-05-29;BGH;Früchte + Gemüse;20;090744;1;;kg;Quality Waldbeerenmischung, TK, 2 x 2,5 kg;12.77;63.85;1.6601;7610034512450;0;1;1;;
90032154;63987201;2026-05-29;BGH;Food;30;115081;1;;Lt;Quality Frito 2000 Gold, Frittieröl, 20 l;3.95;79;2.054;7610034515079;0;1;1;;
90032154;63987201;2026-05-29;BGH;Früchte + Gemüse;40;046240;3;;St;Ananas Schiff, ca. 1,5 kg;3.51;10.53;0.27378;5425003611179;0;0;1;;
90032154;63987201;2026-05-29;BGH;Früchte + Gemüse;50;047138;3;;Sc;Erdbeeren Import, 500 g;6.71;20.13;0.52338;7610632070444;0;0;1;;
90032154;63987201;2026-05-29;BGH;Früchte + Gemüse;60;046922;3;;Sc;Blueberries, 500 g;6.19;18.57;0.48282;7610632010297;0;0;1;;
90032154;63987201;2026-05-29;BGH;Molkerei/Backwaren;80;010201;15;;Bt;Economy Gran Moravia, gerieben, 1 kg;15.63;234.45;6.0957;4388040201158;0;0;7;;
90032154;63987201;2026-05-29;BGH;Molkerei/Backwaren;90;012201;10;;Bt;Economy Gran Moravia, gehobelt, 500 g;8.7;87;2.262;4388040201172;0;0;7;;
90032154;63987201;2026-05-29;BGH;Molkerei/Backwaren;100;008700;4;;kg;Quality Vollei flüssig Import, Bodenhaltung, pasteurisiert, 10 kg;5.79;231.6;6.0216;4388040268236;0;1;1;;
90032154;63987201;2026-05-29;BGH;Molkerei/Backwaren;110;520169;7;;Tp;Gustovo Eigelb flüssig Schweiz, Freiland, pasteurisiert, 1 kg;11.29;79.03;2.05478;7640138979446;0;0;1;;
90032154;63987201;2026-05-29;BGH;Nonfood;120;991237;2;;Pk;Backstar Backpapier GN 1/1 53 x 32,5 cm Pack zu 300 Bogen;30.98;61.96;5.01876;7610222012854;0;0;2;;
90032154;63987201;2026-05-29;BGH;Früchte + Gemüse;130;042020;10;;St;Gurken 400 - 500 g / St, 4 St;1.68;67.2;1.7472;7610632994153;0;1;1;;
90032154;63987201;2026-05-29;BGH;Molkerei/Backwaren;150;098291;3;;St;Romer's Partybrötli, vorgebacken, tiefgekühlt, 60 x 32 g;0.36;64.8;1.6848;7611075114498;0;1;1;;
90032154;63987201;2026-05-29;BGH;Food;160;399051;1;;Bi;Del Duca Aceto Balsamico di Modena IGP, 3 l;25.33;25.33;0.65858;8000224005043;0;1;1;;
90032154;63987201;2026-05-29;BGH;Food;170;153062;3;;Pk;Thomy Sauce Hollandaise, 1 l;8.62;25.86;0.67236;7610100021190;0;1;1;;
90032154;63987201;2026-05-29;BGH;Wein;180;639240;1;;Bx;Montagne Belle Allure Vin Rouge, 10 l BiB;21.78;21.78;1.76418;7610593204872;0;0;3;;
90032154;63987201;2026-05-29;BGH;Food;190;246320;2;;Ds;Parmadoro Tomatenpüree zweifach konzentriert, 850 g;6.41;76.92;1.99992;7614200510349;0;0;1;;
90032154;63987201;2026-05-29;BGH;Metzgerei;200;002409;5;7.656;kg;Rinds-Filetspitz Kopf II, ca. 1,5 kg;39.5;302.412;7.862712;97610100000006;0;0;1;;
90032154;63987201;2026-05-29;BGH;Metzgerei;210;054912;2;10.08;kg;Rinds-Hackfleisch, 5 mm, ca. 5 kg;18.32;184.6656;4.8013056;2962490999999;0;0;1;;
90032154;63987201;2026-05-29;BGH;Metzgerei;220;053620;3;;St;Bell Beefsteak Tatar, Portionen, tiefgekühlt, 10 x 140 g;4.41;132.3;3.4398;7610011021111;0;0;1;;
90032154;63987201;2026-05-29;BGH;Früchte + Gemüse;230;047376;3;;Sc;Himbeeren, Import, 250 g;4.95;14.85;0.3861;7628072012603;0;0;1;;
90032154;63987201;2026-05-29;BGH;Molkerei/Backwaren;240;099231;1;;St;Romer's Schraubenbrot dunkel, vorgebacken, tiefgekühlt, 5 x 240 g;2.07;10.35;0.2691;7611075119592;0;0;1;;
90032154;63987201;2026-05-29;BGH;Food;250;590170;1;;Kt;Hero Konfitüre Sortiment L, Portionen, 72 x 28,3 g;47.55;47.55;1.2363;7614200832656;0;0;1;;
90032154;63987201;2026-05-29;BGH;Molkerei/Backwaren;260;026260;1;;kg;Emmi Suisse Yogourt Nature, 3 kg;2.05;6.15;0.1599;7610900127115;0;1;1;;
90032154;63987201;2026-05-29;BGH;Metzgerei;270;082312;4;3.796;kg;Quality Chorizo pikant geschält, ca. 1 kg;21.09;80.05764;2.08149864;2951561999990;0;0;1;;
90032154;63987201;2026-05-29;BGH;Metzgerei;280;078255;4;19.27;kg;Quality Hinterschinken Tradition 1/2, ca. 4,6 kg;14.75;284.2325;7.390045;2950465999990;0;0;1;;
90032154;63987201;2026-05-29;BGH;Metzgerei;290;082551;1;0.88;kg;Bell Bündnerfleisch, Unterspälte, 1/2, ca. 1 kg;69.2;60.896;1.583296;2961706999990;0;0;1;;
90032154;63987201;2026-05-29;BGH;Metzgerei;300;062882;2;;kg;Fredag Yakitori Satay Poulet Spiessli, tiefgekühlt, Thailand, 67 x 30 g, 2 x 1 kg;19.7;78.8;2.0488;7610745053013;0;0;1;;
90032154;63987201;2026-05-29;BGH;Molkerei/Backwaren;310;018652;1;;kg;Züger Filona Frischkäse, Nature, 5 kg;10.28;51.4;1.3364;7640171280233;0;0;7;;
90032154;63987201;2026-05-29;BGH;Molkerei/Backwaren;330;024440;3;;Tp;Quality Vollrahm 35%, UHT, 12 x 1 l;5.84;210.24;5.46624;7610034505315;0;0;1;;
90032154;63987201;2026-05-29;BGH;Molkerei/Backwaren;340;020201;12;;Be;Granarolo Mascarpone 38%, 500 g;5.93;71.16;1.85016;8002670002027;0;0;1;;
90032154;63987201;2026-05-29;BGH;Früchte + Gemüse;350;044107;5;;kg;Peperoni Tricolor, Import, 5 kg;3.89;97.25;2.5285;7610632977132;0;0;1;;
90032154;63987201;2026-05-29;BGH;Früchte + Gemüse;351;000079;5;;St;Ifco LiftLock;3.2;16;0;2000007960008;0;0;0;;
90032154;63987201;2026-05-29;BGH;Früchte + Gemüse;360;044139;1;;kg;Peperoni Mini Mix, 3 kg;8.72;26.16;0.68016;7610632970782;0;0;1;;
90032154;63987201;2026-05-29;BGH;Früchte + Gemüse;370;041241;4;;St;Eichblattsalat rot / grün Schweiz Hydro, gemischt, 8 St;2.12;67.84;1.76384;7613399058038;0;0;7;;
90032154;63987201;2026-05-29;BGH;Früchte + Gemüse;371;000079;4;;St;Ifco LiftLock;3.2;12.8;0;2000007960008;0;0;0;;
90032154;63987201;2026-05-29;BGH;Früchte + Gemüse;380;043993;1;3;kg;Peperoncini rot, ca. 3 kg;10.54;31.62;0.82212;2960473999998;0;0;1;;
90032154;63987201;2026-05-29;BGH;Food;390;403240;2;;Ds;Mae Ploy, Curry Paste rot, 400 g;3.39;6.78;0.17628;044738102346;0;0;1;;
90032154;63987201;2026-05-29;BGH;Food;400;401351;2;;St;Thai Kitchen Kokosnussmilch, 6 x 250 ml;2.99;35.88;0.93288;5021047105027;0;0;1;;
90032154;63987201;2026-05-29;BGH;Food;410;438073;3;;Sc;Picosa Datteltomaten getrocknet, 1,1 kg;24.12;72.36;1.88136;7610107110569;0;0;1;;
90032154;63987201;2026-05-29;BGH;Food;430;392010;1;;Bt;Hügli Bio Demi-Glace vegan, 3 kg;58.41;58.41;1.51866;7611400943670;0;1;1;;
90032154;63987201;2026-05-29;BGH;Molkerei/Backwaren;440;027310;2;;kg;Economy Butter, 10 x 1 kg;13.22;264.4;6.8744;7610034508224;0;0;1;;
90032154;63987201;2026-05-29;BGH;Früchte + Gemüse;450;045188;1;;Bt;Thymian, 250 g;8.72;8.72;0.22672;7610632948002;0;0;1;;
90032154;63987201;2026-05-29;BGH;Früchte + Gemüse;460;040328;1;;Bt;Basilikum, 250 g;8.66;8.66;0.22516;7610632989968;0;0;1;;
90032154;63987201;2026-05-29;BGH;Früchte + Gemüse;470;044156;1;;Bt;Petersilie gekraust, gepackt, 500 g;7.31;7.31;0.19006;7610632995082;0;0;1;;
90032154;63987201;2026-05-29;BGH;Früchte + Gemüse;480;043521;1;;Sc;Umami Microgreen Proteinmix, 80 g;10.02;10.02;0.26052;7629999278882;0;0;7;;
90032154;63987201;2026-05-29;BGH;Früchte + Gemüse;490;043502;3;;Sc;Microgreen Duo, 80 g;4.95;14.85;0.3861;7630051908470;0;0;7;;
90032154;63987201;2026-05-29;BGH;Molkerei/Backwaren;500;027581;2;;St;Emmi Kräuterbutter, Stange, 500 g;13.93;27.86;0.72436;7610900154289;0;0;1;;
90032154;63987201;2026-05-29;BGH;Früchte + Gemüse;510;044980;5;;Bd;Spargeln grün, Europa, 1 kg;11.54;57.7;1.5002;8437000507161;0;0;1;;
90032154;63987201;2026-05-29;BGH;Früchte + Gemüse;520;044643;2;;Bt;Quality Rüebli- Karotten Julienne, 1,6 mm, 1 kg;4.7;9.4;0.2444;7610034507050;0;0;1;;
90032154;63987201;2026-05-29;BGH;Früchte + Gemüse;530;044667;6;;Sc;Mini Rüebli / Karotten mit Laubansatz, ca. 200 g;7.01;42.06;1.09356;7610632955345;0;0;1;;
90032154;63987201;2026-05-29;BGH;Früchte + Gemüse;540;044628;1;;kg;Rüebli / Karotten mittel gewaschen, 10 kg;1.82;18.2;0.4732;7613399004202;0;0;1;;
90032154;63987201;2026-05-29;BGH;Früchte + Gemüse;541;000079;1;;St;Ifco LiftLock;3.2;3.2;0;2000007960008;0;0;0;;
90032154;63987201;2026-05-29;BGH;Früchte + Gemüse;550;040258;3;;kg;Auberginen, 5 kg;3.77;56.55;1.4703;7610632977057;0;0;1;;
90032154;63987201;2026-05-29;BGH;Früchte + Gemüse;551;000079;3;;St;Ifco LiftLock;3.2;9.6;0;2000007960008;0;0;0;;
90032154;63987201;2026-05-29;BGH;Früchte + Gemüse;560;040972;3;;kg;Cherry Rispentomaten, 3 kg;9.07;81.63;2.12238;7610632984666;0;0;1;;
90032154;63987201;2026-05-29;BGH;Früchte + Gemüse;561;000079;3;;St;Ifco LiftLock;3.2;9.6;0;2000007960008;0;0;0;;
90032154;63987201;2026-05-29;BGH;Früchte + Gemüse;570;043957;6;;Sc;Patisson Mini Gemüse, ca. 9 St;7.31;43.86;1.14036;7610632991541;0;0;1;;
90032154;63987201;2026-05-29;BGH;Früchte + Gemüse;580;041777;6;;Sc;Fenchel Mini Gemüse, 8 St;6.59;39.54;1.02804;7610632978672;0;0;1;;
90032154;63987201;2026-05-29;BGH;Früchte + Gemüse;590;045777;5;;Sc;Zucchetti Mini-Gemüse ohne Blüte, ca. 5 - 6 Stück;7.77;38.85;1.0101;7610632991527;0;0;1;;
90032154;63987201;2026-05-29;BGH;Früchte + Gemüse;600;045691;1;0.942;kg;Zucchetti gelb gepackt, ca. 800 g;5.31;5.00202;0.13005252;2961551999992;0;0;1;;
90032154;63987201;2026-05-29;BGH;Früchte + Gemüse;610;045708;3;;kg;Zucchetti CH, 5 kg;4.69;70.35;1.8291;7610632980538;0;0;1;;
90032154;63987201;2026-05-29;BGH;Früchte + Gemüse;611;000079;3;;St;Ifco LiftLock;3.2;9.6;0;2000007960008;0;0;0;;
90032154;63987201;2026-05-29;BGH;Früchte + Gemüse;620;044720;2;;Bd;Salbei Bund, 80 g;4.18;8.36;0.21736;7610632942598;0;0;1;;
90032154;63987201;2026-05-29;BGH;Molkerei/Backwaren;630;022600;1;;Tp;Quality Vollmilch 3,5%, UHT, 12 x 1 l;1.27;15.24;0.39624;7610034507807;0;0;1;;
90032154;63987201;2026-05-29;BGH;Früchte + Gemüse;640;048827;1;;kg;Zitronen, 6 kg;3.47;20.82;0.54132;7610632320723;0;0;1;;
90032154;63987201;2026-05-29;BGH;Früchte + Gemüse;641;000079;1;;St;Ifco LiftLock;3.2;3.2;0;2000007960008;0;0;0;;
90032154;63987201;2026-05-29;BGH;Molkerei/Backwaren;650;022671;5;;Tp;Alpro Haferdrink, 1 l;3.54;17.7;0.4602;5411188116028;0;0;1;;
90032154;63987201;2026-05-29;BGH;Früchte + Gemüse;660;044540;3;;kg;Rucola / Rauke ungewaschen, 1 kg;12.9;38.7;1.0062;7610514613219;0;0;1;;
90032154;63987201;2026-05-29;BGH;Früchte + Gemüse;670;049247;3;;Sc;Champignons weiss geschnitten, frisch, 1 kg;9.76;29.28;0.76128;7610439900265;0;0;1;;
90032154;63987201;2026-05-29;BGH;Früchte + Gemüse;680;045882;1;;kg;Zwiebeln gross, 10 kg;1.62;16.2;0.4212;7628072003557;0;0;7;;
90032154;63987201;2026-05-29;BGH;Früchte + Gemüse;681;000079;1;;St;Ifco LiftLock;3.2;3.2;0;2000007960008;0;0;0;;
90032154;63987201;2026-05-29;BGH;Molkerei/Backwaren;690;019631;1;;Be;Philadelphia, 1,65 kg;19.75;19.75;0.5135;4000339034840;0;0;1;;
90032154;63987201;2026-05-29;BGH;Metzgerei;700;001502;4;10.48;kg;Poulet Brust ohne Haut mit Innenfilet, 90-220 g, ca. 2,5 kg;20.69;216.8312;5.6376112;97610011945694;0;0;1;;
90032154;63987201;2026-05-29;BGH;Food;710;107262;1;;St;Hegnauer Beck Hoteltoast, weiss, 8 x 1 kg;4.94;39.52;1.02752;7610325807500;0;1;1;;
90032154;63987201;2026-05-29;BGH;Metzgerei;720;056251;1;3.415;kg;Fernheim Rinds-Entrecote Paraguay, ca. 3,5 kg;34.64;118.2956;3.0756856;2856251999994;0;1;1;;
90032154;63987201;2026-05-29;BGH;Metzgerei;740;067563;1;;Bt;Thunfisch Steak, ca. 170 - 230 g, tiefgekühlt, 1 kg;17.42;17.42;0.45292;8718104960060;0;0;1;;
90032154;63987201;2026-05-29;BGH;Metzgerei;750;067563;2;;Bt;Thunfisch Steak, ca. 170 - 230 g, tiefgekühlt, 1 kg;17.42;34.84;0.90584;8718104960060;0;0;1;;
90032154;63987201;2026-05-29;BGH;Metzgerei;760;001976;1;3.71;kg;Quality GGAP Lachs Filet, mit Haut, grätenarm, ca. 1,0 - 1,4 kg;19.21;71.2691;1.8529966;97610162230489;0;0;1;;
90032154;63987201;2026-05-29;BGH;Metzgerei;770;001977;1;2.416;kg;Quality GGAP Lachs Filet, ohne Haut, deepskin, grätenarm, ca. 1,2 - 1,4 kg;22.28;53.82848;1.39954048;97610162230472;0;0;1;;
90032154;63987201;2026-05-29;BGH;Metzgerei;780;069140;1;;kg;Tintenfisch Ringe, im Teig, alla romana, tiefgekühlt, 8 x 1 kg;7.87;62.96;1.63696;8410019010266;0;0;1;;
90032154;63987201;2026-05-29;BGH;Früchte + Gemüse;790;000079;6;;St;Ifco LiftLock;3.2;19.2;0;2000007960008;0;0;0;;
90032154;63987201;2026-05-29;BGH;Früchte + Gemüse;800;000079;3;;St;Ifco LiftLock;3.2;9.6;0;2000007960008;0;0;0;;
90032154;63982093;2026-05-27;BGH;Früchte + Gemüse;10;000079;-48;;St;Ifco LiftLock;3.2;-153.6;0;2000007960008;0;0;0;;
90032154;63982093;2026-05-27;BGH;Molkerei/Backwaren;10;024790;1;;Ds;Floralp Vollrahm 35%, ohne Zucker, UHT, 6 x 500 g;7.17;43.02;1.11852;7612300013173;0;0;7;;
90032154;63982093;2026-05-27;BGH;Metzgerei;10;054356;4;7.946;kg;Quality Thunfisch Filet Mittelstück, ca. 2 kg;30.59;243.06814;6.31977164;2991960999993;0;0;1;;
90032154;63982093;2026-05-27;BGH;Molkerei/Backwaren;20;026260;2;;kg;Emmi Suisse Yogourt Nature, 3 kg;2.05;12.3;0.3198;7610900127115;0;1;1;;
90032154;63982093;2026-05-27;BGH;Metzgerei;20;053620;5;;St;Bell Beefsteak Tatar, Portionen, tiefgekühlt, 10 x 140 g;4.41;220.5;5.733;7610011021111;0;0;1;;
90032154;63982093;2026-05-27;BGH;Metzgerei;30;032340;1;;Bt;Pizoler Sauce Steak Tatar, tiefgekühlt, Italien, 6 x 500 g;5.84;35.04;0.91104;7611521933314;0;0;1;;
90032154;63982093;2026-05-27;BGH;Food;40;562000;3;;Fl;Saitaku Hon Mirin, 500 ml;4.53;13.59;1.10079;5060194792223;0;0;8;;
90032154;63982093;2026-05-27;BGH;Nonfood;50;999530;1;;Pk;Kassenrolle 76/70/17 mm, Pack zu 10 Rollen;11.85;11.85;0.95985;7610588111130;0;0;2;;
90032154;63982093;2026-05-27;BGH;Nonfood;60;925935;5;;St;Kisag Sparschäler schwarz, Edelstahlklinge;2.37;11.85;0.95985;7610251129028;0;1;2;;
90032154;63982093;2026-05-27;BGH;Nearfood;70;975684;3;;Pk;W-30 Allzwecktuch, blau, 38 x 40 cm, 30 St;10.78;32.34;2.61954;7610588109427;0;1;2;;
90032154;63982093;2026-05-27;BGH;Nearfood;80;819951;1;;Bi;Mr.Proper Professional Allzweckreiniger Meeresfrische, 10 l;19.69;19.69;1.59489;4015400891161;0;1;2;;
90032154;63982093;2026-05-27;BGH;Früchte + Gemüse;90;091930;2;;kg;Ditzler Brunoise Gemüse, assortiert, TK, 4 x 1,25 kg;5.1;51;1.326;7610247002038;0;1;1;;
90032154;63982093;2026-05-27;BGH;Früchte + Gemüse;100;045882;1;;kg;Zwiebeln gross, 10 kg;1.62;16.2;0.4212;7628072003557;0;0;7;;
90032154;63982093;2026-05-27;BGH;Früchte + Gemüse;101;000079;1;;St;Ifco LiftLock;3.2;3.2;0;2000007960008;0;0;0;;
90032154;63982093;2026-05-27;BGH;Früchte + Gemüse;110;041241;5;;St;Eichblattsalat rot / grün Schweiz Hydro, gemischt, 8 St;2.12;84.8;2.2048;7613399058038;0;0;7;;
90032154;63982093;2026-05-27;BGH;Früchte + Gemüse;111;000079;5;;St;Ifco LiftLock;3.2;16;0;2000007960008;0;0;0;;
90032154;63982093;2026-05-27;BGH;Früchte + Gemüse;120;044776;1;;Ki;Schnittsalat Oriental, 800 g;22.68;22.68;0.58968;7610632965849;0;0;1;;
90032154;63982093;2026-05-27;BGH;Früchte + Gemüse;130;044540;3;;kg;Rucola / Rauke ungewaschen, 1 kg;12.9;38.7;1.0062;7610514613219;0;0;1;;
90032154;63982093;2026-05-27;BGH;Molkerei/Backwaren;140;096400;1;;St;Backhefe, Würfel, 24 x 42 g;0.29;6.96;0.18096;7610926000515;0;0;1;;
90032154;63982093;2026-05-27;BGH;Food;150;510480;1;;Ke;Quality Oregano, 800 g;21.82;21.82;0.56732;7610034519930;0;0;1;;
90032154;63982093;2026-05-27;BGH;Früchte + Gemüse;160;048109;1;;kg;Orangen blond, 7 kg;2.12;14.84;0.38584;7610632471906;0;0;1;;
90032154;63982093;2026-05-27;BGH;Früchte + Gemüse;161;000079;1;;St;Ifco LiftLock;3.2;3.2;0;2000007960008;0;0;0;;
90032154;63982093;2026-05-27;BGH;Früchte + Gemüse;170;042020;4;;St;Gurken 400 - 500 g / St, 4 St;1.68;26.88;0.69888;7610632994153;0;1;1;;
90032154;63982093;2026-05-27;BGH;Früchte + Gemüse;180;040972;3;;kg;Cherry Rispentomaten, 3 kg;9.07;81.63;2.12238;7610632984666;0;0;1;;
90032154;63982093;2026-05-27;BGH;Früchte + Gemüse;181;000079;3;;St;Ifco LiftLock;3.2;9.6;0;2000007960008;0;0;0;;
90032154;63982093;2026-05-27;BGH;Früchte + Gemüse;190;045278;2;;kg;Tomaten rund, Import, Kaliber 57 - 77 mm, 6 kg;3.95;47.4;1.2324;7610632979297;0;0;1;;
90032154;63982093;2026-05-27;BGH;Früchte + Gemüse;200;049247;7;;Sc;Champignons weiss geschnitten, frisch, 1 kg;9.76;68.32;1.77632;7610439900265;0;0;1;;
90032154;63982093;2026-05-27;BGH;Früchte + Gemüse;210;045707;3;;kg;Zucchetti, 5 kg;2.34;35.1;0.9126;7610632980545;0;0;1;;
90032154;63982093;2026-05-27;BGH;Früchte + Gemüse;220;045777;6;;Sc;Zucchetti Mini-Gemüse ohne Blüte, ca. 5 - 6 Stück;7.77;46.62;1.21212;7610632991527;0;0;1;;
90032154;63982093;2026-05-27;BGH;Früchte + Gemüse;230;092030;1;;kg;Ditzler Spargeln grün Tips and Cuts TK 2 x 2,5 kg;12.87;64.35;1.6731;7610247002021;0;0;1;;
90032154;63982093;2026-05-27;BGH;Früchte + Gemüse;240;044980;4;;Bd;Spargeln grün, Europa, 1 kg;11.76;47.04;1.22304;8437000507161;0;0;1;;
90032154;63982093;2026-05-27;BGH;Früchte + Gemüse;250;043598;2;;Bt;Minze, 250 g;8.72;17.44;0.45344;7610632977873;0;0;1;;
90032154;63982093;2026-05-27;BGH;Früchte + Gemüse;260;040329;4;;Bt;Basilikum, 1 kg;29.39;117.56;3.05656;7610632989975;0;0;1;;
90032154;63982093;2026-05-27;BGH;Molkerei/Backwaren;280;018780;1;;Be;Züger Mascarpone, 6 x 500 g;5.5;33;0.858;7640101091274;0;0;1;;
90032154;63982093;2026-05-27;BGH;Früchte + Gemüse;290;044685;2;;kg;Rüebli- Karotten Julienne Grobschnitt, 2,5 mm, 1 kg;5.73;11.46;0.29796;7640108606211;0;0;1;;
90032154;63982093;2026-05-27;BGH;Food;300;590111;1;;Lt;Quality Sonnenblumenöl, 20 l;4.41;88.2;2.2932;7610034515024;0;0;1;;
90032154;63982093;2026-05-27;BGH;Früchte + Gemüse;310;090140;4;;Bt;Frigemo Regiofrites Bärner TK, 4 x 2,5 kg;15.85;253.6;6.5936;7610078043163;0;0;1;;
90032154;63982093;2026-05-27;BGH;Nonfood;320;901190;1;;Pk;VC999 Vakuumbeutel kochfest 90 µm, 300 x 400 mm, Pack zu 100 Stück;46.51;46.51;3.76731;7640144910082;0;0;2;;
90032154;63982093;2026-05-27;BGH;Nonfood;340;993032;5;;Pk;Quality Besteckset Holz FSC 3 in 1 Pack zu 100 Set;13.03;65.15;5.27715;7610034528123;0;0;3;;
90032154;63982093;2026-05-27;BGH;Nearfood;350;989510;4;;Pk;Duni Servietten, 1/8 Falz, 3-lagig, 40 x 40 cm, weiss, 250 St;13.38;53.52;4.33512;7321012028503;0;0;3;;
90032154;63982093;2026-05-27;BGH;Nonfood;360;963052;6;;Pk;Trinkhalm Papier schwarz 15 cm Ø 8 mm Pack zu 150 Stück;3.88;23.28;1.88568;7610588102466;0;0;3;;
90032154;63982093;2026-05-27;BGH;Nearfood;370;992093;4;;Pk;Quality Toilettenpapier, 4-lagig, weiss, 160 Blatt, 24 Rl;16.37;65.48;5.30388;7610034532120;0;0;3;;
90032154;63982093;2026-05-27;BGH;Nearfood;380;992830;3;;Kt;Quality Handtuch W-Falz, 2-lagig, weiss, 15 x 125 St;34.05;102.15;8.27415;7610034509610;0;0;3;;
90032154;63982093;2026-05-27;BGH;Früchte + Gemüse;390;041777;5;;Sc;Fenchel Mini Gemüse, 8 St;6.59;32.95;0.8567;7610632978672;0;0;1;;
90032154;63982093;2026-05-27;BGH;Früchte + Gemüse;400;043957;5;;Sc;Patisson Mini Gemüse, ca. 9 St;7.31;36.55;0.9503;7610632991541;0;0;1;;
90032154;63982093;2026-05-27;BGH;Früchte + Gemüse;410;043507;2;;Bt;Maiskolben Mini, 250 g;8.01;16.02;0.41652;7640138832031;0;0;7;;
90032154;63982093;2026-05-27;BGH;Früchte + Gemüse;420;044139;1;;kg;Peperoni Mini Mix, 3 kg;8.72;26.16;0.68016;7610632970782;0;0;1;;
90032154;63982093;2026-05-27;BGH;Food;430;153062;5;;Pk;Thomy Sauce Hollandaise, 1 l;8.62;43.1;1.1206;7610100021190;0;1;1;;
90032154;63982093;2026-05-27;BGH;Molkerei/Backwaren;440;024440;2;;Tp;Quality Vollrahm 35%, UHT, 12 x 1 l;5.84;140.16;3.64416;7610034505315;0;0;1;;
90032154;63982093;2026-05-27;BGH;Molkerei/Backwaren;450;022600;2;;Tp;Quality Vollmilch 3,5%, UHT, 12 x 1 l;1.27;30.48;0.79248;7610034507807;0;0;1;;
90032154;63982093;2026-05-27;BGH;Molkerei/Backwaren;460;012383;2;3.227;kg;Defendi Gorgonzola San Antonio DOP, 1/4 Laib ca. 1,5 kg;15.46;49.88942;1.29712492;2902117999995;0;0;1;;
90032154;63982093;2026-05-27;BGH;Früchte + Gemüse;470;094400;2;;kg;Quality Blattspinat-Portionen, TK, 2 x 2,5 kg;3.75;37.5;0.975;7610034505506;0;0;1;;
90032154;63982093;2026-05-27;BGH;Molkerei/Backwaren;480;018891;10;;Ds;Ömür Hirtenkäse 55%, 800 g;8.32;83.2;2.1632;4002566002449;0;1;1;;
90032154;63982093;2026-05-27;BGH;Metzgerei;490;067921;1;;kg;Egli Filet, mit Haut, ca. 20 - 40 g, tiefgekühlt, 5 kg;17.72;88.6;2.3036;7640110310298;0;0;1;;
90032154;63982093;2026-05-27;BGH;Früchte + Gemüse;500;044166;2;;Bt;Petersilie glatt Liscio gepackt, 500 g;7.31;14.62;0.38012;7610632980170;0;0;1;;
90032154;63982093;2026-05-27;BGH;Food;510;512610;3;;Ds;Quality Petersilie, luftgetrocknet, 66 g;5.32;15.96;0.41496;7610034518957;0;0;1;;
90032154;63982093;2026-05-27;BGH;Früchte + Gemüse;520;044538;2;;Bt;Rosmarin, 250 g;8.72;17.44;0.45344;7610632969816;0;0;1;;
90032154;63982093;2026-05-27;BGH;Früchte + Gemüse;530;044718;2;;Bt;Salbei, 250 g;8.72;17.44;0.45344;7610632969779;0;0;1;;
90032154;63982093;2026-05-27;BGH;Früchte + Gemüse;540;040100;1;;Tt;Kartoffeln, festkochend, 2,5 kg;3.27;3.27;0.08502;7613399055051;0;1;1;;
90032154;63982093;2026-05-27;BGH;Früchte + Gemüse;550;040100;4;;Tt;Kartoffeln, festkochend, 2,5 kg;3.27;13.08;0.34008;7613399055051;0;1;1;;
90032154;63982093;2026-05-27;BGH;Food;560;511500;1;;Ds;Economy Oliven schwarz entsteint, 3 x 4,25 kg;13.72;41.16;1.07016;7610034524156;0;0;1;;
90032154;63982093;2026-05-27;BGH;Food;570;564040;4;;Gl;Bosco d'oro Carpaccio, aus Sommertrüffeln, schwarz, 45 g;18.74;74.96;1.94896;8032680690549;0;0;1;;
90032154;63982093;2026-05-27;BGH;Food;580;564090;1;;Fl;Bosco d'oro Olivenöl mit Trüffelaroma, 250 ml;18.62;18.62;0.48412;8032680690303;0;0;1;;
90032154;63982093;2026-05-27;BGH;Nearfood;590;993320;2;;Rl;Quality Wischtücher Midi, 2-lagig, weiss, 450 Blatt, 6 Rl;6.78;81.36;6.59016;7610034546196;0;0;3;;
90032154;63982093;2026-05-27;BGH;Früchte + Gemüse;600;000079;2;;St;Ifco LiftLock;3.2;6.4;0;2000007960008;0;0;0;;
90032154;63982093;2026-05-27;BGH;Früchte + Gemüse;610;000079;5;;St;Ifco LiftLock;3.2;16;0;2000007960008;0;0;0;;
90032154;63982093;2026-05-27;BGH;Früchte + Gemüse;620;000079;10;;St;Ifco LiftLock;3.2;32;0;2000007960008;0;0;0;;
90032154;63976226;2026-05-22;BGH;Früchte + Gemüse;10;000079;-14;;St;Ifco LiftLock;3.2;-44.8;0;2000007960008;0;0;0;;
90032154;63976226;2026-05-22;BGH;Metzgerei;10;001976;1;3.964;kg;Quality GGAP Lachs Filet, mit Haut, grätenarm, ca. 1,0 - 1,4 kg;19.6;77.6944;2.0200544;97610162230489;0;0;1;;
90032154;63976226;2026-05-22;BGH;Metzgerei;10;002066;1;5.696;kg;Rinds-Entrecote, ca. 5 kg;36.62;208.58752;5.42327552;97610011014680;0;1;1;;
90032154;63976226;2026-05-22;BGH;Früchte + Gemüse;10;040401;2;;kg;Baked Potatoes, festkochend, 10 kg;1.59;31.8;0.8268;7628072012900;0;0;1;;
90032154;63976226;2026-05-22;BGH;Früchte + Gemüse;11;000079;2;;St;Ifco LiftLock;3.2;6.4;0;2000007960008;0;0;0;;
90032154;63976226;2026-05-22;BGH;Metzgerei;20;001977;1;2.674;kg;Quality GGAP Lachs Filet, ohne Haut, deepskin, grätenarm, ca. 1,2 - 1,4 kg;22.47;60.08478;1.56220428;97610162230472;0;0;1;;
90032154;63976226;2026-05-22;BGH;Metzgerei;20;002066;3;16.789;kg;Rinds-Entrecote, ca. 5 kg;36.62;614.81318;15.98514268;97610011014680;0;1;1;;
90032154;63976226;2026-05-22;BGH;Früchte + Gemüse;20;046576;16;;St;Avocado essreif Stück, ca. 280 g;1.94;31.04;0.80704;7610632002001;0;0;1;;
90032154;63976226;2026-05-22;BGH;Metzgerei;30;001976;1;6.095;kg;Quality GGAP Lachs Filet, mit Haut, grätenarm, ca. 1,0 - 1,4 kg;19.6;119.462;3.106012;97610162230489;0;0;1;;
90032154;63976226;2026-05-22;BGH;Früchte + Gemüse;30;040620;2;;Be;BRESC Ingwerpüree, 450 g;10.71;21.42;0.55692;8712698500022;0;0;1;;
90032154;63976226;2026-05-22;BGH;Molkerei/Backwaren;40;012971;1;1.077;kg;Nuss Käse, 1/1 Laib ca. 1 kg;24.95;26.87115;0.6986499;2935031999994;0;0;1;;
90032154;63976226;2026-05-22;BGH;Molkerei/Backwaren;50;010436;1;1.626;kg;Quality Emmentaler AOP, ca. 1,5 kg;14.36;23.34936;0.60708336;2900196999998;0;0;1;;
90032154;63976226;2026-05-22;BGH;Metzgerei;60;064130;1;1.64;kg;Enten Brust geräucht, Frankreich, 6 x  ca. 300-350 g;31.88;52.2832;1.3593632;93266981783176;0;0;1;;
90032154;63976226;2026-05-22;BGH;Metzgerei;60;078299;1;1.352;kg;Quality Truten Brust geräucht, gekocht, Frankreich, 1/3, ca. 1,3 kg;19.11;25.83672;0.67175472;2949556999995;0;0;1;;
90032154;63976226;2026-05-22;BGH;Metzgerei;70;001666;1;2.027;kg;Bell Bauernhamme gekocht, mit Schwarte, 1/2, ca. 2,4 kg;21.68;43.94536;1.14257936;97610011072055;0;0;1;;
90032154;63976226;2026-05-22;BGH;Metzgerei;80;086723;1;1.22;kg;Albert Spiess Rohschinken Tradition 1/2 mit Schwarte, ca. 1,1 kg;30.99;37.8078;0.9830028;2914102999996;0;0;1;;
90032154;63976226;2026-05-22;BGH;Molkerei/Backwaren;90;098140;1;;St;Romer's Buttergipfel Avanti, vorgegärt, tiefgekühlt, 100 x 50 g;0.63;63;1.638;7611075105519;0;0;1;;
90032154;63976226;2026-05-22;BGH;Früchte + Gemüse;100;046909;1;;kg;Birchermüesli Extra fixfertig, 3 kg;10.37;31.11;0.80886;7610227917123;0;0;7;;
90032154;63976226;2026-05-22;BGH;Food;110;438073;3;;Sc;Picosa Datteltomaten getrocknet, 1,1 kg;24.12;72.36;1.88136;7610107110569;0;0;1;;
90032154;63976226;2026-05-22;BGH;Food;120;110060;1;;Pk;Feinkristallzucker, 10 x 1 kg;1.36;13.6;0.3536;7610034510661;0;0;1;;
90032154;63976226;2026-05-22;BGH;Food;130;510111;1;;Ke;Quality Mayonnaise, 4,75 kg;16.23;16.23;0.42198;7610034512672;0;1;1;;
90032154;63976226;2026-05-22;BGH;Molkerei/Backwaren;140;024440;2;;Tp;Quality Vollrahm 35%, UHT, 12 x 1 l;5.84;140.16;3.64416;7610034505315;0;0;1;;
90032154;63976226;2026-05-22;BGH;Früchte + Gemüse;150;047106;3;;Sc;Erdbeeren, Inland, 500 g;5.45;16.35;0.4251;7610632035320;0;1;1;;
90032154;63976226;2026-05-22;BGH;Früchte + Gemüse;160;046922;3;;Sc;Blueberries, 500 g;6.19;18.57;0.48282;7610632010297;0;0;1;;
90032154;63976226;2026-05-22;BGH;Molkerei/Backwaren;170;022600;2;;Tp;Quality Vollmilch 3,5%, UHT, 12 x 1 l;1.27;30.48;0.79248;7610034507807;0;0;1;;
90032154;63976226;2026-05-22;BGH;Früchte + Gemüse;180;046576;1;;St;Avocado essreif Stück, ca. 280 g;1.94;1.94;0.05044;7610632002001;0;0;1;;
90032154;63976226;2026-05-22;BGH;Früchte + Gemüse;190;040257;1;;kg;Auberginen, 5 kg;2.48;12.4;0.3224;7610632977958;0;1;1;;
90032154;63976226;2026-05-22;BGH;Früchte + Gemüse;200;049135;3;;kg;Champignons weiss, frisch, 1 kg;6.83;20.49;0.53274;7610632995211;0;1;1;;
90032154;63976226;2026-05-22;BGH;Früchte + Gemüse;210;046646;2;;kg;Max Havelaar Bananen, Farbe 4, 2 kg;3.27;13.08;0.34008;7613399059851;0;1;7;;
90032154;63976226;2026-05-22;BGH;Früchte + Gemüse;211;000079;2;;St;Ifco LiftLock;3.2;6.4;0;2000007960008;0;0;0;;
90032154;63976226;2026-05-22;BGH;Früchte + Gemüse;220;040972;2;;kg;Cherry Rispentomaten, 3 kg;8.42;50.52;1.31352;7610632984666;0;0;1;;
90032154;63976226;2026-05-22;BGH;Früchte + Gemüse;221;000079;2;;St;Ifco LiftLock;3.2;6.4;0;2000007960008;0;0;0;;
90032154;63976226;2026-05-22;BGH;Früchte + Gemüse;230;044166;2;;Bt;Petersilie glatt Liscio gepackt, 500 g;7.31;14.62;0.38012;7610632980170;0;0;1;;
90032154;63976226;2026-05-22;BGH;Früchte + Gemüse;240;043598;1;;Bt;Minze, 250 g;8.72;8.72;0.22672;7610632977873;0;0;1;;
90032154;63976226;2026-05-22;BGH;Früchte + Gemüse;250;048109;1;;kg;Orangen blond, 7 kg;2.12;14.84;0.38584;7610632471906;0;0;1;;
90032154;63976226;2026-05-22;BGH;Früchte + Gemüse;251;000079;1;;St;Ifco LiftLock;3.2;3.2;0;2000007960008;0;0;0;;
90032154;63976226;2026-05-22;BGH;Früchte + Gemüse;260;048825;2;;kg;Zitronen unbehandelt, 6 kg;4.01;48.12;1.25112;7610632261293;0;0;1;;
90032154;63976226;2026-05-22;BGH;Früchte + Gemüse;261;000079;2;;St;Ifco LiftLock;3.2;6.4;0;2000007960008;0;0;0;;
90032154;63976226;2026-05-22;BGH;Früchte + Gemüse;270;041241;2;;St;Eichblattsalat rot / grün Schweiz Hydro, gemischt, 8 St;2.18;34.88;0.90688;7613399058038;0;0;7;;
90032154;63976226;2026-05-22;BGH;Früchte + Gemüse;271;000079;2;;St;Ifco LiftLock;3.2;6.4;0;2000007960008;0;0;0;;
90032154;63976226;2026-05-22;BGH;Früchte + Gemüse;280;044776;1;;Ki;Schnittsalat Oriental, 800 g;22.68;22.68;0.58968;7610632965849;0;0;1;;
90032154;63976226;2026-05-22;BGH;Früchte + Gemüse;290;045707;1;;kg;Zucchetti, 5 kg;2.34;11.7;0.3042;7610632980545;0;0;1;;
90032154;63976226;2026-05-22;BGH;Früchte + Gemüse;300;044107;1;;kg;Peperoni Tricolor, Import, 5 kg;3.89;19.45;0.5057;7610632977132;0;0;1;;
90032154;63976226;2026-05-22;BGH;Früchte + Gemüse;301;000079;1;;St;Ifco LiftLock;3.2;3.2;0;2000007960008;0;0;0;;
90032154;63976226;2026-05-22;BGH;Früchte + Gemüse;310;043996;2;;Sc;Peperoncini rot, 500 g;5.47;10.94;0.28444;7610632961292;0;0;1;;
90032154;63976226;2026-05-22;BGH;Molkerei/Backwaren;320;025020;2;;Kt;Kaffeerahm Portionen ohne Logo, UHT, 200 x 12 g;12.07;24.14;0.62764;7610900008056;0;0;1;;
90032154;63976226;2026-05-22;BGH;Molkerei/Backwaren;330;022891;3;;Tp;Alpro Haferdrink Barista, 1 l;3.88;11.64;0.30264;05411188127697;0;0;1;;
90032154;63976226;2026-05-22;BGH;Früchte + Gemüse;340;041786;2;14;kg;Fleischtomaten Kaliber 77-87 mm, 7 kg;3.51;49.14;1.27764;2916705999991;0;1;1;;
90032154;63976226;2026-05-22;BGH;Metzgerei;350;002409;5;8.269;kg;Rinds-Filetspitz Kopf II, ca. 1,5 kg;39.5;326.6255;8.492263;97610100000006;0;0;1;;
90032154;63976226;2026-05-22;BGH;Metzgerei;360;078255;3;14.338;kg;Quality Hinterschinken Tradition 1/2, ca. 4,6 kg;14.75;211.4855;5.498623;2950465999990;0;0;1;;
90032154;63976226;2026-05-22;BGH;Metzgerei;370;082312;8;8.688;kg;Quality Chorizo pikant geschält, ca. 1 kg;18.8;163.3344;4.2466944;2951561999990;0;1;1;;
90032154;63976226;2026-05-22;BGH;Metzgerei;380;068150;1;;kg;Economy ASC Crevetten Black Tiger, geschält, entdarmt, 8/12, tiefgekühlt, 10 x 1 kg;19.6;196;5.096;7610034523555;0;0;7;;
90032154;63976226;2026-05-22;BGH;Metzgerei;390;061244;1;;kg;Economy Chicken Nuggets, geformt, paniert, frittiert, tiefgekühlt, 2 x 2,5 kg;8.42;42.1;1.0946;7610162409851;0;0;7;;
90032154;63976226;2026-05-22;BGH;Früchte + Gemüse;400;094400;1;;kg;Quality Blattspinat-Portionen, TK, 2 x 2,5 kg;3.75;18.75;0.4875;7610034505506;0;0;1;;
90032154;63976226;2026-05-22;BGH;Metzgerei;410;001986;1;2.996;kg;Quality MSC Dorsch Filet Nordstar, ohne Haut, grätenarm, ca. 70 - 200 g, ca. 1 kg;22.18;66.45128;1.72773328;97610011977282;0;0;1;;
90032154;63976226;2026-05-22;BGH;Früchte + Gemüse;420;043502;3;;Sc;Microgreen Duo, 80 g;3.76;11.28;0.29328;7630051908470;0;1;7;;
90032154;63976226;2026-05-22;BGH;Nonfood;430;989814;5;;Pk;Deckel PP zu Salatschale rund Pack zu 50 Stück;10.53;52.65;4.26465;4010494919753;0;0;3;;
90032154;63976226;2026-05-22;BGH;Nonfood;440;989812;5;;Pk;Salatschale Karton rund FSC 750 ml Pack zu 50 Stück;19.07;95.35;7.72335;5901360017286;0;0;3;;
90032154;63976226;2026-05-22;BGH;Food;450;403500;10;;Tp;Grace Premium Thai Kokosnussmilch, 1 l;4.7;47;1.222;5035139217680;0;0;1;;
90032154;63976226;2026-05-22;BGH;Food;460;234790;3;;kg;Carnaroli Risottoreis, 5 kg;4.43;66.45;1.7277;7610815101835;0;0;1;;
90032154;63976226;2026-05-22;BGH;Food;470;564040;4;;Gl;Bosco d'oro Carpaccio, aus Sommertrüffeln, schwarz, 45 g;18.74;74.96;1.94896;8032680690549;0;0;1;;
90032154;63976226;2026-05-22;BGH;Molkerei/Backwaren;480;027580;1;;St;Emmi Kräuterbutter, Stange, 4 x 500 g;12.63;50.52;1.31352;7610900154296;0;0;1;;
90032154;63976226;2026-05-22;BGH;Food;490;399043;6;;Gl;Majestic grüner Pfeffer, 6 x 100 g;3.75;135;3.51;7615900012768;0;0;1;;
90032154;63976226;2026-05-22;BGH;Food;500;590111;1;;Lt;Quality Sonnenblumenöl, 20 l;4.41;88.2;2.2932;7610034515024;0;0;1;;
90032154;63976226;2026-05-22;BGH;Food;510;115081;1;;Lt;Quality Frito 2000 Gold, Frittieröl, 20 l;4.91;98.2;2.5532;7610034515079;0;0;1;;
90032154;63976226;2026-05-22;BGH;Früchte + Gemüse;520;000079;1;;St;Ifco LiftLock;3.2;3.2;0;2000007960008;0;0;0;;
90032154;63976226;2026-05-22;BGH;Früchte + Gemüse;530;000079;3;;St;Ifco LiftLock;3.2;9.6;0;2000007960008;0;0;0;;
90032154;63976226;2026-05-22;BGH;Früchte + Gemüse;540;000079;8;;St;Ifco LiftLock;3.2;25.6;0;2000007960008;0;0;0;;
90032154;63971351;2026-05-20;BGH;Früchte + Gemüse;10;000079;-63;;St;Ifco LiftLock;3.2;-201.6;0;2000007960008;0;0;0;;
90032154;63971351;2026-05-20;BGH;Food;10;560280;2;;kg;JuraSel Speisesalz mit Jod, 25 kg;0.69;34.5;0.897;7610039000242;0;0;1;;
90032154;63971351;2026-05-20;BGH;Nonfood;10;928869;1;;St;Brother TN-243BK schwarz;67.08;67.08;5.43348;4977766787451;0;0;2;;
90032154;63971351;2026-05-20;BGH;Früchte + Gemüse;20;046922;2;;Sc;Blueberries, 500 g;6.19;12.38;0.32188;7610632010297;0;0;1;;
90032154;63971351;2026-05-20;BGH;Nearfood;20;811410;1;;Sa;Reosal Regeneriersalz fein, 25 kg;12.14;12.14;0.98334;7610039000204;0;0;2;;
90032154;63971351;2026-05-20;BGH;Nonfood;20;986182;6;;St;Budelle Weinkrug, 5 dl geeicht;23.23;139.38;11.28978;017400026103;0;0;2;;
90032154;63971351;2026-05-20;BGH;Früchte + Gemüse;30;042592;2;;Ds;Knoblauch Original ganz geschält, 1kg;11.01;22.02;0.57252;3700430300004;0;0;7;;
90032154;63971351;2026-05-20;BGH;Früchte + Gemüse;40;041241;2;;St;Eichblattsalat rot / grün Schweiz Hydro, gemischt, 8 St;2.18;34.88;0.90688;7613399058038;0;0;7;;
90032154;63971351;2026-05-20;BGH;Metzgerei;40;068150;1;;kg;Economy ASC Crevetten Black Tiger, geschält, entdarmt, 8/12, tiefgekühlt, 10 x 1 kg;19.6;196;5.096;7610034523555;0;0;7;;
90032154;63971351;2026-05-20;BGH;Früchte + Gemüse;41;000079;2;;St;Ifco LiftLock;3.2;6.4;0;2000007960008;0;0;0;;
90032154;63971351;2026-05-20;BGH;Food;50;510520;5;;Fl;Quality Mayonnaise Squeeze, 865 g;5.63;28.15;0.7319;7610034512658;0;1;1;;
90032154;63971351;2026-05-20;BGH;Food;60;107911;1;;Pk;Quality Löffelbiskuits, 15 x 400 g;2.18;32.7;0.8502;7610807142150;0;1;1;;
90032154;63971351;2026-05-20;BGH;Food;70;580230;2;;Bt;Le Dragon Panko Paniermehl, 1 kg;4.9;9.8;0.2548;7613324116680;0;1;1;;
90032154;63971351;2026-05-20;BGH;Metzgerei;80;081540;3;9.361;kg;Quality Bratspeck ohne Schwarte, ohne Knorpel, 1/1, ca. 3 kg;12.86;120.38246;3.12994396;2945670999996;0;1;1;;
90032154;63971351;2026-05-20;BGH;Food;90;510080;6;;Fl;Quality Ketchup Squeeze, 965 g;3.85;23.1;0.6006;7610034512139;0;1;1;;
90032154;63971351;2026-05-20;BGH;Food;100;510221;1;;Ke;Quality Senf mild, 5,25 kg;8.9;8.9;0.2314;7610034509276;0;1;1;;
90032154;63971351;2026-05-20;BGH;Molkerei/Backwaren;110;024440;4;;Tp;Quality Vollrahm 35%, UHT, 12 x 1 l;5.84;280.32;7.28832;7610034505315;0;0;1;;
90032154;63971351;2026-05-20;BGH;Nonfood;110;991133;1;;St;ProChef Dosierflasche grün 1 l;12.75;12.75;1.03275;7611602083174;0;0;3;;
90032154;63971351;2026-05-20;BGH;Früchte + Gemüse;120;040972;3;;kg;Cherry Rispentomaten, 3 kg;8.42;75.78;1.97028;7610632984666;0;0;1;;
90032154;63971351;2026-05-20;BGH;Nearfood;120;989510;6;;Pk;Duni Servietten, 1/8 Falz, 3-lagig, 40 x 40 cm, weiss, 250 St;13.38;80.28;6.50268;7321012028503;0;0;3;;
90032154;63971351;2026-05-20;BGH;Früchte + Gemüse;121;000079;3;;St;Ifco LiftLock;3.2;9.6;0;2000007960008;0;0;0;;
90032154;63971351;2026-05-20;BGH;Molkerei/Backwaren;130;010201;10;;Bt;Economy Gran Moravia, gerieben, 1 kg;15.63;156.3;4.0638;4388040201158;0;0;7;;
90032154;63971351;2026-05-20;BGH;Nonfood;130;963052;6;;Pk;Trinkhalm Papier schwarz 15 cm Ø 8 mm Pack zu 150 Stück;2.76;16.56;1.34136;7610588102466;0;1;3;;
90032154;63971351;2026-05-20;BGH;Molkerei/Backwaren;140;012201;6;;Bt;Economy Gran Moravia, gehobelt, 500 g;8.7;52.2;1.3572;4388040201172;0;0;7;;
90032154;63971351;2026-05-20;BGH;Nonfood;140;902275;6;;Pk;Trinkhalm Papier, schwarz, 21 cm, Ø 6 mm, Pack zu 150 Stück;3.16;18.96;1.53576;7610588101964;0;1;3;;
90032154;63971351;2026-05-20;BGH;Metzgerei;150;001992;1;8.53;kg;Quality GGAP Goldbrassen Filet, mit Haut, grätenarm, ca. 90-140 g, ca. 1 kg;26.63;227.1539;5.9060014;97610162283126;0;0;1;;
90032154;63971351;2026-05-20;BGH;Nearfood;150;992093;3;;Pk;Quality Toilettenpapier, 4-lagig, weiss, 160 Blatt, 24 Rl;16.37;49.11;3.97791;7610034532120;0;0;3;;
90032154;63971351;2026-05-20;BGH;Metzgerei;160;001977;1;2.594;kg;Quality GGAP Lachs Filet, ohne Haut, deepskin, grätenarm, ca. 1,2 - 1,4 kg;22.47;58.28718;1.51546668;97610162230472;0;0;1;;
90032154;63971351;2026-05-20;BGH;Nearfood;160;997030;4;;Kt;Quality Handtuch V-Falz, 2-lagig, weiss, 12 x 175 St;30.11;120.44;9.75564;7610034509603;0;0;3;;
90032154;63971351;2026-05-20;BGH;Metzgerei;170;001976;1;5.73;kg;Quality GGAP Lachs Filet, mit Haut, grätenarm, ca. 1,0 - 1,4 kg;19.6;112.308;2.920008;97610162230489;0;0;1;;
90032154;63971351;2026-05-20;BGH;Nonfood;170;993032;6;;Pk;Quality Besteckset Holz FSC 3 in 1 Pack zu 100 Set;9.89;59.34;4.80654;7610034528123;0;1;3;;
90032154;63971351;2026-05-20;BGH;Metzgerei;180;002090;5;14.669;kg;Kalbs-Eckstück, ohne Deckel, enthäutet, ca. 2,8 kg;41.57;609.79033;15.85454858;97610011044281;0;1;1;;
90032154;63971351;2026-05-20;BGH;Food;180;510080;6;;Fl;Quality Ketchup Squeeze, 965 g;3.85;23.1;0.6006;7610034512139;0;1;1;;
90032154;63971351;2026-05-20;BGH;Metzgerei;190;001492;4;10.26;kg;Poulet-Brust ohne Haut ohne Innenfilet, 120-140 g, 2,5 kg;22.28;228.5928;5.9434128;97610011945502;0;0;1;;
90032154;63971351;2026-05-20;BGH;Food;190;510520;6;;Fl;Quality Mayonnaise Squeeze, 865 g;5.63;33.78;0.87828;7610034512658;0;1;1;;
90032154;63971351;2026-05-20;BGH;Früchte + Gemüse;200;049135;10;;kg;Champignons weiss, frisch, 1 kg;6.83;68.3;1.7758;7610632995211;0;1;1;;
90032154;63971351;2026-05-20;BGH;Food;200;580230;5;;Bt;Le Dragon Panko Paniermehl, 1 kg;4.9;24.5;0.637;7613324116680;0;1;1;;
90032154;63971351;2026-05-20;BGH;Früchte + Gemüse;210;045707;1;;kg;Zucchetti, 5 kg;2.34;11.7;0.3042;7610632980545;0;0;1;;
90032154;63971351;2026-05-20;BGH;Nonfood;210;991132;1;;St;ProChef Dosierflasche gelb 1 l;12.75;12.75;1.03275;7611602083198;0;0;3;;
90032154;63971351;2026-05-20;BGH;Früchte + Gemüse;220;040257;1;;kg;Auberginen, 5 kg;2.48;12.4;0.3224;7610632977958;0;1;1;;
90032154;63971351;2026-05-20;BGH;Nonfood;220;979113;2;;St;Küchentuch Halbleinen 48 x 85 cm blau kariert;5.33;63.96;5.18076;7611545005165;0;0;2;;
90032154;63971351;2026-05-20;BGH;Molkerei/Backwaren;230;024440;3;;Tp;Quality Vollrahm 35%, UHT, 12 x 1 l;5.84;210.24;5.46624;7610034505315;0;0;1;;
90032154;63971351;2026-05-20;BGH;Metzgerei;230;086133;2;3.033;kg;Quality Bündnerfleisch Eckstück, Deutschland/Österreich, 1/2 ca. 1,5 kg;58.31;176.85423;4.59820998;2965474999992;0;0;1;;
90032154;63971351;2026-05-20;BGH;Metzgerei;240;078253;1;5.346;kg;Quality Hinterschinken, ohne Schwarte, 1/1, ca. 4,8 kg;12.86;68.74956;1.78748856;2950463999992;0;1;1;;
90032154;63971351;2026-05-20;BGH;Nonfood;240;971007;1;;St;Stronghold Country Bratpfanne  Induktion Ø 24 cm;19.9;19.9;1.6119;7612192088914;0;0;3;;
90032154;63971351;2026-05-20;BGH;Früchte + Gemüse;250;044107;2;;kg;Peperoni Tricolor, Import, 5 kg;3.89;38.9;1.0114;7610632977132;0;0;1;;
90032154;63971351;2026-05-20;BGH;Nonfood;250;991807;1;;Rl;Dressierbeutel / Spritzsäcke rot, 270 x 630 mm, hitzebeständig bis 110°C, Rolle zu 80 Stück;35.42;35.42;2.86902;7611860025107;0;0;3;;
90032154;63971351;2026-05-20;BGH;Früchte + Gemüse;251;000079;2;;St;Ifco LiftLock;3.2;6.4;0;2000007960008;0;0;0;;
90032154;63971351;2026-05-20;BGH;Früchte + Gemüse;260;042005;2;;St;Gurken 350 - 500 g / St, 12 St;1.94;46.56;1.21056;7610632995020;0;0;1;;
90032154;63971351;2026-05-20;BGH;Metzgerei;260;067921;2;;kg;Egli Filet, mit Haut, ca. 20 - 40 g, tiefgekühlt, 5 kg;15.74;157.4;4.0924;7640110310298;0;1;1;;
90032154;63971351;2026-05-20;BGH;Früchte + Gemüse;261;000079;2;;St;Ifco LiftLock;3.2;6.4;0;2000007960008;0;0;0;;
90032154;63971351;2026-05-20;BGH;Metzgerei;270;075381;3;7.5;kg;Geflügel Meatballs Curry, gekocht, tiefgekühlt, 2,5 kg;16.73;125.475;3.26235;2999859999994;0;0;7;;
90032154;63971351;2026-05-20;BGH;Food;270;400600;1;;Ds;Economy Gurken, längsschnitt, 4 kg;13.37;13.37;0.34762;7610034513204;0;0;1;;
90032154;63971351;2026-05-20;BGH;Food;280;511500;1;;Ds;Economy Oliven schwarz entsteint, 3 x 4,25 kg;13.72;41.16;1.07016;7610034524156;0;0;1;;
90032154;63971351;2026-05-20;BGH;Food;280;590064;1;;Ds;J Carl Fridlin Salbei erlesen ganz, 60 g;6.6;6.6;0.1716;7617600004180;0;0;1;;
90032154;63971351;2026-05-20;BGH;Früchte + Gemüse;290;043598;2;;Bt;Minze, 250 g;8.72;17.44;0.45344;7610632977873;0;0;1;;
90032154;63971351;2026-05-20;BGH;Früchte + Gemüse;300;044166;2;;Bt;Petersilie glatt Liscio gepackt, 500 g;7.31;14.62;0.38012;7610632980170;0;0;1;;
90032154;63971351;2026-05-20;BGH;Food;300;234790;2;;kg;Carnaroli Risottoreis, 5 kg;4.43;44.3;1.1518;7610815101835;0;0;1;;
90032154;63971351;2026-05-20;BGH;Früchte + Gemüse;310;041226;2;;Bd;Dill Bund, 80 g;4.18;8.36;0.21736;7610632941904;0;0;1;;
90032154;63971351;2026-05-20;BGH;Früchte + Gemüse;320;040329;4;;Bt;Basilikum, 1 kg;29.39;117.56;3.05656;7610632989975;0;0;1;;
90032154;63971351;2026-05-20;BGH;Früchte + Gemüse;330;000079;5;;St;Ifco LiftLock;3.2;16;0;2000007960008;0;0;0;;
90032154;63971351;2026-05-20;BGH;Früchte + Gemüse;330;044720;3;;Bd;Salbei Bund, 80 g;4.18;12.54;0.32604;7610632942598;0;0;1;;
90032154;63971351;2026-05-20;BGH;Molkerei/Backwaren;340;027580;1;;St;Emmi Kräuterbutter, Stange, 4 x 500 g;12.63;50.52;1.31352;7610900154296;0;0;1;;
90032154;63971351;2026-05-20;BGH;Molkerei/Backwaren;360;019631;1;;Be;Philadelphia, 1,65 kg;14.9;14.9;0.3874;4000339034840;0;1;1;;
90032154;63971351;2026-05-20;BGH;Molkerei/Backwaren;370;018780;1;;Be;Züger Mascarpone, 6 x 500 g;4.11;24.66;0.64116;7640101091274;0;1;1;;
90032154;63971351;2026-05-20;BGH;Früchte + Gemüse;380;043957;5;;Sc;Patisson Mini Gemüse, ca. 9 St;7.31;36.55;0.9503;7610632991541;0;0;1;;
90032154;63971351;2026-05-20;BGH;Früchte + Gemüse;390;045777;5;;Sc;Zucchetti Mini-Gemüse ohne Blüte, ca. 5 - 6 Stück;7.77;38.85;1.0101;7610632991527;0;0;1;;
90032154;63971351;2026-05-20;BGH;Früchte + Gemüse;400;041777;6;;Sc;Fenchel Mini Gemüse, 8 St;6.59;39.54;1.02804;7610632978672;0;0;1;;
90032154;63971351;2026-05-20;BGH;Früchte + Gemüse;410;044667;6;;Sc;Mini Rüebli / Karotten mit Laubansatz, ca. 200 g;7.01;42.06;1.09356;7610632955345;0;0;1;;
90032154;63971351;2026-05-20;BGH;Früchte + Gemüse;420;090140;3;;Bt;Frigemo Regiofrites Bärner TK, 4 x 2,5 kg;15.85;190.2;4.9452;7610078043163;0;0;1;;
90032154;63971351;2026-05-20;BGH;Food;430;513890;1;;Ds;Quality Dillspitzen, 140 g;6.6;6.6;0.1716;7610034533158;0;0;1;;
90032154;63971351;2026-05-20;BGH;Metzgerei;440;050055;1;2.141;kg;Swiss Quality Beef Rib Eye, ca. 2 kg;48.41;103.64581;2.69479106;2964223999993;0;0;1;;
90032154;63971351;2026-05-20;BGH;Molkerei/Backwaren;450;018891;5;;Ds;Ömür Hirtenkäse 55%, 800 g;8.32;41.6;1.0816;4002566002449;0;1;1;;
90032154;63971351;2026-05-20;BGH;Früchte + Gemüse;460;044776;1;;Ki;Schnittsalat Oriental, 800 g;22.68;22.68;0.58968;7610632965849;0;0;1;;
90032154;63971351;2026-05-20;BGH;Früchte + Gemüse;470;044540;3;;kg;Rucola / Rauke ungewaschen, 1 kg;12.9;38.7;1.0062;7610514613219;0;0;1;;
90032154;63971351;2026-05-20;BGH;Früchte + Gemüse;480;091930;1;;kg;Ditzler Brunoise Gemüse, assortiert, TK, 4 x 1,25 kg;6.1;30.5;0.793;7610247002038;0;0;1;;
90032154;63971351;2026-05-20;BGH;Früchte + Gemüse;490;041786;2;14;kg;Fleischtomaten Kaliber 77-87 mm, 7 kg;3.51;49.14;1.27764;2916705999991;0;1;1;;
90032154;63971351;2026-05-20;BGH;Früchte + Gemüse;500;041241;2;;St;Eichblattsalat rot / grün Schweiz Hydro, gemischt, 8 St;2.18;34.88;0.90688;7613399058038;0;0;7;;
90032154;63971351;2026-05-20;BGH;Früchte + Gemüse;501;000079;2;;St;Ifco LiftLock;3.2;6.4;0;2000007960008;0;0;0;;
90032154;63971351;2026-05-20;BGH;Food;510;246320;1;;Ds;Parmadoro Tomatenpüree zweifach konzentriert, 850 g;6.41;38.46;0.99996;7614200510349;0;0;1;;
90032154;63971351;2026-05-20;BGH;Früchte + Gemüse;520;000079;2;;St;Ifco LiftLock;3.2;6.4;0;2000007960008;0;0;0;;
90032154;63971351;2026-05-20;BGH;Früchte + Gemüse;530;000079;6;;St;Ifco LiftLock;3.2;19.2;0;2000007960008;0;0;0;;
90032154;63966853;2026-05-18;BGH;Früchte + Gemüse;50;044776;1;;Ki;Schnittsalat Oriental, 800 g;22.68;22.68;0.58968;7610632965849;0;0;1;;
90032154;63966853;2026-05-18;BGH;Metzgerei;70;054912;2;10.07;kg;Rinds-Hackfleisch, 5 mm, ca. 5 kg;18.32;184.4824;4.7965424;2962490999999;0;0;1;;
90032154;63966853;2026-05-18;BGH;Früchte + Gemüse;80;048827;3;;kg;Zitronen, 6 kg;3.47;62.46;1.62396;7610632320723;0;0;1;;
90032154;63966853;2026-05-18;BGH;Früchte + Gemüse;81;000079;3;;St;Ifco LiftLock;3.2;9.6;0;2000007960008;0;0;0;;
90032154;63966853;2026-05-18;BGH;Früchte + Gemüse;90;044981;2;;Bd;Spargeln grün Bund, Europa, 6 x 1 kg;11.08;132.96;3.45696;7610632975497;0;0;1;;
90032154;63966853;2026-05-18;BGH;Früchte + Gemüse;100;041241;4;;St;Eichblattsalat rot / grün Schweiz Hydro, gemischt, 8 St;2.18;69.76;1.81376;7613399058038;0;0;7;;
90032154;63966853;2026-05-18;BGH;Früchte + Gemüse;101;000079;4;;St;Ifco LiftLock;3.2;12.8;0;2000007960008;0;0;0;;
90032154;63966853;2026-05-18;BGH;Früchte + Gemüse;290;044718;1;;Bt;Salbei, 250 g;8.72;8.72;0.22672;7610632969779;0;0;1;;
90032154;63966853;2026-05-18;BGH;Metzgerei;310;001450;4;3.694;kg;Pferde Eckstück Steak, Spanien, 5 x ca. 180 g;34.16;126.18704;3.28086304;97610011874758;0;0;1;;
90032154;63966853;2026-05-18;BGH;Früchte + Gemüse;320;000079;2;;St;Ifco LiftLock;3.2;6.4;0;2000007960008;0;0;0;;
90032154;63966853;2026-05-18;BGH;Food;490;592122;3;;Fl;Hollinger Lebensmittelfarbe orange rötlich, 250 g;9.06;27.18;0.70668;7640108261472;0;0;1;;
90032154;63966853;2026-05-18;BGH;Früchte + Gemüse;700;000079;1;;St;Ifco LiftLock;3.2;3.2;0;2000007960008;0;0;0;;
90032154;63961542;2026-05-13;BGH;Früchte + Gemüse;10;000079;-31;;St;Ifco LiftLock;3.2;-99.2;0;2000007960008;0;0;0;;
90032154;63961542;2026-05-13;BGH;Food;10;512140;3;;Bt;Quality Chili Schoten scharf gebrochen, 1 kg;20.03;60.09;1.56234;7610034523982;0;0;1;;
90032154;63961542;2026-05-13;BGH;Food;20;371461;1;;Bt;Economy Pinienkerne, Gastropack, 1 kg;49.5;49.5;1.287;7610034525979;0;0;1;;
90032154;63961542;2026-05-13;BGH;Molkerei/Backwaren;30;024440;3;;Tp;Quality Vollrahm 35%, UHT, 12 x 1 l;5.84;210.24;5.46624;7610034505315;0;0;1;;
90032154;63961542;2026-05-13;BGH;Molkerei/Backwaren;40;022600;2;;Tp;Quality Vollmilch 3,5%, UHT, 12 x 1 l;1.27;30.48;0.79248;7610034507807;0;0;1;;
90032154;63961542;2026-05-13;BGH;Früchte + Gemüse;50;041241;5;;St;Eichblattsalat rot / grün Schweiz Hydro, gemischt, 8 St;1.76;70.4;1.8304;7613399058038;0;1;7;;
90032154;63961542;2026-05-13;BGH;Früchte + Gemüse;51;000079;5;;St;Ifco LiftLock;3.2;16;0;2000007960008;0;0;0;;
90032154;63961542;2026-05-13;BGH;Nearfood;60;993320;4;;Rl;Quality Wischtücher Midi, 2-lagig, weiss, 450 Blatt, 6 Rl;5.14;123.36;9.99216;7610034546196;0;1;3;;
90032154;63961542;2026-05-13;BGH;Früchte + Gemüse;70;048827;3;;kg;Zitronen, 6 kg;2.82;50.76;1.31976;7610632320723;0;1;1;;
90032154;63961542;2026-05-13;BGH;Früchte + Gemüse;71;000079;3;;St;Ifco LiftLock;3.2;9.6;0;2000007960008;0;0;0;;
90032154;63961542;2026-05-13;BGH;Food;80;101612;1;;Fl;Kressi Kräuteressig, 12 x 1 l;3.86;46.32;1.20432;7615200002742;0;0;1;;
90032154;63961542;2026-05-13;BGH;Food;90;152592;1;;Lt;Thomy Tafelessig weiss, 15 l;2.61;39.15;1.0179;7610100557101;0;0;1;;
90032154;63961542;2026-05-13;BGH;Food;100;590111;2;;Lt;Quality Sonnenblumenöl, 20 l;4.41;176.4;4.5864;7610034515024;0;0;1;;
90032154;63961542;2026-05-13;BGH;Food;110;115081;2;;Lt;Quality Frito 2000 Gold, Frittieröl, 20 l;4.91;196.4;5.1064;7610034515079;0;0;1;;
90032154;63961542;2026-05-13;BGH;Food;130;512040;1;;Ke;Quality Pfeffer schwarz ganz, 3 kg;62.09;62.09;1.61434;7610034519220;0;0;1;;
90032154;63961542;2026-05-13;BGH;Früchte + Gemüse;140;042005;2;;St;Gurken 350 - 500 g / St, 12 St;1.82;43.68;1.13568;7610632995020;0;0;1;;
90032154;63961542;2026-05-13;BGH;Früchte + Gemüse;141;000079;2;;St;Ifco LiftLock;3.2;6.4;0;2000007960008;0;0;0;;
90032154;63961542;2026-05-13;BGH;Früchte + Gemüse;150;042005;3;;St;Gurken 350 - 500 g / St, 12 St;1.82;65.52;1.70352;7610632995020;0;0;1;;
90032154;63961542;2026-05-13;BGH;Früchte + Gemüse;151;000079;3;;St;Ifco LiftLock;3.2;9.6;0;2000007960008;0;0;0;;
90032154;63961542;2026-05-13;BGH;Food;160;400600;3;;Ds;Economy Gurken, längsschnitt, 4 kg;13.37;40.11;1.04286;7610034513204;0;0;1;;
90032154;63961542;2026-05-13;BGH;Food;170;510031;6;;Ds;Quality Sweet Corn, 2,125 kg;5.87;211.32;5.49432;7610034533028;0;0;1;;
90032154;63961542;2026-05-13;BGH;Food;180;511500;1;;Ds;Economy Oliven schwarz entsteint, 3 x 4,25 kg;13.72;41.16;1.07016;7610034524156;0;0;1;;
90032154;63961542;2026-05-13;BGH;Food;190;564040;6;;Gl;Bosco d'oro Carpaccio, aus Sommertrüffeln, schwarz, 45 g;18.74;112.44;2.92344;8032680690549;0;0;1;;
90032154;63961542;2026-05-13;BGH;Food;200;564090;3;;Fl;Bosco d'oro Olivenöl mit Trüffelaroma, 250 ml;18.62;55.86;1.45236;8032680690303;0;0;1;;
90032154;63961542;2026-05-13;BGH;Nonfood;210;989812;10;;Pk;Salatschale Karton rund FSC 750 ml Pack zu 50 Stück;19.07;190.7;15.4467;5901360017286;0;0;3;;
90032154;63961542;2026-05-13;BGH;Metzgerei;220;002409;4;6.136;kg;Rinds-Filetspitz Kopf II, ca. 1,5 kg;39.5;242.372;6.301672;97610100000006;0;0;1;;
90032154;63961542;2026-05-13;BGH;Nonfood;230;989814;3;;Pk;Deckel PP zu Salatschale rund Pack zu 50 Stück;10.53;31.59;2.55879;4010494919753;0;0;3;;
90032154;63961542;2026-05-13;BGH;Früchte + Gemüse;240;044540;5;;kg;Rucola / Rauke ungewaschen, 1 kg;12.9;64.5;1.677;7610514613219;0;0;1;;
90032154;63961542;2026-05-13;BGH;Molkerei/Backwaren;250;027380;1;;kg;Die Butter, 10 x 1 kg;14.06;140.6;3.6556;7610900120192;0;0;1;;
90032154;63961542;2026-05-13;BGH;Molkerei/Backwaren;260;027580;1;;St;Emmi Kräuterbutter, Stange, 4 x 500 g;12.63;50.52;1.31352;7610900154296;0;0;1;;
90032154;63961542;2026-05-13;BGH;Früchte + Gemüse;270;040972;5;;kg;Cherry Rispentomaten, 3 kg;8.42;126.3;3.2838;7610632984666;0;0;1;;
90032154;63961542;2026-05-13;BGH;Früchte + Gemüse;271;000079;5;;St;Ifco LiftLock;3.2;16;0;2000007960008;0;0;0;;
90032154;63961542;2026-05-13;BGH;Früchte + Gemüse;280;041786;3;21;kg;Fleischtomaten Kaliber 77-87 mm, 7 kg;4.01;84.21;2.18946;2916705999991;0;0;1;;
90032154;63961542;2026-05-13;BGH;Früchte + Gemüse;290;040969;1;;kg;Cherry Tomaten Mix, 3 kg;8.19;24.57;0.63882;7610632979051;0;0;1;;
90032154;63961542;2026-05-13;BGH;Früchte + Gemüse;300;040329;5;;Bt;Basilikum, 1 kg;29.39;146.95;3.8207;7610632989975;0;0;1;;
90032154;63961542;2026-05-13;BGH;Früchte + Gemüse;310;044166;3;;Bt;Petersilie glatt Liscio gepackt, 500 g;7.31;21.93;0.57018;7610632980170;0;0;1;;
90032154;63961542;2026-05-13;BGH;Molkerei/Backwaren;320;010201;15;;Bt;Economy Gran Moravia, gerieben, 1 kg;15.63;234.45;6.0957;4388040201158;0;0;7;;
90032154;63961542;2026-05-13;BGH;Molkerei/Backwaren;330;012201;10;;Bt;Economy Gran Moravia, gehobelt, 500 g;8.7;87;2.262;4388040201172;0;0;7;;
90032154;63961542;2026-05-13;BGH;Molkerei/Backwaren;340;018780;2;;Be;Züger Mascarpone, 6 x 500 g;5.5;66;1.716;7640101091274;0;0;1;;
90032154;63961542;2026-05-13;BGH;Früchte + Gemüse;350;046577;1;;St;Avocados essreif, 16 St;1.49;23.84;0.61984;7610632001950;0;1;1;;
90032154;63961542;2026-05-13;BGH;Früchte + Gemüse;360;046594;3;;Be;Avocado Purée / Guacamole, 500 g;6.83;20.49;0.53274;8436008521063;0;0;1;;
90032154;63961542;2026-05-13;BGH;Getränke;370;636100;1;;Tp;Quality Orangensaft 1 l Tetra;1.77;21.24;0.55224;7610034534087;0;0;7;;
90032154;63961542;2026-05-13;BGH;Früchte + Gemüse;380;048109;3;;kg;Orangen blond, 7 kg;2.12;44.52;1.15752;7610632471906;0;0;1;;
90032154;63961542;2026-05-13;BGH;Früchte + Gemüse;381;000079;3;;St;Ifco LiftLock;3.2;9.6;0;2000007960008;0;0;0;;
90032154;63961542;2026-05-13;BGH;Früchte + Gemüse;390;047754;4;16.8;kg;Limetten / Limes, 4,2 kg;2.83;47.544;1.236144;2905054999998;0;0;1;;
90032154;63961542;2026-05-13;BGH;Früchte + Gemüse;400;043598;2;;Bt;Minze, 250 g;8.72;17.44;0.45344;7610632977873;0;0;1;;
90032154;63961542;2026-05-13;BGH;Früchte + Gemüse;410;044139;1;;kg;Peperoni Mini Mix, 3 kg;8.48;25.44;0.66144;7610632970782;0;0;1;;
90032154;63961542;2026-05-13;BGH;Früchte + Gemüse;420;044107;4;;kg;Peperoni Tricolor, Import, 5 kg;4.24;84.8;2.2048;7610632977132;0;0;1;;
90032154;63961542;2026-05-13;BGH;Früchte + Gemüse;421;000079;4;;St;Ifco LiftLock;3.2;12.8;0;2000007960008;0;0;0;;
90032154;63961542;2026-05-13;BGH;Food;430;106091;1;;Bt;Zweifel Chips Paprika, 20 x 30 g;1.11;22.2;0.5772;7610095012203;0;0;1;;
90032154;63961542;2026-05-13;BGH;Früchte + Gemüse;440;040257;4;;kg;Auberginen, 5 kg;3.3;66;1.716;7610632977958;0;0;1;;
90032154;63961542;2026-05-13;BGH;Früchte + Gemüse;450;045707;4;;kg;Zucchetti, 5 kg;2.12;42.4;1.1024;7610632980545;0;0;1;;
90032154;63961542;2026-05-13;BGH;Früchte + Gemüse;460;044667;7;;Sc;Mini Rüebli / Karotten mit Laubansatz, ca. 200 g;7.01;49.07;1.27582;7610632955345;0;0;1;;
90032154;63961542;2026-05-13;BGH;Früchte + Gemüse;470;041777;6;;Sc;Fenchel Mini Gemüse, 8 St;6.59;39.54;1.02804;7610632978672;0;0;1;;
90032154;63961542;2026-05-13;BGH;Früchte + Gemüse;480;043957;7;;Sc;Patisson Mini Gemüse, ca. 9 St;7.31;51.17;1.33042;7610632991541;0;0;1;;
90032154;63961542;2026-05-13;BGH;Früchte + Gemüse;490;045777;8;;Sc;Zucchetti Mini-Gemüse ohne Blüte, ca. 5 - 6 Stück;7.77;62.16;1.61616;7610632991527;0;0;1;;
90032154;63961542;2026-05-13;BGH;Molkerei/Backwaren;500;096400;1;;St;Backhefe, Würfel, 24 x 42 g;0.29;6.96;0.18096;7610926000515;0;0;1;;
90032154;63961542;2026-05-13;BGH;Früchte + Gemüse;510;044643;3;;Bt;Quality Rüebli- Karotten Julienne, 1,6 mm, 1 kg;4.7;14.1;0.3666;7610034507050;0;0;1;;
90032154;63961542;2026-05-13;BGH;Früchte + Gemüse;520;044611;1;;kg;Rüebli / Karotten Gastro, gewaschen, Inland, 10 kg;1.14;11.4;0.2964;7628072012832;0;1;1;;
90032154;63961542;2026-05-13;BGH;Früchte + Gemüse;521;000079;1;;St;Ifco LiftLock;3.2;3.2;0;2000007960008;0;0;0;;
90032154;63961542;2026-05-13;BGH;Früchte + Gemüse;530;045882;1;;kg;Zwiebeln gross, 10 kg;1.62;16.2;0.4212;7628072003557;0;0;7;;
90032154;63961542;2026-05-13;BGH;Früchte + Gemüse;531;000079;1;;St;Ifco LiftLock;3.2;3.2;0;2000007960008;0;0;0;;
90032154;63961542;2026-05-13;BGH;Früchte + Gemüse;540;042592;2;;Ds;Knoblauch Original ganz geschält, 1kg;11.01;22.02;0.57252;3700430300004;0;0;7;;
90032154;63961542;2026-05-13;BGH;Food;550;401611;2;;Pk;Chaokoh Kokosnussmilch UHT, 12 x 1 l;4.8;115.2;2.9952;18850813120155;0;0;1;;
90032154;63961542;2026-05-13;BGH;Food;560;247372;2;;Bi;Mae Ploy Sweet Chili Sauce, 5,9 kg;16.71;33.42;0.86892;8850367990207;0;0;1;;
90032154;63961542;2026-05-13;BGH;Food;570;403240;4;;Ds;Mae Ploy, Curry Paste rot, 400 g;3.39;13.56;0.35256;044738102346;0;0;1;;
90032154;63961542;2026-05-13;BGH;Molkerei/Backwaren;580;015781;3;;Pk;Quality Cheddar, rot, Scheiben, 88 x 12,3 g;13.92;41.76;1.08576;7610034517592;0;0;1;;
90032154;63961542;2026-05-13;BGH;Molkerei/Backwaren;590;095210;2;;St;Eier Import, Bodenhaltung, 53g+, 90 Stück;0.29;52.2;1.3572;7640104163138;0;1;1;;
90032154;63961542;2026-05-13;BGH;Molkerei/Backwaren;600;520169;5;;Tp;Gustovo Eigelb flüssig Schweiz, Freiland, pasteurisiert, 1 kg;11.29;56.45;1.4677;7640138979446;0;0;1;;
90032154;63961542;2026-05-13;BGH;Molkerei/Backwaren;610;008700;2;;kg;Quality Vollei flüssig Import, Bodenhaltung, pasteurisiert, 10 kg;6.78;135.6;3.5256;4388040268236;0;0;1;;
90032154;63961542;2026-05-13;BGH;Metzgerei;620;083419;8;7.566;kg;El Campeon Chorizo pikant geschält, ca. 950 g;23.27;176.06082;4.57758132;2935691999990;0;0;7;;
90032154;63961542;2026-05-13;BGH;Metzgerei;630;078257;4;19.978;kg;Economy Hinterschinken, 1/2, ca. 4,5 kg;12.77;255.11906;6.63309556;2946206999992;0;0;1;;
90032154;63961542;2026-05-13;BGH;Metzgerei;640;081540;5;13.334;kg;Quality Bratspeck ohne Schwarte, ohne Knorpel, 1/1, ca. 3 kg;16.73;223.07782;5.80002332;2945670999996;0;0;1;;
90032154;63961542;2026-05-13;BGH;Metzgerei;650;001494;5;12.965;kg;Bell Poulet-Brust ohne Haut ohne Innenfilet, 150-170 g, ca. 2,5 kg;22.28;288.8602;7.5103652;97610011946196;0;0;1;;
90032154;63961542;2026-05-13;BGH;Nearfood;660;975782;4;;Pk;Quality Einweghandschuhe Nitril, Grösse M, schwarz, 100 St;7.91;31.64;2.56284;7610034546622;0;1;2;;
90032154;63961542;2026-05-13;BGH;Nearfood;670;975792;7;;Pk;Quality Einweghandschuhe Nitril, Grösse L, schwarz, 100 St;7.91;55.37;4.48497;7610034546639;0;1;2;;
90032154;63961542;2026-05-13;BGH;Nearfood;680;989510;3;;Pk;Duni Servietten, 1/8 Falz, 3-lagig, 40 x 40 cm, weiss, 250 St;13.38;40.14;3.25134;7321012028503;0;0;3;;
90032154;63961542;2026-05-13;BGH;Früchte + Gemüse;690;047138;5;;Sc;Erdbeeren Import, 500 g;3.3;16.5;0.429;7610632070444;0;0;1;;
90032154;63961542;2026-05-13;BGH;Früchte + Gemüse;700;046922;3;;Sc;Blueberries, 500 g;5.45;16.35;0.4251;7610632010297;0;1;1;;
90032154;63961542;2026-05-13;BGH;Früchte + Gemüse;710;044538;2;;Bt;Rosmarin, 250 g;8.72;17.44;0.45344;7610632969816;0;0;1;;
90032154;63961542;2026-05-13;BGH;Food;720;459230;1;;Bt;Hügli Demi-Glace, 5 kg;92.96;92.96;2.41696;7611400910184;0;1;1;;
90032154;63961542;2026-05-13;BGH;Nearfood;730;813065;1;;Bx;Persil Vollwaschmittel Pulver, Universal, 90 WG;53.22;53.22;4.31082;4015200037370;0;0;3;;
90032154;63961542;2026-05-13;BGH;Früchte + Gemüse;740;000079;3;;St;Ifco LiftLock;3.2;9.6;0;2000007960008;0;0;0;;
90032154;63961542;2026-05-13;BGH;Früchte + Gemüse;750;000079;7;;St;Ifco LiftLock;3.2;22.4;0;2000007960008;0;0;0;;
90032154;63961542;2026-05-13;BGH;Früchte + Gemüse;760;000079;9;;St;Ifco LiftLock;3.2;28.8;0;2000007960008;0;0;0;;
90032154;63953394;2026-05-08;BGH;Früchte + Gemüse;10;000079;-42;;St;Ifco LiftLock;3.2;-134.4;0;2000007960008;0;0;0;;
90032154;63953394;2026-05-08;BGH;Molkerei/Backwaren;10;024440;4;;Tp;Quality Vollrahm 35%, UHT, 12 x 1 l;5.84;280.32;7.28832;7610034505315;0;0;1;;
90032154;63953394;2026-05-08;BGH;Food;10;564860;1;;Ds;S&B Wasabi Pulver, 30 g;6.53;6.53;0.16978;49181173;0;0;1;;
90032154;63953394;2026-05-08;BGH;Früchte + Gemüse;20;000079;7;;St;Ifco LiftLock;3.2;22.4;0;2000007960008;0;0;0;;
90032154;63953394;2026-05-08;BGH;Molkerei/Backwaren;20;024673;2;;Ke;Quality Crème Fraîche, Sauerrahm 35%, 2,5 kg;21.14;42.28;1.09928;7610034514973;0;1;1;;
90032154;63953394;2026-05-08;BGH;Metzgerei;30;078255;4;19.62;kg;Quality Hinterschinken Tradition 1/2, ca. 4,6 kg;11.87;232.8894;6.0551244;2950465999990;0;1;1;;
90032154;63953394;2026-05-08;BGH;Spirituosen;40;663291;2;;Fl;Gorbatschow 37,5%, 70 cl;15.5;31;2.511;4000368182000;0;0;2;;
90032154;63953394;2026-05-08;BGH;Molkerei/Backwaren;50;012383;2;3.069;kg;Defendi Gorgonzola San Antonio DOP, 1/4 Laib ca. 1,5 kg;15.46;47.44674;1.23361524;2902117999995;0;0;1;;
90032154;63953394;2026-05-08;BGH;Molkerei/Backwaren;60;010201;6;;Bt;Economy Gran Moravia, gerieben, 1 kg;15.63;93.78;2.43828;4388040201158;0;0;7;;
90032154;63953394;2026-05-08;BGH;Früchte + Gemüse;70;040972;3;;kg;Cherry Rispentomaten, 3 kg;7.13;64.17;1.66842;7610632984666;0;1;1;;
90032154;63953394;2026-05-08;BGH;Früchte + Gemüse;71;000079;3;;St;Ifco LiftLock;3.2;9.6;0;2000007960008;0;0;0;;
90032154;63953394;2026-05-08;BGH;Food;80;594210;1;;Ke;Agrano Aromapaste Pistazie palmfrei, 3 kg;214.45;214.45;5.5757;4014826140976;0;0;1;;
90032154;63953394;2026-05-08;BGH;Food;90;428170;1;;Bt;Nectaflor Pistazien grün, gehackt , 750 g;81.94;81.94;2.13044;7610184040902;0;0;1;;
90032154;63953394;2026-05-08;BGH;Metzgerei;100;081540;4;11.754;kg;Quality Bratspeck ohne Schwarte, ohne Knorpel, 1/1, ca. 3 kg;16.73;196.64442;5.11275492;2945670999996;0;0;1;;
90032154;63953394;2026-05-08;BGH;Food;110;110060;1;;Pk;Feinkristallzucker, 10 x 1 kg;0.94;9.4;0.2444;7610034510661;0;1;1;;
90032154;63953394;2026-05-08;BGH;Metzgerei;120;002409;4;6.127;kg;Rinds-Filetspitz Kopf II, ca. 1,5 kg;39.5;242.0165;6.292429;97610100000006;0;0;1;;
90032154;63953394;2026-05-08;BGH;Früchte + Gemüse;130;049127;10;;Kt;Champignons braun, frisch, 1 kg;7.52;75.2;1.9552;7610473014843;0;1;1;;
90032154;63953394;2026-05-08;BGH;Molkerei/Backwaren;140;012971;2;2.118;kg;Nuss Käse, 1/1 Laib ca. 1 kg;24.95;52.8441;1.3739466;2935031999994;0;0;1;;
90032154;63953394;2026-05-08;BGH;Molkerei/Backwaren;150;010436;2;3.277;kg;Quality Emmentaler AOP, ca. 1,5 kg;12.08;39.58616;1.02924016;2900196999998;0;1;1;;
90032154;63953394;2026-05-08;BGH;Metzgerei;180;073270;12;;St;Quality Poulet Bratwurst, 120 g;1.18;113.28;2.94528;7610162404177;0;1;7;;
90032154;63953394;2026-05-08;BGH;Food;190;570732;2;;Pk;Gogi Tempura Mehl, 24 x 150 g;1.19;57.12;1.48512;2057073200002;0;1;1;;
90032154;63953394;2026-05-08;BGH;Früchte + Gemüse;200;093791;5;;Gl;Perlen Balsamico-Essig, 200 g;16.91;84.55;2.1983;3467740093926;0;0;1;;
90032154;63953394;2026-05-08;BGH;Molkerei/Backwaren;210;006436;1;;St;Margo Kraftkorn Malz Bagel, tiefgekühlt, 44 x 100 g;0.9;39.6;1.0296;4017040016621;0;0;1;;
90032154;63953394;2026-05-08;BGH;Molkerei/Backwaren;220;098140;1;;St;Romer's Buttergipfel Avanti, vorgegärt, tiefgekühlt, 100 x 50 g;0.63;63;1.638;7611075105519;0;0;1;;
90032154;63953394;2026-05-08;BGH;Molkerei/Backwaren;230;099231;3;;St;Romer's Schraubenbrot dunkel, vorgebacken, tiefgekühlt, 5 x 240 g;2.07;31.05;0.8073;7611075119592;0;0;1;;
90032154;63953394;2026-05-08;BGH;Molkerei/Backwaren;240;019631;1;;Be;Philadelphia, 1,65 kg;19.75;19.75;0.5135;4000339034840;0;0;1;;
90032154;63953394;2026-05-08;BGH;Metzgerei;250;086701;1;2.07;kg;Bündner Rohschinken 1/1 ohne Schwarte, ca. 2,6 kg;24.74;51.2118;1.3315068;2961718999995;0;1;1;;
90032154;63953394;2026-05-08;BGH;Metzgerei;260;082551;2;1.913;kg;Bell Bündnerfleisch, Unterspälte, 1/2, ca. 1 kg;69.2;132.3796;3.4418696;2961706999990;0;0;1;;
90032154;63953394;2026-05-08;BGH;Metzgerei;270;083106;1;2.899;kg;Negroni Truten Brust gebraten, ca. 2,5 kg;20.49;59.40051;1.54441326;2904940999999;0;0;1;;
90032154;63953394;2026-05-08;BGH;Molkerei/Backwaren;280;010131;2;;Pk;Berner Alphobelkäse AOP, gerollt, 600 g;27.67;55.34;1.43884;7600400001121;0;0;1;;
90032154;63953394;2026-05-08;BGH;Metzgerei;290;001976;1;8;kg;Quality GGAP Lachs Filet, mit Haut, grätenarm, ca. 1,0 - 1,4 kg;20.69;165.52;4.30352;97610162230489;0;0;1;;
90032154;63953394;2026-05-08;BGH;Metzgerei;300;001977;1;7.475;kg;Quality GGAP Lachs Filet, ohne Haut, deepskin, grätenarm, ca. 1,2 - 1,4 kg;23.66;176.8585;4.598321;97610162230472;0;0;1;;
90032154;63953394;2026-05-08;BGH;Metzgerei;310;067563;3;;Bt;Thunfisch Steak, ca. 170 - 230 g, tiefgekühlt, 1 kg;17.42;52.26;1.35876;8718104960060;0;0;1;;
90032154;63953394;2026-05-08;BGH;Metzgerei;320;068151;15;;kg;Economy ASC Crevetten Black Tiger, geschält, entdarmt, 8/12, tiefgekühlt, 1 kg;20.69;310.35;8.0691;7610034523548;0;0;7;;
90032154;63953394;2026-05-08;BGH;Food;330;590111;2;;Lt;Quality Sonnenblumenöl, 20 l;4.41;176.4;4.5864;7610034515024;0;0;1;;
90032154;63953394;2026-05-08;BGH;Früchte + Gemüse;340;045707;2;;kg;Zucchetti, 5 kg;2;20;0.52;7610632980545;0;0;1;;
90032154;63953394;2026-05-08;BGH;Früchte + Gemüse;350;042005;2;;St;Gurken 350 - 500 g / St, 12 St;1.77;42.48;1.10448;7610632995020;0;0;1;;
90032154;63953394;2026-05-08;BGH;Früchte + Gemüse;351;000079;2;;St;Ifco LiftLock;3.2;6.4;0;2000007960008;0;0;0;;
90032154;63953394;2026-05-08;BGH;Früchte + Gemüse;360;044107;2;;kg;Peperoni Tricolor, Import, 5 kg;4.24;42.4;1.1024;7610632977132;0;0;1;;
90032154;63953394;2026-05-08;BGH;Früchte + Gemüse;361;000079;2;;St;Ifco LiftLock;3.2;6.4;0;2000007960008;0;0;0;;
90032154;63953394;2026-05-08;BGH;Früchte + Gemüse;370;040257;2;;kg;Auberginen, 5 kg;3.12;31.2;0.8112;7610632977958;0;0;1;;
90032154;63953394;2026-05-08;BGH;Früchte + Gemüse;390;043957;7;;Sc;Patisson Mini Gemüse, ca. 9 St;7.31;51.17;1.33042;7610632991541;0;0;1;;
90032154;63953394;2026-05-08;BGH;Früchte + Gemüse;400;041777;6;;Sc;Fenchel Mini Gemüse, 8 St;6.59;39.54;1.02804;7610632978672;0;0;1;;
90032154;63953394;2026-05-08;BGH;Früchte + Gemüse;410;044667;6;;Sc;Mini Rüebli / Karotten mit Laubansatz, ca. 200 g;7.01;42.06;1.09356;7610632955345;0;0;1;;
90032154;63953394;2026-05-08;BGH;Früchte + Gemüse;420;044139;2;;kg;Peperoni Mini Mix, 3 kg;8.48;50.88;1.32288;7610632970782;0;0;1;;
90032154;63953394;2026-05-08;BGH;Früchte + Gemüse;430;044981;2;;Bd;Spargeln grün Bund, Europa, 6 x 1 kg;8.01;96.12;2.49912;7610632975497;0;0;1;;
90032154;63953394;2026-05-08;BGH;Früchte + Gemüse;440;046909;3;;kg;Birchermüesli Extra fixfertig, 3 kg;10.37;93.33;2.42658;7610227917123;0;0;7;;
90032154;63953394;2026-05-08;BGH;Food;450;107262;1;;St;Hegnauer Beck Hoteltoast, weiss, 8 x 1 kg;6.33;50.64;1.31664;7610325807500;0;0;1;;
90032154;63953394;2026-05-08;BGH;Früchte + Gemüse;460;045916;2;;kg;Zwiebeln rot, 5 kg;2.12;21.2;0.5512;7613399003199;0;0;7;;
90032154;63953394;2026-05-08;BGH;Früchte + Gemüse;470;045902;2;;kg;Zwiebeln mittel, 5 kg;1.88;18.8;0.4888;7613399003090;0;0;1;;
90032154;63953394;2026-05-08;BGH;Früchte + Gemüse;480;040329;2;;Bt;Basilikum, 1 kg;29.39;58.78;1.52828;7610632989975;0;0;1;;
90032154;63953394;2026-05-08;BGH;Molkerei/Backwaren;490;095210;2;;St;Eier Import, Bodenhaltung, 53g+, 90 Stück;0.4;72;1.872;7640104163138;0;0;1;;
90032154;63953394;2026-05-08;BGH;Molkerei/Backwaren;500;008700;2;;kg;Quality Vollei flüssig Import, Bodenhaltung, pasteurisiert, 10 kg;6.78;135.6;3.5256;4388040268236;0;0;1;;
90032154;63953394;2026-05-08;BGH;Molkerei/Backwaren;510;520169;4;;Tp;Gustovo Eigelb flüssig Schweiz, Freiland, pasteurisiert, 1 kg;11.29;45.16;1.17416;7640138979446;0;0;1;;
90032154;63953394;2026-05-08;BGH;Molkerei/Backwaren;520;096400;2;;St;Backhefe, Würfel, 24 x 42 g;0.29;13.92;0.36192;7610926000515;0;0;1;;
90032154;63953394;2026-05-08;BGH;Früchte + Gemüse;530;044540;2;;kg;Rucola / Rauke ungewaschen, 1 kg;12.9;25.8;0.6708;7610514613219;0;0;1;;
90032154;63953394;2026-05-08;BGH;Früchte + Gemüse;540;044776;2;;Ki;Schnittsalat Oriental, 800 g;22.68;45.36;1.17936;7610632965849;0;0;1;;
90032154;63953394;2026-05-08;BGH;Früchte + Gemüse;550;041241;5;;St;Eichblattsalat rot / grün Schweiz Hydro, gemischt, 8 St;2.18;87.2;2.2672;7613399058038;0;0;7;;
90032154;63953394;2026-05-08;BGH;Früchte + Gemüse;551;000079;5;;St;Ifco LiftLock;3.2;16;0;2000007960008;0;0;0;;
90032154;63953394;2026-05-08;BGH;Food;560;438073;4;;Sc;Picosa Datteltomaten getrocknet, 1,1 kg;24.12;96.48;2.50848;7610107110569;0;0;1;;
90032154;63953394;2026-05-08;BGH;Food;570;246320;1;;Ds;Parmadoro Tomatenpüree zweifach konzentriert, 850 g;6.41;38.46;0.99996;7614200510349;0;0;1;;
90032154;63953394;2026-05-08;BGH;Früchte + Gemüse;580;049131;5;;Sc;Natura Bio Champignons weiss, frisch, 400 g;5.1;25.5;0.663;7630178201034;0;1;1;;
90032154;63953394;2026-05-08;BGH;Früchte + Gemüse;590;049127;3;;Kt;Champignons braun, frisch, 1 kg;7.52;22.56;0.58656;7610473014843;0;1;1;;
90032154;63953394;2026-05-08;BGH;Food;600;564040;4;;Gl;Bosco d'oro Carpaccio, aus Sommertrüffeln, schwarz, 45 g;18.74;74.96;1.94896;8032680690549;0;0;1;;
90032154;63953394;2026-05-08;BGH;Food;620;410640;1;;Pk;Barilla glutenfreie Penne rigate, 14 x 400 g;3.56;49.84;1.29584;8076809029285;0;0;1;;
90032154;63953394;2026-05-08;BGH;Nonfood;640;999061;6;;Rl;Quality Alufolie, Dispenser, 45 cm x 200 m, 11 µm;28.01;168.06;13.61286;3554983007145;0;1;3;;
90032154;63953394;2026-05-08;BGH;Nonfood;650;999063;6;;Rl;Quality Frischhaltefolie, Dispenser, PVC, 45 cm x 300 m, 7 µm;15.54;93.24;7.55244;3554983014525;0;0;3;;
90032154;63953394;2026-05-08;BGH;Food;660;510480;2;;Ke;Quality Oregano, 800 g;21.82;43.64;1.13464;7610034519930;0;0;1;;
90032154;63953394;2026-05-08;BGH;Molkerei/Backwaren;670;098291;2;;St;Romer's Partybrötli, vorgebacken, tiefgekühlt, 60 x 32 g;0.45;54;1.404;7611075114498;0;0;1;;
90032154;63953394;2026-05-08;BGH;Molkerei/Backwaren;680;005010;2;;kg;Quality Joghurt Nature, 3 kg;2.44;14.64;0.38064;7610034534230;0;0;7;;
90032154;63953394;2026-05-08;BGH;Food;690;510520;7;;Fl;Quality Mayonnaise Squeeze, 865 g;7.49;52.43;1.36318;7610034512658;0;0;1;;
90032154;63953394;2026-05-08;BGH;Food;700;510111;1;;Ke;Quality Mayonnaise, 4,75 kg;21.65;21.65;0.5629;7610034512672;0;0;1;;
90032154;63953394;2026-05-08;BGH;Food;710;510080;7;;Fl;Quality Ketchup Squeeze, 965 g;5.2;36.4;0.9464;7610034512139;0;0;1;;
90032154;63953394;2026-05-08;BGH;Früchte + Gemüse;720;090140;3;;Bt;Frigemo Regiofrites Bärner TK, 4 x 2,5 kg;15.85;190.2;4.9452;7610078043163;0;0;1;;
90032154;63953394;2026-05-08;BGH;Metzgerei;730;001494;4;10.35;kg;Bell Poulet-Brust ohne Haut ohne Innenfilet, 150-170 g, ca. 2,5 kg;22.28;230.598;5.995548;97610011946196;0;0;1;;
90032154;63953394;2026-05-08;BGH;Food;740;410030;1;;kg;Barilla Penne Rigate, n° 73, 3 x 5 kg;3.72;55.8;1.4508;8076809011396;0;0;1;;
90032154;63953394;2026-05-08;BGH;Metzgerei;750;083419;2;1.936;kg;El Campeon Chorizo pikant geschält, ca. 950 g;23.27;45.05072;1.17131872;2935691999990;0;0;7;;
90032154;63953394;2026-05-08;BGH;Metzgerei;760;002098;2;3.859;kg;Kalbs-Nierstück, kurz, ca. 1.6 kg;54.95;212.05205;5.5133533;97610011044199;0;0;1;;
90032154;63953394;2026-05-08;BGH;Metzgerei;770;002122;7;7.509;kg;Lamm Nierstück, ohne Bein, Australien/Neuseeland, ca. 900 g;34.64;260.11176;6.76290576;92050000178026;0;1;1;;
90032154;63953394;2026-05-08;BGH;Metzgerei;780;066695;4;;kg;Zander Knusperli, im Bierteig, ca. 20 - 40 g, tiefgekühlt, 5 kg;13.81;276.2;7.1812;4260400370042;0;1;7;;
90032154;63953394;2026-05-08;BGH;Früchte + Gemüse;790;000079;2;;St;Ifco LiftLock;3.2;6.4;0;2000007960008;0;0;0;;
90032154;63953394;2026-05-08;BGH;Früchte + Gemüse;800;000079;10;;St;Ifco LiftLock;3.2;32;0;2000007960008;0;0;0;;
90032154;63948571;2026-05-06;BGH;Früchte + Gemüse;10;000079;-38;;St;Ifco LiftLock;3.2;-121.6;0;2000007960008;0;0;0;;
90032154;63948571;2026-05-06;BGH;Früchte + Gemüse;10;048825;2;;kg;Zitronen unbehandelt, 6 kg;3.89;46.68;1.21368;7610632261293;0;0;1;;
90032154;63948571;2026-05-06;BGH;Früchte + Gemüse;11;000079;2;;St;Ifco LiftLock;3.2;6.4;0;2000007960008;0;0;0;;
90032154;63948571;2026-05-06;BGH;Früchte + Gemüse;20;049127;8;;Kt;Champignons braun, frisch, 1 kg;7.52;60.16;1.56416;7610473014843;0;1;1;;
90032154;63948571;2026-05-06;BGH;Früchte + Gemüse;30;049135;5;;kg;Champignons weiss, frisch, 1 kg;8.44;42.2;1.0972;7610632995211;0;0;1;;
90032154;63948571;2026-05-06;BGH;Früchte + Gemüse;50;040972;5;;kg;Cherry Rispentomaten, 3 kg;7.13;106.95;2.7807;7610632984666;0;1;1;;
90032154;63948571;2026-05-06;BGH;Früchte + Gemüse;51;000079;5;;St;Ifco LiftLock;3.2;16;0;2000007960008;0;0;0;;
90032154;63948571;2026-05-06;BGH;Nearfood;60;992093;5;;Pk;Quality Toilettenpapier, 4-lagig, weiss, 160 Blatt, 24 Rl;14.44;72.2;5.8482;7610034532120;0;1;3;;
90032154;63948571;2026-05-06;BGH;Nearfood;70;971154;1;;St;Kehrgarnitur Maria-Set, klappbar mit Kamm;22.07;22.07;1.78767;7614600331971;0;0;3;;
90032154;63948571;2026-05-06;BGH;Nearfood;80;819378;2;;St;Wasserschieber ohne Stiel, weiss, 60 cm;35.39;70.78;5.73318;7615400700103;0;0;2;;
90032154;63948571;2026-05-06;BGH;Nearfood;90;971201;3;;St;Teleskopstiel zu Wasserschieber;16.08;48.24;3.90744;7614600813125;0;0;2;;
90032154;63948571;2026-05-06;BGH;Nearfood;100;971141;1;;St;Profi Bodenmopset mit Schlingen, 42 cm;63.76;63.76;5.16456;7614600331834;0;0;2;;
90032154;63948571;2026-05-06;BGH;Nearfood;110;975943;6;;Pk;Cotonette Wischtuch, blau, 60 x 38 cm, 50 St;12.14;72.84;5.90004;5425035596079;0;0;3;;
90032154;63948571;2026-05-06;BGH;Molkerei/Backwaren;150;024440;2;;Tp;Quality Vollrahm 35%, UHT, 12 x 1 l;5.84;140.16;3.64416;7610034505315;0;0;1;;
90032154;63948571;2026-05-06;BGH;Molkerei/Backwaren;160;010201;10;;Bt;Economy Gran Moravia, gerieben, 1 kg;15.63;156.3;4.0638;4388040201158;0;0;7;;
90032154;63948571;2026-05-06;BGH;Molkerei/Backwaren;170;027380;2;;kg;Die Butter, 10 x 1 kg;14.01;280.2;7.2852;7610900120192;0;1;1;;
90032154;63948571;2026-05-06;BGH;Molkerei/Backwaren;180;012201;8;;Bt;Economy Gran Moravia, gehobelt, 500 g;8.7;69.6;1.8096;4388040201172;0;0;7;;
90032154;63948571;2026-05-06;BGH;Früchte + Gemüse;190;044540;4;;kg;Rucola / Rauke ungewaschen, 1 kg;12.9;51.6;1.3416;7610514613219;0;0;1;;
90032154;63948571;2026-05-06;BGH;Früchte + Gemüse;200;044643;3;;Bt;Quality Rüebli- Karotten Julienne, 1,6 mm, 1 kg;4.7;14.1;0.3666;7610034507050;0;0;1;;
90032154;63948571;2026-05-06;BGH;Molkerei/Backwaren;210;019481;12;;Be;Galbani Mascarpone, 500 g;6.04;72.48;1.88448;8000430171013;0;1;1;;
90032154;63948571;2026-05-06;BGH;Molkerei/Backwaren;220;005010;1;;kg;Quality Joghurt Nature, 3 kg;2.44;7.32;0.19032;7610034534230;0;0;7;;
90032154;63948571;2026-05-06;BGH;Molkerei/Backwaren;230;027380;1;;kg;Die Butter, 10 x 1 kg;14.01;140.1;3.6426;7610900120192;0;1;1;;
90032154;63948571;2026-05-06;BGH;Nonfood;240;989812;10;;Pk;Salatschale Karton rund FSC 750 ml Pack zu 50 Stück;19.07;190.7;15.4467;5901360017286;0;0;3;;
90032154;63948571;2026-05-06;BGH;Nonfood;250;989814;8;;Pk;Deckel PP zu Salatschale rund Pack zu 50 Stück;10.53;84.24;6.82344;4010494919753;0;0;3;;
90032154;63948571;2026-05-06;BGH;Food;260;511500;1;;Ds;Economy Oliven schwarz entsteint, 3 x 4,25 kg;13.72;41.16;1.07016;7610034524156;0;0;1;;
90032154;63948571;2026-05-06;BGH;Food;270;509091;7;;Bt;Quality Kapern Capucines, 4 x 1100 g;9.67;270.76;7.03976;7610034515413;0;0;1;;
90032154;63948571;2026-05-06;BGH;Food;280;371461;1;;Bt;Economy Pinienkerne, Gastropack, 1 kg;49.5;49.5;1.287;7610034525979;0;0;1;;
90032154;63948571;2026-05-06;BGH;Food;290;510031;1;;Ds;Quality Sweet Corn, 2,125 kg;5.87;35.22;0.91572;7610034533028;0;0;1;;
90032154;63948571;2026-05-06;BGH;Früchte + Gemüse;300;044107;3;;kg;Peperoni Tricolor, Import, 5 kg;4.24;63.6;1.6536;7610632977132;0;0;1;;
90032154;63948571;2026-05-06;BGH;Früchte + Gemüse;301;000079;3;;St;Ifco LiftLock;3.2;9.6;0;2000007960008;0;0;0;;
90032154;63948571;2026-05-06;BGH;Früchte + Gemüse;310;040329;5;;Bt;Basilikum, 1 kg;29.39;146.95;3.8207;7610632989975;0;0;1;;
90032154;63948571;2026-05-06;BGH;Food;320;590111;1;;Lt;Quality Sonnenblumenöl, 20 l;4.41;88.2;2.2932;7610034515024;0;0;1;;
90032154;63948571;2026-05-06;BGH;Food;330;595491;1;;Ds;Quality MSC Thon hell Yellowfin, solid, in Sonnenblumenöl, 6 x 1,88 kg;15.79;94.74;2.46324;7610034529731;0;1;1;;
90032154;63948571;2026-05-06;BGH;Food;340;100070;1;;Lt;Economy Frittieröl, 20 l;4.45;89;2.314;7610034508873;0;0;1;;
90032154;63948571;2026-05-06;BGH;Früchte + Gemüse;350;041241;5;;St;Eichblattsalat rot / grün Schweiz Hydro, gemischt, 8 St;2.18;87.2;2.2672;7613399058038;0;0;7;;
90032154;63948571;2026-05-06;BGH;Früchte + Gemüse;351;000079;5;;St;Ifco LiftLock;3.2;16;0;2000007960008;0;0;0;;
90032154;63948571;2026-05-06;BGH;Früchte + Gemüse;360;042007;1;;St;Gurken 400 - 500 g / St, 12 St;1.65;19.8;0.5148;7610632995013;0;0;1;;
90032154;63948571;2026-05-06;BGH;Früchte + Gemüse;370;046922;3;;Sc;Blueberries, 500 g;7.01;21.03;0.54678;7610632010297;0;0;1;;
90032154;63948571;2026-05-06;BGH;Früchte + Gemüse;380;047139;1;;Sc;Erdbeeren Import, 10 x 500 g;2.23;22.3;0.5798;7610632320631;0;1;1;;
90032154;63948571;2026-05-06;BGH;Food;390;564090;3;;Fl;Bosco d'oro Olivenöl mit Trüffelaroma, 250 ml;18.62;55.86;1.45236;8032680690303;0;0;1;;
90032154;63948571;2026-05-06;BGH;Food;400;564040;6;;Gl;Bosco d'oro Carpaccio, aus Sommertrüffeln, schwarz, 45 g;18.74;112.44;2.92344;8032680690549;0;0;1;;
90032154;63948571;2026-05-06;BGH;Früchte + Gemüse;410;047754;3;12.6;kg;Limetten / Limes, 4,2 kg;2.38;29.988;0.779688;2905054999998;0;1;1;;
90032154;63948571;2026-05-06;BGH;Früchte + Gemüse;420;048827;2;;kg;Zitronen, 6 kg;3.42;41.04;1.06704;7610632320723;0;0;1;;
90032154;63948571;2026-05-06;BGH;Früchte + Gemüse;421;000079;2;;St;Ifco LiftLock;3.2;6.4;0;2000007960008;0;0;0;;
90032154;63948571;2026-05-06;BGH;Früchte + Gemüse;430;043598;3;;Bt;Minze, 250 g;8.72;26.16;0.68016;7610632977873;0;0;1;;
90032154;63948571;2026-05-06;BGH;Früchte + Gemüse;440;044166;4;;Bt;Petersilie glatt Liscio gepackt, 500 g;7.31;29.24;0.76024;7610632980170;0;0;1;;
90032154;63948571;2026-05-06;BGH;Früchte + Gemüse;450;041786;2;14;kg;Fleischtomaten Kaliber 77-87 mm, 7 kg;3.71;51.94;1.35044;2916705999991;0;0;1;;
90032154;63948571;2026-05-06;BGH;Food;460;512360;4;;Ds;Quality Estragon geschnitten, 110 g;10.51;42.04;1.09304;7610034519381;0;0;1;;
90032154;63948571;2026-05-06;BGH;Food;470;512520;4;;Ds;Quality Curry mild, 350 g;7.43;29.72;0.77272;7610034518667;0;0;1;;
90032154;63948571;2026-05-06;BGH;Früchte + Gemüse;480;048109;2;;kg;Orangen blond, 7 kg;2.12;29.68;0.77168;7610632471906;0;0;1;;
90032154;63948571;2026-05-06;BGH;Früchte + Gemüse;481;000079;2;;St;Ifco LiftLock;3.2;6.4;0;2000007960008;0;0;0;;
90032154;63948571;2026-05-06;BGH;Früchte + Gemüse;500;045186;2;;Bd;Thymian Bund, 80 g;4.18;8.36;0.21736;7610632942604;0;0;1;;
90032154;63948571;2026-05-06;BGH;Metzgerei;510;086133;3;4.404;kg;Quality Bündnerfleisch Eckstück, Deutschland/Österreich, 1/2 ca. 1,5 kg;58.31;256.79724;6.67672824;2965474999992;0;0;1;;
90032154;63948571;2026-05-06;BGH;Metzgerei;520;078256;10;24.029;kg;Quality Hinterschinken Tradition 1/3, ca. 2,4 kg;12.37;297.23873;7.72820698;2946205999993;0;1;1;;
90032154;63948571;2026-05-06;BGH;Metzgerei;530;082312;7;6.507;kg;Quality Chorizo pikant geschält, ca. 1 kg;21.09;137.23263;3.56804838;2951561999990;0;0;1;;
90032154;63948571;2026-05-06;BGH;Getränke;540;636100;1;;Tp;Quality Orangensaft 1 l Tetra;1.57;18.84;0.48984;7610034534087;0;1;7;;
90032154;63948571;2026-05-06;BGH;Molkerei/Backwaren;550;018891;4;;Ds;Ömür Hirtenkäse 55%, 800 g;9.76;39.04;1.01504;4002566002449;0;0;1;;
90032154;63948571;2026-05-06;BGH;Metzgerei;560;002090;2;5.631;kg;Kalbs-Eckstück, ohne Deckel, enthäutet, ca. 2,8 kg;49.01;275.97531;7.17535806;97610011044281;0;0;1;;
90032154;63948571;2026-05-06;BGH;Metzgerei;570;053620;10;;St;Bell Beefsteak Tatar, Portionen, tiefgekühlt, 10 x 140 g;4.06;406;10.556;7610011021111;0;0;1;;
90032154;63948571;2026-05-06;BGH;Food;580;153063;1;;Pk;Thomy Sauce Hollandaise, 12 x 1 l;8.62;103.44;2.68944;4005500112709;0;1;1;;
90032154;63948571;2026-05-06;BGH;Food;590;247372;1;;Bi;Mae Ploy Sweet Chili Sauce, 5,9 kg;16.71;16.71;0.43446;8850367990207;0;0;1;;
90032154;63948571;2026-05-06;BGH;Metzgerei;600;032340;5;;Bt;Pizoler Sauce Steak Tatar, tiefgekühlt, Italien, 6 x 500 g;5.84;175.2;4.5552;7611521933314;0;0;1;;
90032154;63948571;2026-05-06;BGH;Früchte + Gemüse;610;090140;2;;Bt;Frigemo Regiofrites Bärner TK, 4 x 2,5 kg;15.85;126.8;3.2968;7610078043163;0;0;1;;
90032154;63948571;2026-05-06;BGH;Nearfood;620;993320;4;;Rl;Quality Wischtücher Midi, 2-lagig, weiss, 450 Blatt, 6 Rl;6.78;162.72;13.18032;7610034546196;0;0;3;;
90032154;63948571;2026-05-06;BGH;Nonfood;630;930430;2;;Pk;VC999 Vakuumbeutel, 90 µm, 300 x 400 mm, Pack zu 100 Stück;21.73;43.46;3.52026;7640144910266;0;0;2;;
90032154;63948571;2026-05-06;BGH;Metzgerei;640;002097;5;17.364;kg;Kalbs-Nierstück, lang, ca. 3,5 kg;51.98;902.58072;23.46709872;97610011044090;0;0;1;;
90032154;63948571;2026-05-06;BGH;Food;650;101490;1;;Bt;Quality Morcheln Jumbo, 300 g;88.99;88.99;2.31374;7610034534490;0;0;7;;
90032154;63948571;2026-05-06;BGH;Früchte + Gemüse;660;091430;1;;kg;Kadi Rösti-Croquettes, TK, 2 x 2,5 kg;7.55;37.75;0.9815;7610314409210;0;0;1;;
90032154;63948571;2026-05-06;BGH;Früchte + Gemüse;670;000079;6;;St;Ifco LiftLock;3.2;19.2;0;2000007960008;0;0;0;;
90032154;63948571;2026-05-06;BGH;Früchte + Gemüse;680;000079;15;;St;Ifco LiftLock;3.2;48;0;2000007960008;0;0;0;;
90032154;63948571;2026-05-06;BGH;Früchte + Gemüse;690;000079;2;;St;Ifco LiftLock;3.2;6.4;0;2000007960008;0;0;0;;
90032154;63940644;2026-05-01;BGH;Früchte + Gemüse;10;000079;-21;;St;Ifco LiftLock;3.2;-67.2;0;2000007960008;0;0;0;;
90032154;63940644;2026-05-01;BGH;Früchte + Gemüse;10;047754;2;8.4;kg;Limetten / Limes, 4,2 kg;2.71;22.764;0.591864;2905054999998;0;0;1;;
90032154;63940644;2026-05-01;BGH;Nonfood;10;963950;-6;;St;Stronghold Serviertablett Fiberglas Ø 27,5 cm schwarz;9.3;-55.8;-4.5198;7612192086323;0;1;2;;
90032154;63940644;2026-05-01;BGH;Früchte + Gemüse;20;046240;1;;St;Ananas Schiff, ca. 1,5 kg;3.51;3.51;0.09126;5425003611179;0;0;1;;
90032154;63940644;2026-05-01;BGH;Früchte + Gemüse;30;048109;2;;kg;Orangen blond, 7 kg;1.78;24.92;0.64792;7610632471906;0;1;1;;
90032154;63940644;2026-05-01;BGH;Früchte + Gemüse;31;000079;2;;St;Ifco LiftLock;3.2;6.4;0;2000007960008;0;0;0;;
90032154;63940644;2026-05-01;BGH;Molkerei/Backwaren;40;096400;1;;St;Backhefe, Würfel, 24 x 42 g;0.29;6.96;0.18096;7610926000515;0;0;1;;
90032154;63940644;2026-05-01;BGH;Molkerei/Backwaren;50;010201;13;;Bt;Economy Gran Moravia, gerieben, 1 kg;15.63;203.19;5.28294;4388040201158;0;0;7;;
90032154;63940644;2026-05-01;BGH;Molkerei/Backwaren;60;024440;1;;Tp;Quality Vollrahm 35%, UHT, 12 x 1 l;5.84;70.08;1.82208;7610034505315;0;0;1;;
90032154;63940644;2026-05-01;BGH;Molkerei/Backwaren;70;012201;10;;Bt;Economy Gran Moravia, gehobelt, 500 g;8.7;87;2.262;4388040201172;0;0;7;;
90032154;63940644;2026-05-01;BGH;Metzgerei;80;001494;6;15.59;kg;Bell Poulet-Brust ohne Haut ohne Innenfilet, 150-170 g, ca. 2,5 kg;22.28;347.3452;9.0309752;97610011946196;0;0;1;;
90032154;63940644;2026-05-01;BGH;Nearfood;120;973484;4;;Pk;Quality Spiraltopfreiniger, 10 x 90 g;11.64;46.56;3.77136;7610034509870;0;0;3;;
90032154;63940644;2026-05-01;BGH;Metzgerei;130;062882;2;;kg;Fredag Yakitori Satay Poulet Spiessli, tiefgekühlt, Thailand, 67 x 30 g, 2 x 1 kg;19.7;78.8;2.0488;7610745053013;0;0;1;;
90032154;63940644;2026-05-01;BGH;Metzgerei;140;083419;7;6.766;kg;El Campeon Chorizo pikant geschält, ca. 950 g;23.27;157.44482;4.09356532;2935691999990;0;0;7;;
90032154;63940644;2026-05-01;BGH;Früchte + Gemüse;150;044257;7;;Bd;Radiesli, 2 Bund;2.53;35.42;0.92092;7610632985120;0;0;1;;
90032154;63940644;2026-05-01;BGH;Früchte + Gemüse;160;044747;3;;Bd;Schnittlauch gebündelt, 2 Bund à 100 g;5.65;33.9;0.8814;7640108600066;0;0;1;;
90032154;63940644;2026-05-01;BGH;Früchte + Gemüse;170;041217;4;;Bd;Cipollotte / Bundzwiebeln, gepackt, 2 Bund, ca. 3 St;2.53;20.24;0.52624;7610632974995;0;0;1;;
90032154;63940644;2026-05-01;BGH;Früchte + Gemüse;180;092030;2;;kg;Ditzler Spargeln grün Tips and Cuts TK 2 x 2,5 kg;12.87;128.7;3.3462;7610247002021;0;0;1;;
90032154;63940644;2026-05-01;BGH;Molkerei/Backwaren;190;027970;1;;St;Knorr Garde d'Or Sauce Hollandaise, 6 x 1 l;7.68;46.08;1.19808;08712566717637;0;1;1;;
90032154;63940644;2026-05-01;BGH;Früchte + Gemüse;200;041241;6;;St;Eichblattsalat rot / grün Schweiz Hydro, gemischt, 8 St;2.18;104.64;2.72064;7613399058038;0;0;7;;
90032154;63940644;2026-05-01;BGH;Früchte + Gemüse;201;000079;6;;St;Ifco LiftLock;3.2;19.2;0;2000007960008;0;0;0;;
90032154;63940644;2026-05-01;BGH;Molkerei/Backwaren;210;098291;2;;St;Romer's Partybrötli, vorgebacken, tiefgekühlt, 60 x 32 g;0.45;54;1.404;7611075114498;0;0;1;;
90032154;63940644;2026-05-01;BGH;Früchte + Gemüse;220;040401;4;;kg;Baked Potatoes, festkochend, 10 kg;1.29;51.6;1.3416;7628072012900;0;1;1;;
90032154;63940644;2026-05-01;BGH;Früchte + Gemüse;221;000079;4;;St;Ifco LiftLock;3.2;12.8;0;2000007960008;0;0;0;;
90032154;63940644;2026-05-01;BGH;Molkerei/Backwaren;230;005601;1;;kg;Hilcona Pasta Professional Raviolini Ratatouille, tiefgekühlt, 10 kg;8.59;85.9;2.2334;7610227983135;0;0;7;;
90032154;63940644;2026-05-01;BGH;Nonfood;240;963937;6;;St;Stronghold Serviertablett Fiberglas Ø 35 cm schwarz;10.98;65.88;5.33628;7612192082660;0;1;2;;
90032154;63940644;2026-05-01;BGH;Metzgerei;250;001982;1;6.19;kg;Quality GGAP Goldbrassen Filet, mit Haut, grätenarm, ca. 140-190 g, ca. 1 kg;29.21;180.8099;4.7010574;97610162349525;0;0;1;;
90032154;63940644;2026-05-01;BGH;Metzgerei;260;001976;1;10.96;kg;Quality GGAP Lachs Filet, mit Haut, grätenarm, ca. 1,0 - 1,4 kg;19.21;210.5416;5.4740816;97610162230489;0;0;1;;
90032154;63940644;2026-05-01;BGH;Metzgerei;270;001977;1;1.826;kg;Quality GGAP Lachs Filet, ohne Haut, deepskin, grätenarm, ca. 1,2 - 1,4 kg;21.09;38.51034;1.00126884;97610162230472;0;0;1;;
90032154;63940644;2026-05-01;BGH;Metzgerei;280;054913;2;10.038;kg;Rinds-Hackfleisch, 8 mm, ca. 5 kg;18.32;183.89616;4.78130016;2962493999996;0;0;1;;
90032154;63940644;2026-05-01;BGH;Früchte + Gemüse;290;044981;1;;Bd;Spargeln grün Bund, Europa, 6 x 1 kg;7.67;46.02;1.19652;7610632975497;0;1;1;;
90032154;63940644;2026-05-01;BGH;Food;300;590064;2;;Ds;J Carl Fridlin Salbei erlesen ganz, 60 g;6.6;13.2;0.3432;7617600004180;0;0;1;;
90032154;63940644;2026-05-01;BGH;Früchte + Gemüse;310;044718;2;;Bt;Salbei, 250 g;8.72;17.44;0.45344;7610632969779;0;0;1;;
90032154;63940644;2026-05-01;BGH;Food;320;512650;2;;Ds;Quality Pfeffer weiss gemahlen, 390 g;14.48;28.96;0.75296;7610034519046;0;0;1;;
90032154;63940644;2026-05-01;BGH;Früchte + Gemüse;330;004160;3;;kg;Ditzler Asia-Mix Gemüsemischung, TK, 2 x 2,5 kg;6.09;91.35;2.3751;7610247606595;0;1;1;;
90032154;63940644;2026-05-01;BGH;Früchte + Gemüse;340;044539;1;;Bt;Rosmarin, 1 kg;29.39;29.39;0.76414;7610253421441;0;0;1;;
90032154;63940644;2026-05-01;BGH;Food;350;438073;1;;Sc;Picosa Datteltomaten getrocknet, 1,1 kg;24.12;24.12;0.62712;7610107110569;0;0;1;;
90032154;63940644;2026-05-01;BGH;Molkerei/Backwaren;360;012293;2;3.295;kg;Galbani Gorgonzola DOP Intenso, 1/4 Laib ca. 1,5 kg;16.52;54.4334;1.4152684;2950193999996;0;0;1;;
90032154;63940644;2026-05-01;BGH;Früchte + Gemüse;370;045707;2;;kg;Zucchetti, 5 kg;1.73;17.3;0.4498;7610632980545;0;1;1;;
90032154;63940644;2026-05-01;BGH;Früchte + Gemüse;390;041781;2;;kg;Fleischtomaten, 3 kg;4.13;24.78;0.64428;7613399060178;0;0;7;;
90032154;63940644;2026-05-01;BGH;Früchte + Gemüse;391;000079;2;;St;Ifco LiftLock;3.2;6.4;0;2000007960008;0;0;0;;
90032154;63940644;2026-05-01;BGH;Früchte + Gemüse;400;040972;2;;kg;Cherry Rispentomaten, 3 kg;8.66;51.96;1.35096;7610632984666;0;0;1;;
90032154;63940644;2026-05-01;BGH;Früchte + Gemüse;401;000079;2;;St;Ifco LiftLock;3.2;6.4;0;2000007960008;0;0;0;;
90032154;63940644;2026-05-01;BGH;Früchte + Gemüse;410;044107;2;;kg;Peperoni Tricolor, Import, 5 kg;4.18;41.8;1.0868;7610632977132;0;0;1;;
90032154;63940644;2026-05-01;BGH;Früchte + Gemüse;411;000079;2;;St;Ifco LiftLock;3.2;6.4;0;2000007960008;0;0;0;;
90032154;63940644;2026-05-01;BGH;Früchte + Gemüse;420;044643;2;;Bt;Quality Rüebli- Karotten Julienne, 1,6 mm, 1 kg;4.7;9.4;0.2444;7610034507050;0;0;1;;
90032154;63940644;2026-05-01;BGH;Früchte + Gemüse;430;044667;2;;Sc;Mini Rüebli / Karotten mit Laubansatz, ca. 200 g;7.01;14.02;0.36452;7610632955345;0;0;1;;
90032154;63940644;2026-05-01;BGH;Früchte + Gemüse;440;044611;1;;kg;Rüebli / Karotten Gastro, gewaschen, Inland, 10 kg;1.71;17.1;0.4446;7628072012832;0;0;1;;
90032154;63940644;2026-05-01;BGH;Früchte + Gemüse;441;000079;1;;St;Ifco LiftLock;3.2;3.2;0;2000007960008;0;0;0;;
90032154;63940644;2026-05-01;BGH;Früchte + Gemüse;450;091930;1;;kg;Ditzler Brunoise Gemüse, assortiert, TK, 4 x 1,25 kg;6.1;30.5;0.793;7610247002038;0;0;1;;
90032154;63940644;2026-05-01;BGH;Früchte + Gemüse;460;043507;3;;Bt;Maiskolben Mini, 250 g;7.54;22.62;0.58812;7640138832031;0;0;7;;
90032154;63940644;2026-05-01;BGH;Früchte + Gemüse;470;043957;4;;Sc;Patisson Mini Gemüse, ca. 9 St;7.31;29.24;0.76024;7610632991541;0;0;1;;
90032154;63940644;2026-05-01;BGH;Früchte + Gemüse;480;041777;3;;Sc;Fenchel Mini Gemüse, 8 St;6.59;19.77;0.51402;7610632978672;0;0;1;;
90032154;63940644;2026-05-01;BGH;Molkerei/Backwaren;490;520191;4;;Tp;Gustovo Vollei flüssig Schweiz, Freiland, pasteurisiert, 1 kg;8.96;35.84;0.93184;7640138979408;0;0;1;;
90032154;63940644;2026-05-01;BGH;Früchte + Gemüse;500;044776;1;;Ki;Schnittsalat Oriental, 800 g;22.68;22.68;0.58968;7610632965849;0;0;1;;
90032154;63940644;2026-05-01;BGH;Früchte + Gemüse;510;042005;2;;St;Gurken 350 - 500 g / St, 12 St;1.65;39.6;1.0296;7610632995020;0;0;1;;
90032154;63940644;2026-05-01;BGH;Früchte + Gemüse;511;000079;2;;St;Ifco LiftLock;3.2;6.4;0;2000007960008;0;0;0;;
90032154;63940644;2026-05-01;BGH;Früchte + Gemüse;520;045882;2;;kg;Zwiebeln gross, 10 kg;1.62;32.4;0.8424;7628072003557;0;0;7;;
90032154;63940644;2026-05-01;BGH;Früchte + Gemüse;521;000079;2;;St;Ifco LiftLock;3.2;6.4;0;2000007960008;0;0;0;;
90032154;63940644;2026-05-01;BGH;Früchte + Gemüse;530;042592;1;;Ds;Knoblauch Original ganz geschält, 1kg;11.01;11.01;0.28626;3700430300004;0;0;7;;
90032154;63940644;2026-05-01;BGH;Molkerei/Backwaren;540;037560;3;;Bt;Hilcona Gnocchi, 5 x 1 kg;5.48;82.2;2.1372;7610227950205;0;0;1;;
90032154;63940644;2026-05-01;BGH;Früchte + Gemüse;550;049135;5;;kg;Champignons weiss, frisch, 1 kg;8.44;42.2;1.0972;7610632995211;0;0;1;;
90032154;63940644;2026-05-01;BGH;Metzgerei;560;002227;2;;St;Lachsburger, roh, tiefgekühlt, 20 x 120 g;1.93;77.2;2.0072;4010260121434;0;1;7;;
90032154;63940644;2026-05-01;BGH;Metzgerei;570;002109;4;12.9;kg;Schweins-Nierstück, lang, ca. 3 kg;11.87;153.123;3.981198;97610011597893;0;1;1;;
90032154;63940644;2026-05-01;BGH;Früchte + Gemüse;580;000079;2;;St;Ifco LiftLock;3.2;6.4;0;2000007960008;0;0;0;;
90032154;63940644;2026-05-01;BGH;Früchte + Gemüse;590;000079;8;;St;Ifco LiftLock;3.2;25.6;0;2000007960008;0;0;0;;
90032154;63940644;2026-05-01;BGH;Früchte + Gemüse;600;000079;5;;St;Ifco LiftLock;3.2;16;0;2000007960008;0;0;0;;
90032154;63931913;2026-04-29;BGH;Früchte + Gemüse;10;000079;-8;;St;Ifco LiftLock;3.2;-25.6;0;2000007960008;0;0;0;;
90032154;63931913;2026-04-29;BGH;Früchte + Gemüse;10;000079;-29;;St;Ifco LiftLock;3.2;-92.8;0;2000007960008;0;0;0;;
90032154;63931913;2026-04-29;BGH;Nonfood;10;963036;10;;Pk;Windaschenbecher Ø 10 cm Pack zu 3 Stück;24.33;243.3;19.7073;7611602067891;0;0;3;;
90032154;63931913;2026-04-29;BGH;Früchte + Gemüse;20;521631;6;;kg;Ponthier Passionsfrucht Pürée, 1 kg;16.37;98.22;2.55372;3228170865404;0;0;1;;
90032154;63931913;2026-04-29;BGH;Molkerei/Backwaren;30;022891;15;;Tp;Alpro Haferdrink Barista, 1 l;2.94;44.1;1.1466;05411188127697;0;1;1;;
90032154;63931913;2026-04-29;BGH;Früchte + Gemüse;40;043598;2;;Bt;Minze, 250 g;8.72;17.44;0.45344;7610632977873;0;0;1;;
90032154;63931913;2026-04-29;BGH;Nonfood;50;963987;5;;Pk;Lunica Fingerfood Spiesse Bambus 12 cm Pack zu 250 Stück;5.82;29.1;2.3571;7640174810383;0;0;3;;
90032154;63931913;2026-04-29;BGH;Nonfood;60;993032;4;;Pk;Quality Besteckset Holz FSC 3 in 1 Pack zu 100 Set;13.03;52.12;4.22172;7610034528123;0;0;3;;
90032154;63931913;2026-04-29;BGH;Nearfood;70;993320;1;;Rl;Quality Wischtücher Midi, 2-lagig, weiss, 450 Blatt, 6 Rl;6.78;40.68;3.29508;7610034546196;0;0;3;;
90032154;63931913;2026-04-29;BGH;Nonfood;80;987030;5;;Rl;Kehrichtsack mit Zugband SOLO 35 l schwarz Rolle zu 20 Stück;2.4;12;0.972;7610588110171;0;0;2;;
90032154;63931913;2026-04-29;BGH;Nonfood;90;985201;2;;Rl;Kehrichtsack OKS mit Zugband 110L Karton zu 15 Rollen zu 10 Stück;3.64;109.2;8.8452;2098520130008;0;0;2;;
90032154;63931913;2026-04-29;BGH;Food;100;511500;1;;Ds;Economy Oliven schwarz entsteint, 3 x 4,25 kg;13.72;41.16;1.07016;7610034524156;0;0;1;;
90032154;63931913;2026-04-29;BGH;Food;110;400600;3;;Ds;Economy Gurken, längsschnitt, 4 kg;13.37;40.11;1.04286;7610034513204;0;0;1;;
90032154;63931913;2026-04-29;BGH;Food;120;403500;12;;Tp;Grace Premium Thai Kokosnussmilch, 1 l;4.7;56.4;1.4664;5035139217680;0;0;1;;
90032154;63931913;2026-04-29;BGH;Food;130;234790;4;;kg;Carnaroli Risottoreis, 5 kg;4.43;88.6;2.3036;7610815101835;0;0;1;;
90032154;63931913;2026-04-29;BGH;Food;140;590111;1;;Lt;Quality Sonnenblumenöl, 20 l;4.41;88.2;2.2932;7610034515024;0;0;1;;
90032154;63931913;2026-04-29;BGH;Food;150;115081;2;;Lt;Quality Frito 2000 Gold, Frittieröl, 20 l;4.91;196.4;5.1064;7610034515079;0;0;1;;
90032154;63931913;2026-04-29;BGH;Früchte + Gemüse;160;044107;4;;kg;Peperoni Tricolor, Import, 5 kg;4.18;83.6;2.1736;7610632977132;0;0;1;;
90032154;63931913;2026-04-29;BGH;Früchte + Gemüse;161;000079;4;;St;Ifco LiftLock;3.2;12.8;0;2000007960008;0;0;0;;
90032154;63931913;2026-04-29;BGH;Nonfood;170;989812;4;;Pk;Salatschale Karton rund FSC 750 ml Pack zu 50 Stück;19.07;76.28;6.17868;5901360017286;0;0;3;;
90032154;63931913;2026-04-29;BGH;Nearfood;180;992093;2;;Pk;Quality Toilettenpapier, 4-lagig, weiss, 160 Blatt, 24 Rl;16.37;32.74;2.65194;7610034532120;0;0;3;;
90032154;63931913;2026-04-29;BGH;Nonfood;190;981727;8;;Pk;Tragtasche Kraft Uni 22 x 28 cm Pack zu 50 Stück;13.16;105.28;8.52768;4002911871874;0;1;3;;
90032154;63931913;2026-04-29;BGH;Nearfood;200;997030;2;;Kt;Quality Handtuch V-Falz, 2-lagig, weiss, 12 x 175 St;30.11;60.22;4.87782;7610034509603;0;0;3;;
90032154;63931913;2026-04-29;BGH;Food;210;510080;6;;Fl;Quality Ketchup Squeeze, 965 g;5.2;31.2;0.8112;7610034512139;0;0;1;;
90032154;63931913;2026-04-29;BGH;Food;220;510520;6;;Fl;Quality Mayonnaise Squeeze, 865 g;7.49;44.94;1.16844;7610034512658;0;0;1;;
90032154;63931913;2026-04-29;BGH;Nonfood;230;986088;6;;St;Arcoroc Granity Becher, 2 dl geeicht, 27 cl, Pack zu 6 Stück;2;72;5.832;883314433524;0;0;2;;
90032154;63931913;2026-04-29;BGH;Nonfood;240;986021;2;;St;Stölzle Pisa Weinkrug, 5 dl geeicht;7.21;14.42;1.16802;9001518007230;0;0;2;;
90032154;63931913;2026-04-29;BGH;Nearfood;250;989510;8;;Pk;Duni Servietten, 1/8 Falz, 3-lagig, 40 x 40 cm, weiss, 250 St;13.38;107.04;8.67024;7321012028503;0;0;3;;
90032154;63931913;2026-04-29;BGH;Nonfood;260;963950;6;;St;Stronghold Serviertablett Fiberglas Ø 27,5 cm schwarz;9.3;55.8;4.5198;7612192086323;0;1;2;;
90032154;63931913;2026-04-29;BGH;Nonfood;270;986212;4;;St;Rocco Bormioli Dublino Kirschglas, 2,5 cl geeicht, 3,4 cl, Pack zu 6 Stück;2.16;51.84;4.19904;016106045159;0;0;2;;
90032154;63931913;2026-04-29;BGH;Nonfood;280;989812;6;;Pk;Salatschale Karton rund FSC 750 ml Pack zu 50 Stück;19.07;114.42;9.26802;5901360017286;0;0;3;;
90032154;63931913;2026-04-29;BGH;Nonfood;290;989815;6;;Pk;Deckel rPET zu Salatschale rund Pack zu 50 Stück;10.53;63.18;5.11758;3342690157730;0;0;3;;
90032154;63931913;2026-04-29;BGH;Früchte + Gemüse;300;041786;2;14;kg;Fleischtomaten Kaliber 77-87 mm, 7 kg;3.71;51.94;1.35044;2916705999991;0;0;1;;
90032154;63931913;2026-04-29;BGH;Früchte + Gemüse;310;040972;3;;kg;Cherry Rispentomaten, 3 kg;8.66;77.94;2.02644;7610632984666;0;0;1;;
90032154;63931913;2026-04-29;BGH;Früchte + Gemüse;311;000079;3;;St;Ifco LiftLock;3.2;9.6;0;2000007960008;0;0;0;;
90032154;63931913;2026-04-29;BGH;Früchte + Gemüse;320;044981;1;;Bd;Spargeln grün Bund, Europa, 6 x 1 kg;7.67;46.02;1.19652;7610632975497;0;1;1;;
90032154;63931913;2026-04-29;BGH;Früchte + Gemüse;330;046576;2;;St;Avocado essreif Stück, ca. 280 g;1.94;3.88;0.10088;7610632002001;0;0;1;;
90032154;63931913;2026-04-29;BGH;Früchte + Gemüse;340;047138;2;;Sc;Erdbeeren Import, 500 g;2.89;5.78;0.15028;7610632070444;0;0;1;;
90032154;63931913;2026-04-29;BGH;Molkerei/Backwaren;350;095210;2;;St;Eier Import, Bodenhaltung, 53g+, 90 Stück;0.4;72;1.872;7640104163138;0;0;1;;
90032154;63931913;2026-04-29;BGH;Food;360;595490;4;;Ds;Quality MSC Thon hell Yellowfin, solid, in Sonnenblumenöl, 1,88 kg;20.08;80.32;2.08832;7610034529724;0;0;1;;
90032154;63931913;2026-04-29;BGH;Food;370;510031;1;;Ds;Quality Sweet Corn, 2,125 kg;5.87;35.22;0.91572;7610034533028;0;0;1;;
90032154;63931913;2026-04-29;BGH;Früchte + Gemüse;380;048827;2;;kg;Zitronen, 6 kg;3.42;41.04;1.06704;7610632320723;0;0;1;;
90032154;63931913;2026-04-29;BGH;Früchte + Gemüse;381;000079;2;;St;Ifco LiftLock;3.2;6.4;0;2000007960008;0;0;0;;
90032154;63931913;2026-04-29;BGH;Früchte + Gemüse;390;047754;2;8.4;kg;Limetten / Limes, 4,2 kg;2.71;22.764;0.591864;2905054999998;0;0;1;;
90032154;63931913;2026-04-29;BGH;Früchte + Gemüse;400;044540;4;;kg;Rucola / Rauke ungewaschen, 1 kg;12.9;51.6;1.3416;7610514613219;0;0;1;;
90032154;63931913;2026-04-29;BGH;Früchte + Gemüse;410;043993;1;3;kg;Peperoncini rot, ca. 3 kg;12.66;37.98;0.98748;2960473999998;0;0;1;;
90032154;63931913;2026-04-29;BGH;Früchte + Gemüse;420;044006;2;;Sc;Peperoncini grün, 500 g;4.83;9.66;0.25116;7610632961308;0;0;1;;
90032154;63931913;2026-04-29;BGH;Früchte + Gemüse;440;044166;2;;Bt;Petersilie glatt Liscio gepackt, 500 g;7.31;14.62;0.38012;7610632980170;0;0;1;;
90032154;63931913;2026-04-29;BGH;Food;450;512330;2;;Bt;Quality Petersilie, 110 g;6.04;12.08;0.31408;7610034520943;0;0;1;;
90032154;63931913;2026-04-29;BGH;Molkerei/Backwaren;460;018891;7;;Ds;Ömür Hirtenkäse 55%, 800 g;9.76;68.32;1.77632;4002566002449;0;0;1;;
90032154;63931913;2026-04-29;BGH;Früchte + Gemüse;470;092930;4;;kg;Picosa Steinpilze Würfel, 2 x 2 cm, TK, 2 x 1 kg;23.43;187.44;4.87344;7610473071204;0;0;1;;
90032154;63931913;2026-04-29;BGH;Früchte + Gemüse;480;090140;5;;Bt;Frigemo Regiofrites Bärner TK, 4 x 2,5 kg;15.85;317;8.242;7610078043163;0;0;1;;
90032154;63931913;2026-04-29;BGH;Früchte + Gemüse;490;044776;2;;Ki;Schnittsalat Oriental, 800 g;22.68;45.36;1.17936;7610632965849;0;0;1;;
90032154;63931913;2026-04-29;BGH;Früchte + Gemüse;500;041241;6;;St;Eichblattsalat rot / grün Schweiz Hydro, gemischt, 8 St;2.18;104.64;2.72064;7613399058038;0;0;7;;
90032154;63931913;2026-04-29;BGH;Früchte + Gemüse;501;000079;6;;St;Ifco LiftLock;3.2;19.2;0;2000007960008;0;0;0;;
90032154;63931913;2026-04-29;BGH;Food;510;107262;1;;St;Hegnauer Beck Hoteltoast, weiss, 8 x 1 kg;6.33;50.64;1.31664;7610325807500;0;0;1;;
90032154;63931913;2026-04-29;BGH;Metzgerei;530;003690;1;;kg;Goma Wakame Seealgensalat mit Sesam, tiefgekühlt, 12 x 1 kg;7.82;93.84;2.43984;4004263042568;0;0;1;;
90032154;63931913;2026-04-29;BGH;Metzgerei;540;001494;5;12.855;kg;Bell Poulet-Brust ohne Haut ohne Innenfilet, 150-170 g, ca. 2,5 kg;22.28;286.4094;7.4466444;97610011946196;0;0;1;;
90032154;63931913;2026-04-29;BGH;Metzgerei;550;002409;5;7.734;kg;Rinds-Filetspitz Kopf II, ca. 1,5 kg;39.5;305.493;7.942818;97610100000006;0;0;1;;
90032154;63931913;2026-04-29;BGH;Molkerei/Backwaren;560;019481;10;;Be;Galbani Mascarpone, 500 g;7.65;76.5;1.989;8000430171013;0;0;1;;
90032154;63931913;2026-04-29;BGH;Molkerei/Backwaren;570;012383;1;1.38;kg;Defendi Gorgonzola San Antonio DOP, 1/4 Laib ca. 1,5 kg;15.46;21.3348;0.5547048;2902117999995;0;0;1;;
90032154;63931913;2026-04-29;BGH;Molkerei/Backwaren;580;013742;2;;Pk;Züger Cheddar rot, Scheiben, 9 x 9 cm, 1 kg;16.08;32.16;0.83616;7640166794127;0;0;1;;
90032154;63931913;2026-04-29;BGH;Molkerei/Backwaren;590;013702;1;3.275;kg;Quality Raclette, eckig, 1/2 Laib ca. 3,2 kg;10.82;35.4355;0.921323;2953272999993;0;0;1;;
90032154;63931913;2026-04-29;BGH;Molkerei/Backwaren;600;024440;4;;Tp;Quality Vollrahm 35%, UHT, 12 x 1 l;5.84;280.32;7.28832;7610034505315;0;0;1;;
90032154;63931913;2026-04-29;BGH;Molkerei/Backwaren;610;024790;2;;Ds;Floralp Vollrahm 35%, ohne Zucker, UHT, 6 x 500 g;7.17;86.04;2.23704;7612300013173;0;0;7;;
90032154;63931913;2026-04-29;BGH;Molkerei/Backwaren;620;022600;2;;Tp;Quality Vollmilch 3,5%, UHT, 12 x 1 l;1.27;30.48;0.79248;7610034507807;0;0;1;;
90032154;63931913;2026-04-29;BGH;Molkerei/Backwaren;630;025020;2;;Kt;Kaffeerahm Portionen ohne Logo, UHT, 200 x 12 g;12.07;24.14;0.62764;7610900008056;0;0;1;;
90032154;63931913;2026-04-29;BGH;Früchte + Gemüse;640;045707;3;;kg;Zucchetti, 5 kg;1.73;25.95;0.6747;7610632980545;0;1;1;;
90032154;63931913;2026-04-29;BGH;Früchte + Gemüse;650;040257;3;;kg;Auberginen, 5 kg;2.65;39.75;1.0335;7610632977958;0;0;1;;
90032154;63931913;2026-04-29;BGH;Früchte + Gemüse;660;043957;4;;Sc;Patisson Mini Gemüse, ca. 9 St;7.31;29.24;0.76024;7610632991541;0;0;1;;
90032154;63931913;2026-04-29;BGH;Früchte + Gemüse;670;045777;4;;Sc;Zucchetti Mini-Gemüse ohne Blüte, ca. 5 - 6 Stück;7.77;31.08;0.80808;7610632991527;0;0;1;;
90032154;63931913;2026-04-29;BGH;Früchte + Gemüse;690;043507;4;;Bt;Maiskolben Mini, 250 g;7.54;30.16;0.78416;7640138832031;0;0;7;;
90032154;63931913;2026-04-29;BGH;Früchte + Gemüse;700;044621;5;;Bt;Karotten Rainbow Mini, 200 g;7.01;35.05;0.9113;7613399057499;0;0;7;;
90032154;63931913;2026-04-29;BGH;Früchte + Gemüse;710;044139;1;;kg;Peperoni Mini Mix, 3 kg;8.48;25.44;0.66144;7610632970782;0;0;1;;
90032154;63931913;2026-04-29;BGH;Früchte + Gemüse;720;045916;2;;kg;Zwiebeln rot, 5 kg;2.12;21.2;0.5512;7613399003199;0;0;7;;
90032154;63931913;2026-04-29;BGH;Früchte + Gemüse;730;045902;2;;kg;Zwiebeln mittel, 5 kg;1.88;18.8;0.4888;7613399003090;0;0;1;;
90032154;63931913;2026-04-29;BGH;Früchte + Gemüse;740;042592;1;;Ds;Knoblauch Original ganz geschält, 1kg;11.01;11.01;0.28626;3700430300004;0;0;7;;
90032154;63931913;2026-04-29;BGH;Früchte + Gemüse;750;046922;3;;Sc;Blueberries, 500 g;7.01;21.03;0.54678;7610632010297;0;0;1;;
90032154;63931913;2026-04-29;BGH;Früchte + Gemüse;760;047139;1;;Sc;Erdbeeren Import, 10 x 500 g;2.65;26.5;0.689;7610632320631;0;0;1;;
90032154;63931913;2026-04-29;BGH;Früchte + Gemüse;770;047376;2;;Sc;Himbeeren, Import, 250 g;4.69;9.38;0.24388;7628072012603;0;0;1;;
90032154;63931913;2026-04-29;BGH;Früchte + Gemüse;780;092505;1;;kg;Economy Himbeeren, TK, 2 x 2,5 kg;12.64;63.2;1.6432;7610034512085;0;0;1;;
90032154;63931913;2026-04-29;BGH;Food;790;105060;1;;Ds;Hero Herzkirschen ohne Stein rot, 6 x 425 g;5.21;31.26;0.81276;7614200507301;0;0;1;;
90032154;63931913;2026-04-29;BGH;Früchte + Gemüse;800;040401;2;;kg;Baked Potatoes, festkochend, 10 kg;1.29;25.8;0.6708;7628072012900;0;1;1;;
90032154;63931913;2026-04-29;BGH;Früchte + Gemüse;801;000079;2;;St;Ifco LiftLock;3.2;6.4;0;2000007960008;0;0;0;;
90032154;63931913;2026-04-29;BGH;Metzgerei;810;002090;1;2.922;kg;Kalbs-Eckstück, ohne Deckel, enthäutet, ca. 2,8 kg;49.01;143.20722;3.72338772;97610011044281;0;0;1;;
90032154;63931913;2026-04-29;BGH;Molkerei/Backwaren;820;027310;1;;kg;Economy Butter, 10 x 1 kg;13.22;132.2;3.4372;7610034508224;0;0;1;;
90032154;63931913;2026-04-29;BGH;Molkerei/Backwaren;830;027580;1;;St;Emmi Kräuterbutter, Stange, 4 x 500 g;12.63;50.52;1.31352;7610900154296;0;0;1;;
90032154;63931913;2026-04-29;BGH;Früchte + Gemüse;840;049135;10;;kg;Champignons weiss, frisch, 1 kg;8.44;84.4;2.1944;7610632995211;0;0;1;;
90032154;63931913;2026-04-29;BGH;Food;850;481650;1;;Ds;Mutti Tomatenmark zweifach konzentriert, 6 x 880 g;5.93;35.58;0.92508;08005110020209;0;0;1;;
90032154;63931913;2026-04-29;BGH;Food;860;107911;1;;Pk;Quality Löffelbiskuits, 15 x 400 g;2.91;43.65;1.1349;7610807142150;0;0;1;;
90032154;63931913;2026-04-29;BGH;Food;870;564040;6;;Gl;Bosco d'oro Carpaccio, aus Sommertrüffeln, schwarz, 45 g;18.74;112.44;2.92344;8032680690549;0;0;1;;
90032154;63931913;2026-04-29;BGH;Food;880;564090;3;;Fl;Bosco d'oro Olivenöl mit Trüffelaroma, 250 ml;18.62;55.86;1.45236;8032680690303;0;0;1;;
90032154;63931913;2026-04-29;BGH;Früchte + Gemüse;890;000079;2;;St;Ifco LiftLock;3.2;6.4;0;2000007960008;0;0;0;;
90032154;63931913;2026-04-29;BGH;Früchte + Gemüse;900;000079;12;;St;Ifco LiftLock;3.2;38.4;0;2000007960008;0;0;0;;
90032154;63931913;2026-04-29;BGH;Früchte + Gemüse;910;000079;11;;St;Ifco LiftLock;3.2;35.2;0;2000007960008;0;0;0;;
90032154;63927334;2026-04-27;BGH;Metzgerei;460;064130;1;1.943;kg;Enten Brust geräucht, Frankreich, 6 x  ca. 300-350 g;31.88;61.94284;1.61051384;93266981783176;0;0;1;;
90032154;63924567;2026-04-24;BGH;Früchte + Gemüse;10;000079;-27;;St;Ifco LiftLock;3.2;-86.4;0;2000007960008;0;0;0;;
90032154;63924567;2026-04-24;BGH;Früchte + Gemüse;10;049135;10;;kg;Champignons weiss, frisch, 1 kg;8.44;84.4;2.1944;7610632995211;0;0;1;;
90032154;63924567;2026-04-24;BGH;Molkerei/Backwaren;20;024800;1;;Ds;Floralp Vollrahm 35%, ohne Zucker, UHT, 12 x 250 g;4.29;51.48;1.33848;7612300013500;0;0;1;;
90032154;63924567;2026-04-24;BGH;Molkerei/Backwaren;30;025020;2;;Kt;Kaffeerahm Portionen ohne Logo, UHT, 200 x 12 g;12.07;24.14;0.62764;7610900008056;0;0;1;;
90032154;63924567;2026-04-24;BGH;Früchte + Gemüse;40;092030;1;;kg;Ditzler Spargeln grün Tips and Cuts TK 2 x 2,5 kg;12.87;64.35;1.6731;7610247002021;0;0;1;;
90032154;63924567;2026-04-24;BGH;Früchte + Gemüse;50;044981;1;;Bd;Spargeln grün Bund, Europa, 6 x 1 kg;9.6;57.6;1.4976;7610632975497;0;0;1;;
90032154;63924567;2026-04-24;BGH;Metzgerei;60;002090;1;2.929;kg;Kalbs-Eckstück, ohne Deckel, enthäutet, ca. 2,8 kg;42.56;124.65824;3.24111424;97610011044281;0;1;1;;
90032154;63924567;2026-04-24;BGH;Food;70;153062;5;;Pk;Thomy Sauce Hollandaise, 1 l;10.15;50.75;1.3195;7610100021190;0;0;1;;
90032154;63924567;2026-04-24;BGH;Metzgerei;80;002066;1;5.772;kg;Rinds-Entrecote, ca. 5 kg;35.63;205.65636;5.34706536;97610011014680;0;1;1;;
90032154;63924567;2026-04-24;BGH;Früchte + Gemüse;90;044643;3;;Bt;Quality Rüebli- Karotten Julienne, 1,6 mm, 1 kg;4.7;14.1;0.3666;7610034507050;0;0;1;;
90032154;63924567;2026-04-24;BGH;Food;100;101612;1;;Fl;Kressi Kräuteressig, 12 x 1 l;3.86;46.32;1.20432;7615200002742;0;0;1;;
90032154;63924567;2026-04-24;BGH;Food;110;234790;3;;kg;Carnaroli Risottoreis, 5 kg;3.42;51.3;1.3338;7610815101835;0;1;1;;
90032154;63924567;2026-04-24;BGH;Früchte + Gemüse;120;040257;3;;kg;Auberginen, 5 kg;2.59;38.85;1.0101;7610632977958;0;0;1;;
90032154;63924567;2026-04-24;BGH;Früchte + Gemüse;130;048825;2;;kg;Zitronen unbehandelt, 6 kg;3.77;45.24;1.17624;7610632261293;0;0;1;;
90032154;63924567;2026-04-24;BGH;Früchte + Gemüse;131;000079;2;;St;Ifco LiftLock;3.2;6.4;0;2000007960008;0;0;0;;
90032154;63924567;2026-04-24;BGH;Molkerei/Backwaren;140;024440;2;;Tp;Quality Vollrahm 35%, UHT, 12 x 1 l;5.69;136.56;3.55056;7610034505315;0;1;1;;
90032154;63924567;2026-04-24;BGH;Molkerei/Backwaren;150;012383;1;1.55;kg;Defendi Gorgonzola San Antonio DOP, 1/4 Laib ca. 1,5 kg;15.46;23.963;0.623038;2902117999995;0;0;1;;
90032154;63924567;2026-04-24;BGH;Molkerei/Backwaren;160;096261;4;;Pk;Quality Vollei flüssig Import, Bodenhaltung, pasteurisiert, 1 kg;7.72;30.88;0.80288;7610034507609;0;0;1;;
90032154;63924567;2026-04-24;BGH;Molkerei/Backwaren;170;008700;3;;kg;Quality Vollei flüssig Import, Bodenhaltung, pasteurisiert, 10 kg;6.78;203.4;5.2884;4388040268236;0;0;1;;
90032154;63924567;2026-04-24;BGH;Molkerei/Backwaren;180;022891;5;;Tp;Alpro Haferdrink Barista, 1 l;3.88;19.4;0.5044;05411188127697;0;0;1;;
90032154;63924567;2026-04-24;BGH;Molkerei/Backwaren;190;018780;1;;Be;Züger Mascarpone, 6 x 500 g;5.5;33;0.858;7640101091274;0;0;1;;
90032154;63924567;2026-04-24;BGH;Früchte + Gemüse;200;041241;4;;St;Eichblattsalat rot / grün Schweiz Hydro, gemischt, 8 St;2.18;69.76;1.81376;7613399058038;0;0;7;;
90032154;63924567;2026-04-24;BGH;Früchte + Gemüse;201;000079;4;;St;Ifco LiftLock;3.2;12.8;0;2000007960008;0;0;0;;
90032154;63924567;2026-04-24;BGH;Früchte + Gemüse;210;044776;3;;Ki;Schnittsalat Oriental, 800 g;22.68;68.04;1.76904;7610632965849;0;0;1;;
90032154;63924567;2026-04-24;BGH;Früchte + Gemüse;220;044540;1;;kg;Rucola / Rauke ungewaschen, 1 kg;12.9;12.9;0.3354;7610514613219;0;0;1;;
90032154;63924567;2026-04-24;BGH;Food;230;564040;2;;Gl;Bosco d'oro Carpaccio, aus Sommertrüffeln, schwarz, 45 g;18.74;37.48;0.97448;8032680690549;0;0;1;;
90032154;63924567;2026-04-24;BGH;Food;240;595350;3;;Ds;Quality MSC Thon hell Yellowfin solid nature, 1,88 kg;17.84;53.52;1.39152;7610034527256;0;0;1;;
90032154;63924567;2026-04-24;BGH;Metzgerei;250;082312;6;5.761;kg;Quality Chorizo pikant geschält, ca. 1 kg;21.09;121.49949;3.15898674;2951561999990;0;0;1;;
90032154;63924567;2026-04-24;BGH;Metzgerei;260;081540;5;13.625;kg;Quality Bratspeck ohne Schwarte, ohne Knorpel, 1/1, ca. 3 kg;12.86;175.2175;4.555655;2945670999996;0;1;1;;
90032154;63924567;2026-04-24;BGH;Metzgerei;270;078255;4;19.002;kg;Quality Hinterschinken Tradition 1/2, ca. 4,6 kg;15.74;299.09148;7.77637848;2950465999990;0;0;1;;
90032154;63924567;2026-04-24;BGH;Metzgerei;280;001502;5;13.075;kg;Poulet Brust ohne Haut mit Innenfilet, 90-220 g, ca. 2,5 kg;20.69;270.52175;7.0335655;97610011945694;0;0;1;;
90032154;63924567;2026-04-24;BGH;Metzgerei;290;001976;1;8.095;kg;Quality GGAP Lachs Filet, mit Haut, grätenarm, ca. 1,0 - 1,4 kg;17.77;143.84815;3.7400519;97610162230489;0;1;1;;
90032154;63924567;2026-04-24;BGH;Metzgerei;300;068150;1;;kg;Economy ASC Crevetten Black Tiger, geschält, entdarmt, 8/12, tiefgekühlt, 10 x 1 kg;19.6;196;5.096;7610034523555;0;0;7;;
90032154;63924567;2026-04-24;BGH;Food;320;107910;3;;Pk;Quality Löffelbiskuits, 400 g;2.91;8.73;0.22698;7610034516687;0;0;1;;
90032154;63924567;2026-04-24;BGH;Molkerei/Backwaren;330;022600;3;;Tp;Quality Vollmilch 3,5%, UHT, 12 x 1 l;1.27;45.72;1.18872;7610034507807;0;0;1;;
90032154;63924567;2026-04-24;BGH;Molkerei/Backwaren;340;099231;2;;St;Romer's Schraubenbrot dunkel, vorgebacken, tiefgekühlt, 5 x 240 g;2.07;20.7;0.5382;7611075119592;0;0;1;;
90032154;63924567;2026-04-24;BGH;Molkerei/Backwaren;350;018891;2;;Ds;Ömür Hirtenkäse 55%, 800 g;9.76;19.52;0.50752;4002566002449;0;0;1;;
90032154;63924567;2026-04-24;BGH;Molkerei/Backwaren;360;012971;1;1.06;kg;Nuss Käse, 1/1 Laib ca. 1 kg;24.95;26.447;0.687622;2935031999994;0;0;1;;
90032154;63924567;2026-04-24;BGH;Molkerei/Backwaren;370;010405;1;1.19;kg;Emmentaler AOP mild, ca. 1,2 kg;16.08;19.1352;0.4975152;2900125999990;0;0;1;;
90032154;63924567;2026-04-24;BGH;Molkerei/Backwaren;380;013702;1;3.14;kg;Quality Raclette, eckig, 1/2 Laib ca. 3,2 kg;10.82;33.9748;0.8833448;2953272999993;0;0;1;;
90032154;63924567;2026-04-24;BGH;Früchte + Gemüse;390;092935;1;;kg;Quality Steinpilze in Würfel, 2 x 2-3 cm, TK, 5 x 1 kg;16.72;83.6;2.1736;7610034511712;0;0;1;;
90032154;63924567;2026-04-24;BGH;Molkerei/Backwaren;400;027380;1;;kg;Die Butter, 10 x 1 kg;14.06;140.6;3.6556;7610900120192;0;0;1;;
90032154;63924567;2026-04-24;BGH;Früchte + Gemüse;410;046909;1;;kg;Birchermüesli Extra fixfertig, 3 kg;10.37;31.11;0.80886;7610227917123;0;0;7;;
90032154;63924567;2026-04-24;BGH;Molkerei/Backwaren;420;005010;1;;kg;Quality Joghurt Nature, 3 kg;2.44;7.32;0.19032;7610034534230;0;0;7;;
90032154;63924567;2026-04-24;BGH;Molkerei/Backwaren;440;010201;6;;Bt;Economy Gran Moravia, gerieben, 1 kg;15.63;93.78;2.43828;4388040201158;0;0;7;;
90032154;63924567;2026-04-24;BGH;Molkerei/Backwaren;450;012201;4;;Bt;Economy Gran Moravia, gehobelt, 500 g;8.7;34.8;0.9048;4388040201172;0;0;7;;
90032154;63924567;2026-04-24;BGH;Früchte + Gemüse;470;047754;2;8.4;kg;Limetten / Limes, 4,2 kg;2.71;22.764;0.591864;2905054999998;0;0;1;;
90032154;63924567;2026-04-24;BGH;Früchte + Gemüse;480;048109;1;;kg;Orangen blond, 7 kg;2.06;14.42;0.37492;7610632471906;0;0;1;;
90032154;63924567;2026-04-24;BGH;Früchte + Gemüse;481;000079;1;;St;Ifco LiftLock;3.2;3.2;0;2000007960008;0;0;0;;
90032154;63924567;2026-04-24;BGH;Früchte + Gemüse;490;046576;5;;St;Avocado essreif Stück, ca. 280 g;1.94;9.7;0.2522;7610632002001;0;0;1;;
90032154;63924567;2026-04-24;BGH;Früchte + Gemüse;500;040969;1;;kg;Cherry Tomaten Mix, 3 kg;7.23;21.69;0.56394;7610632979051;0;1;1;;
90032154;63924567;2026-04-24;BGH;Früchte + Gemüse;510;041781;1;;kg;Fleischtomaten, 3 kg;4.53;13.59;0.35334;7613399060178;0;0;7;;
90032154;63924567;2026-04-24;BGH;Früchte + Gemüse;511;000079;1;;St;Ifco LiftLock;3.2;3.2;0;2000007960008;0;0;0;;
90032154;63924567;2026-04-24;BGH;Food;520;260910;1;;kg;Haco Rindsbouillon Chef, 6 kg;30.58;183.48;4.77048;7610121210467;0;0;1;;
90032154;63924567;2026-04-24;BGH;Früchte + Gemüse;530;093791;3;;Gl;Perlen Balsamico-Essig, 200 g;16.91;50.73;1.31898;3467740093926;0;0;1;;
90032154;63924567;2026-04-24;BGH;Früchte + Gemüse;540;000079;2;;St;Ifco LiftLock;3.2;6.4;0;2000007960008;0;0;0;;
90032154;63924567;2026-04-24;BGH;Früchte + Gemüse;550;000079;6;;St;Ifco LiftLock;3.2;19.2;0;2000007960008;0;0;0;;
90032154;63924567;2026-04-24;BGH;Früchte + Gemüse;560;000079;2;;St;Ifco LiftLock;3.2;6.4;0;2000007960008;0;0;0;;
90032154;63919867;2026-04-22;BGH;Früchte + Gemüse;10;000079;-18;;St;Ifco LiftLock;3.2;-57.6;0;2000007960008;0;0;0;;
90032154;63919867;2026-04-22;BGH;Früchte + Gemüse;10;049135;5;;kg;Champignons weiss, frisch, 1 kg;8.44;42.2;1.0972;7610632995211;0;0;1;;
90032154;63919867;2026-04-22;BGH;Früchte + Gemüse;20;000079;1;;St;Ifco LiftLock;3.2;3.2;0;2000007960008;0;0;0;;
90032154;63919867;2026-04-22;BGH;Früchte + Gemüse;60;041241;5;;St;Eichblattsalat rot / grün Schweiz Hydro, gemischt, 8 St;2.18;87.2;2.2672;7613399058038;0;0;7;;
90032154;63919867;2026-04-22;BGH;Früchte + Gemüse;61;000079;5;;St;Ifco LiftLock;3.2;16;0;2000007960008;0;0;0;;
90032154;63919867;2026-04-22;BGH;Früchte + Gemüse;70;044776;1;;Ki;Schnittsalat Oriental, 800 g;22.68;22.68;0.58968;7610632965849;0;0;1;;
90032154;63919867;2026-04-22;BGH;Früchte + Gemüse;80;042016;4;;St;Natura Bio Gurken, 12 x 300 - 400 g;1.48;71.04;1.84704;8053806390563;0;0;1;;
90032154;63919867;2026-04-22;BGH;Metzgerei;90;001494;2;5.22;kg;Bell Poulet-Brust ohne Haut ohne Innenfilet, 150-170 g, ca. 2,5 kg;22.28;116.3016;3.0238416;97610011946196;0;0;1;;
90032154;63919867;2026-04-22;BGH;Nonfood;100;985200;3;;Rl;Kehrichtsack OKS mit Zugband 110L Rolle zu 10 Stück;3.64;10.92;0.88452;7649997895287;0;0;2;;
90032154;63919867;2026-04-22;BGH;Nearfood;110;992093;3;;Pk;Quality Toilettenpapier, 4-lagig, weiss, 160 Blatt, 24 Rl;16.37;49.11;3.97791;7610034532120;0;0;3;;
90032154;63919867;2026-04-22;BGH;Nearfood;120;989510;6;;Pk;Duni Servietten, 1/8 Falz, 3-lagig, 40 x 40 cm, weiss, 250 St;9.1;54.6;4.4226;7321012028503;0;1;3;;
90032154;63919867;2026-04-22;BGH;Nearfood;130;815700;4;;Bi;Quality Handseife flüssig, 5 kg;13.52;54.08;4.38048;7610034561809;0;0;2;;
90032154;63919867;2026-04-22;BGH;Food;140;510080;4;;Fl;Quality Ketchup Squeeze, 965 g;5.2;20.8;0.5408;7610034512139;0;0;1;;
90032154;63919867;2026-04-22;BGH;Food;150;565950;1;;Fl;Mc Ilhenny Tabasco Pepper Sauce, 3 x 60 ml;2.52;7.56;0.19656;7610107051480;0;1;1;;
90032154;63919867;2026-04-22;BGH;Nonfood;160;963052;4;;Pk;Trinkhalm Papier schwarz 15 cm Ø 8 mm Pack zu 150 Stück;3.85;15.4;1.2474;7610588102466;0;0;3;;
90032154;63919867;2026-04-22;BGH;Nonfood;170;902275;4;;Pk;Trinkhalm Papier, schwarz, 21 cm, Ø 6 mm, Pack zu 150 Stück;4.29;17.16;1.38996;7610588101964;0;0;3;;
90032154;63919867;2026-04-22;BGH;Nonfood;180;994068;4;;Pk;Stronghold Essstäbchen Bambus, gehüllt, 24 cm, Pack zu 100 Stück;9.83;39.32;3.18492;7612192087481;0;0;3;;
90032154;63919867;2026-04-22;BGH;Nonfood;190;928866;1;;St;Brother TN-243C cyan;70.27;70.27;5.69187;4977766787512;0;0;2;;
90032154;63919867;2026-04-22;BGH;Nonfood;200;928867;1;;St;Brother TN-243M magenta;70.27;70.27;5.69187;4977766787499;0;0;2;;
90032154;63919867;2026-04-22;BGH;Nonfood;210;928868;1;;St;Brother TN-243Y Yellow;70.27;70.27;5.69187;4977766787475;0;0;2;;
90032154;63919867;2026-04-22;BGH;Nonfood;220;928869;1;;St;Brother TN-243BK schwarz;66.49;66.49;5.38569;4977766787451;0;0;2;;
90032154;63919867;2026-04-22;BGH;Molkerei/Backwaren;230;008700;1;;kg;Quality Vollei flüssig Import, Bodenhaltung, pasteurisiert, 10 kg;6.78;67.8;1.7628;4388040268236;0;0;1;;
90032154;63919867;2026-04-22;BGH;Molkerei/Backwaren;240;520191;4;;Tp;Gustovo Vollei flüssig Schweiz, Freiland, pasteurisiert, 1 kg;8.96;35.84;0.93184;7640138979408;0;0;1;;
90032154;63919867;2026-04-22;BGH;Nonfood;250;999063;2;;Rl;Quality Frischhaltefolie, Dispenser, PVC, 45 cm x 300 m, 7 µm;11.87;23.74;1.92294;3554983014525;0;1;3;;
90032154;63919867;2026-04-22;BGH;Food;260;511500;1;;Ds;Economy Oliven schwarz entsteint, 3 x 4,25 kg;13.72;41.16;1.07016;7610034524156;0;0;1;;
90032154;63919867;2026-04-22;BGH;Food;270;100080;2;;Lt;Quality Rapsöl, 20 l;3.48;139.2;3.6192;7610034515147;0;0;1;;
90032154;63919867;2026-04-22;BGH;Früchte + Gemüse;280;044540;2;;kg;Rucola / Rauke ungewaschen, 1 kg;12.9;25.8;0.6708;7610514613219;0;0;1;;
90032154;63919867;2026-04-22;BGH;Metzgerei;290;078260;3;7.109;kg;Quality Vorderschinken ohne Schwarte, 1/2, ca. 2,3 kg;16.04;114.02836;2.96473736;2950406999997;0;0;1;;
90032154;63919867;2026-04-22;BGH;Metzgerei;310;082551;2;1.877;kg;Bell Bündnerfleisch, Unterspälte, 1/2, ca. 1 kg;68.21;128.03017;3.32878442;2961706999990;0;0;1;;
90032154;63919867;2026-04-22;BGH;Metzgerei;330;069141;7;;kg;Tintenfisch Ringe, im Teig, alla romana, tiefgekühlt, 1 kg;8.42;58.94;1.53244;8410019000267;0;0;1;;
90032154;63919867;2026-04-22;BGH;Früchte + Gemüse;340;046922;2;;Sc;Blueberries, 500 g;7.01;14.02;0.36452;7610632010297;0;0;1;;
90032154;63919867;2026-04-22;BGH;Früchte + Gemüse;350;090140;3;;Bt;Frigemo Regiofrites Bärner TK, 4 x 2,5 kg;15.85;190.2;4.9452;7610078043163;0;0;1;;
90032154;63919867;2026-04-22;BGH;Food;360;349611;3;;Kt;Hardy's Hüppen Topolinos, 300 Stück;33.17;99.51;2.58726;7610666001025;0;0;1;;
90032154;63919867;2026-04-22;BGH;Nonfood;370;989812;4;;Pk;Salatschale Karton rund FSC 750 ml Pack zu 50 Stück;18.9;75.6;6.1236;5901360017286;0;0;3;;
90032154;63919867;2026-04-22;BGH;Nonfood;380;989815;4;;Pk;Deckel rPET zu Salatschale rund Pack zu 50 Stück;10.44;41.76;3.38256;3342690157730;0;0;3;;
90032154;63919867;2026-04-22;BGH;Food;390;560280;2;;kg;JuraSel Speisesalz mit Jod, 25 kg;0.69;34.5;0.897;7610039000242;0;0;1;;
90032154;63919867;2026-04-22;BGH;Nearfood;400;811420;2;;Sa;Reosal Regeneriersalz Tabletten, 25 kg;20.85;41.7;3.3777;7610039001607;0;0;2;;
90032154;63919867;2026-04-22;BGH;Nearfood;410;975782;4;;Pk;Quality Einweghandschuhe Nitril, Grösse M, schwarz, 100 St;8.81;35.24;2.85444;7610034546622;0;0;2;;
90032154;63919867;2026-04-22;BGH;Metzgerei;420;002409;2;3.265;kg;Rinds-Filetspitz Kopf II, ca. 1,5 kg;39.5;128.9675;3.353155;97610100000006;0;0;1;;
90032154;63919867;2026-04-22;BGH;Metzgerei;430;003663;1;1.258;kg;Quality ASC Lachs Filet, ohne Haut, grätenarm, ca. 1 - 1,4 kg;23.27;29.27366;0.76111516;2909922999998;0;0;1;;
90032154;63919867;2026-04-22;BGH;Metzgerei;440;003662;4;4.048;kg;Quality ASC Lachs Filet, mit Haut, grätenarm, ca. 1 - 1,4 kg;20.99;84.96752;2.20915552;2909921999999;0;0;1;;
90032154;63919867;2026-04-22;BGH;Molkerei/Backwaren;450;024440;3;;Tp;Quality Vollrahm 35%, UHT, 12 x 1 l;5.69;204.84;5.32584;7610034505315;0;1;1;;
90032154;63919867;2026-04-22;BGH;Früchte + Gemüse;470;043598;4;;Bt;Minze, 250 g;8.72;34.88;0.90688;7610632977873;0;0;1;;
90032154;63919867;2026-04-22;BGH;Früchte + Gemüse;480;044107;4;;kg;Peperoni Tricolor, Import, 5 kg;3.91;78.2;2.0332;7610632977132;0;1;1;;
90032154;63919867;2026-04-22;BGH;Früchte + Gemüse;481;000079;4;;St;Ifco LiftLock;3.2;12.8;0;2000007960008;0;0;0;;
90032154;63919867;2026-04-22;BGH;Früchte + Gemüse;490;047138;1;;Sc;Erdbeeren Import, 500 g;2.57;2.57;0.06682;7610632070444;0;1;1;;
90032154;63919867;2026-04-22;BGH;Früchte + Gemüse;500;042477;3;;Sc;Kefen Mini-Gemüse, 250 g;5.36;16.08;0.41808;7610632991619;0;0;1;;
90032154;63919867;2026-04-22;BGH;Früchte + Gemüse;510;043507;2;;Bt;Maiskolben Mini, 250 g;7.54;15.08;0.39208;7640138832031;0;0;7;;
90032154;63919867;2026-04-22;BGH;Früchte + Gemüse;530;044621;2;;Bt;Karotten Rainbow Mini, 200 g;7.01;14.02;0.36452;7613399057499;0;0;7;;
90032154;63919867;2026-04-22;BGH;Früchte + Gemüse;540;043957;2;;Sc;Patisson Mini Gemüse, ca. 9 St;7.31;14.62;0.38012;7610632991541;0;0;1;;
90032154;63919867;2026-04-22;BGH;Früchte + Gemüse;550;045882;1;;kg;Zwiebeln gross, 10 kg;1.34;13.4;0.3484;7628072003557;0;1;7;;
90032154;63919867;2026-04-22;BGH;Früchte + Gemüse;551;000079;1;;St;Ifco LiftLock;3.2;3.2;0;2000007960008;0;0;0;;
90032154;63919867;2026-04-22;BGH;Molkerei/Backwaren;560;016601;5;;kg;Quality Grana Padano DOP, gerieben, 1 kg;16.08;80.4;2.0904;4388040340352;0;0;7;;
90032154;63919867;2026-04-22;BGH;Molkerei/Backwaren;570;016781;3;;Sc;Quality Grana Padano DOP, Flocken, 500 g;9.67;29.01;0.75426;2001678190008;0;0;7;;
90032154;63919867;2026-04-22;BGH;Früchte + Gemüse;580;044540;3;;kg;Rucola / Rauke ungewaschen, 1 kg;12.9;38.7;1.0062;7610514613219;0;0;1;;
90032154;63919867;2026-04-22;BGH;Molkerei/Backwaren;590;012201;5;;Bt;Economy Gran Moravia, gehobelt, 500 g;8.7;43.5;1.131;4388040201172;0;0;7;;
90032154;63919867;2026-04-22;BGH;Früchte + Gemüse;600;040329;3;;Bt;Basilikum, 1 kg;29.39;88.17;2.29242;7610632989975;0;0;1;;
90032154;63919867;2026-04-22;BGH;Food;610;438073;2;;Sc;Picosa Datteltomaten getrocknet, 1,1 kg;24.12;48.24;1.25424;7610107110569;0;0;1;;
90032154;63919867;2026-04-22;BGH;Früchte + Gemüse;620;000079;3;;St;Ifco LiftLock;3.2;9.6;0;2000007960008;0;0;0;;
90032154;63919867;2026-04-22;BGH;Früchte + Gemüse;630;000079;7;;St;Ifco LiftLock;3.2;22.4;0;2000007960008;0;0;0;;
90032154;63919867;2026-04-22;BGH;Früchte + Gemüse;640;000079;4;;St;Ifco LiftLock;3.2;12.8;0;2000007960008;0;0;0;;
90032154;63912738;2026-04-17;BGH;Früchte + Gemüse;10;000079;-36;;St;Ifco LiftLock;3.2;-115.2;0;2000007960008;0;0;0;;
90032154;63912738;2026-04-17;BGH;Molkerei/Backwaren;10;022891;4;;Tp;Alpro Haferdrink Barista, 1 l;3.88;15.52;0.40352;05411188127697;0;0;1;;
90032154;63912738;2026-04-17;BGH;Nonfood;10;999060;2;;Rl;Quality Alufolie, Dispenser, 29 cm x 200 m, 11 µm;25.47;50.94;4.12614;3554983007121;0;0;3;;
90032154;63912738;2026-04-17;BGH;Früchte + Gemüse;20;041241;3;;St;Eichblattsalat rot / grün Schweiz Hydro, gemischt, 8 St;2.18;52.32;1.36032;7613399058038;0;0;7;;
90032154;63912738;2026-04-17;BGH;Food;20;396371;4;;Ds;Raimond Frères Thon Tongol hell in Sonnenblumenöl, 5 x 100 g;1.62;32.4;0.8424;7615900629706;0;0;1;;
90032154;63912738;2026-04-17;BGH;Früchte + Gemüse;21;000079;3;;St;Ifco LiftLock;3.2;9.6;0;2000007960008;0;0;0;;
90032154;63912738;2026-04-17;BGH;Metzgerei;30;053620;4;;St;Bell Beefsteak Tatar, Portionen, tiefgekühlt, 10 x 140 g;4.41;176.4;4.5864;7610011021111;0;0;1;;
90032154;63912738;2026-04-17;BGH;Metzgerei;40;032340;2;;Bt;Pizoler Sauce Steak Tatar, tiefgekühlt, Italien, 6 x 500 g;5.84;70.08;1.82208;7611521933314;0;0;1;;
90032154;63912738;2026-04-17;BGH;Food;50;570732;1;;Pk;Gogi Tempura Mehl, 24 x 150 g;1.49;35.76;0.92976;2057073200002;0;0;1;;
90032154;63912738;2026-04-17;BGH;Food;60;564040;5;;Gl;Bosco d'oro Carpaccio, aus Sommertrüffeln, schwarz, 45 g;18.74;93.7;2.4362;8032680690549;0;0;1;;
90032154;63912738;2026-04-17;BGH;Food;70;564090;5;;Fl;Bosco d'oro Olivenöl mit Trüffelaroma, 250 ml;18.62;93.1;2.4206;8032680690303;0;0;1;;
90032154;63912738;2026-04-17;BGH;Food;80;510031;1;;Ds;Quality Sweet Corn, 2,125 kg;5.87;35.22;0.91572;7610034533028;0;0;1;;
90032154;63912738;2026-04-17;BGH;Food;90;566330;10;;Fl;Heinz Tomato Ketchup, 800 ml;4.41;44.1;1.1466;87157277;0;1;1;;
90032154;63912738;2026-04-17;BGH;Food;100;410640;1;;Pk;Barilla glutenfreie Penne rigate, 14 x 400 g;3.56;49.84;1.29584;8076809029285;0;0;1;;
90032154;63912738;2026-04-17;BGH;Nonfood;110;930430;1;;Pk;VC999 Vakuumbeutel, 90 µm, 300 x 400 mm, Pack zu 100 Stück;21.73;21.73;1.76013;7640144910266;0;0;2;;
90032154;63912738;2026-04-17;BGH;Nonfood;120;989380;1;;Rl;Vakuumbeutel Etiketten -18° tiefgekühlt am blau 2 Rollen zu 500 Stück;8.13;16.26;1.31706;7640141940013;0;0;2;;
90032154;63912738;2026-04-17;BGH;Food;130;110060;1;;Pk;Feinkristallzucker, 10 x 1 kg;1.36;13.6;0.3536;7610034510661;0;0;1;;
90032154;63912738;2026-04-17;BGH;Food;140;258650;1;;kg;Knorr Professional Sauce Demi-Glace, 4 kg;24.78;99.12;2.57712;7611100346320;0;0;1;;
90032154;63912738;2026-04-17;BGH;Food;150;512330;2;;Bt;Quality Petersilie, 110 g;6.04;12.08;0.31408;7610034520943;0;0;1;;
90032154;63912738;2026-04-17;BGH;Früchte + Gemüse;160;044166;2;;Bt;Petersilie glatt Liscio gepackt, 500 g;7.31;14.62;0.38012;7610632980170;0;0;1;;
90032154;63912738;2026-04-17;BGH;Früchte + Gemüse;170;044776;1;;Ki;Schnittsalat Oriental, 800 g;22.68;22.68;0.58968;7610632965849;0;0;1;;
90032154;63912738;2026-04-17;BGH;Food;180;438073;2;;Sc;Picosa Datteltomaten getrocknet, 1,1 kg;24.12;48.24;1.25424;7610107110569;0;0;1;;
90032154;63912738;2026-04-17;BGH;Food;190;371461;1;;Bt;Economy Pinienkerne, Gastropack, 1 kg;49.16;49.16;1.27816;7610034525979;0;0;1;;
90032154;63912738;2026-04-17;BGH;Molkerei/Backwaren;200;024440;1;;Tp;Quality Vollrahm 35%, UHT, 12 x 1 l;5.84;70.08;1.82208;7610034505315;0;0;1;;
90032154;63912738;2026-04-17;BGH;Früchte + Gemüse;210;044621;1;;Bt;Karotten Rainbow Mini, 200 g;7.01;7.01;0.18226;7613399057499;0;0;7;;
90032154;63912738;2026-04-17;BGH;Früchte + Gemüse;220;041777;1;;Sc;Fenchel Mini Gemüse, 8 St;6.59;6.59;0.17134;7610632978672;0;0;1;;
90032154;63912738;2026-04-17;BGH;Früchte + Gemüse;230;042477;1;;Sc;Kefen Mini-Gemüse, 250 g;5.36;5.36;0.13936;7610632991619;0;0;1;;
90032154;63912738;2026-04-17;BGH;Früchte + Gemüse;240;043957;1;;Sc;Patisson Mini Gemüse, ca. 9 St;7.31;7.31;0.19006;7610632991541;0;0;1;;
90032154;63912738;2026-04-17;BGH;Früchte + Gemüse;250;045777;1;;Sc;Zucchetti Mini-Gemüse ohne Blüte, ca. 5 - 6 Stück;7.77;7.77;0.20202;7610632991527;0;0;1;;
90032154;63912738;2026-04-17;BGH;Früchte + Gemüse;260;044981;1;;Bd;Spargeln grün Bund, Europa, 6 x 1 kg;8.89;53.34;1.38684;7610632975497;0;1;1;;
90032154;63912738;2026-04-17;BGH;Früchte + Gemüse;270;040401;1;;kg;Baked Potatoes, festkochend, 10 kg;1.59;15.9;0.4134;7628072012900;0;0;1;;
90032154;63912738;2026-04-17;BGH;Früchte + Gemüse;271;000079;1;;St;Ifco LiftLock;3.2;3.2;0;2000007960008;0;0;0;;
90032154;63912738;2026-04-17;BGH;Metzgerei;290;001502;3;7.785;kg;Poulet Brust ohne Haut mit Innenfilet, 90-220 g, ca. 2,5 kg;20.69;161.07165;4.1878629;97610011945694;0;0;1;;
90032154;63912738;2026-04-17;BGH;Molkerei/Backwaren;300;005010;2;;kg;Quality Joghurt Nature, 3 kg;2;12;0.312;7610034534230;0;1;7;;
90032154;63912738;2026-04-17;BGH;Food;310;590170;1;;Kt;Hero Konfitüre Sortiment L, Portionen, 72 x 28,3 g;47.55;47.55;1.2363;7614200832656;0;0;1;;
90032154;63912738;2026-04-17;BGH;Früchte + Gemüse;320;046577;1;;St;Avocados essreif, 16 St;1.82;29.12;0.75712;7610632001950;0;0;1;;
90032154;63912738;2026-04-17;BGH;Food;330;580680;6;;Bt;Le Dragon eingelegter Sushi Ingwer weiss, 1 kg;4.81;28.86;0.75036;7613324126511;0;0;1;;
90032154;63912738;2026-04-17;BGH;Metzgerei;340;001977;1;1.172;kg;Quality GGAP Lachs Filet, ohne Haut, deepskin, grätenarm, ca. 1,2 - 1,4 kg;22.57;26.45204;0.68775304;97610162230472;0;0;1;;
90032154;63912738;2026-04-17;BGH;Nearfood;350;971232;5;;St;Sprühflasche (leer), 1 l;4.82;24.1;1.9521;7614600338413;0;0;2;;
90032154;63912738;2026-04-17;BGH;Metzgerei;360;054852;3;15.028;kg;Kalbs-Geschnetzeltes, zum Kochen, ca. 5 kg;24.74;371.79272;9.66661072;2907988999990;0;1;1;;
90032154;63912738;2026-04-17;BGH;Metzgerei;370;054815;8;9.767;kg;Schweins-Huft Plätzli, 10 x ca. 120 g;11.87;115.93429;3.01429154;2926063999991;0;1;1;;
90032154;63912738;2026-04-17;BGH;Metzgerei;400;002267;3;;kg;Zander Filet, mit Haut, ca. 120 - 170 g, tiefgekühlt, 5 kg;12.28;184.2;4.7892;7610162239175;0;1;1;;
90032154;63912738;2026-04-17;BGH;Food;410;153062;4;;Pk;Thomy Sauce Hollandaise, 1 l;10.15;40.6;1.0556;7610100021190;0;0;1;;
90032154;63912738;2026-04-17;BGH;Früchte + Gemüse;420;046240;1;;St;Ananas Schiff, ca. 1,5 kg;2.95;2.95;0.0767;5425003611179;0;1;1;;
90032154;63912738;2026-04-17;BGH;Früchte + Gemüse;430;047866;2;;St;Mango essreif Stück, ca. 420 g;2.18;4.36;0.11336;7610632002612;0;0;1;;
90032154;63912738;2026-04-17;BGH;Früchte + Gemüse;440;046646;1;;kg;Max Havelaar Bananen, Farbe 4, 2 kg;3.77;7.54;0.19604;7613399059851;0;0;7;;
90032154;63912738;2026-04-17;BGH;Früchte + Gemüse;441;000079;1;;St;Ifco LiftLock;3.2;3.2;0;2000007960008;0;0;0;;
90032154;63912738;2026-04-17;BGH;Molkerei/Backwaren;450;520191;6;;Tp;Gustovo Vollei flüssig Schweiz, Freiland, pasteurisiert, 1 kg;8.96;53.76;1.39776;7640138979408;0;0;1;;
90032154;63912738;2026-04-17;BGH;Früchte + Gemüse;460;047754;1;4.2;kg;Limetten / Limes, 4,2 kg;2.83;11.886;0.309036;2905054999998;0;0;1;;
90032154;63912738;2026-04-17;BGH;Früchte + Gemüse;470;000079;6;;St;Ifco LiftLock;3.2;19.2;0;2000007960008;0;0;0;;
90032154;63912738;2026-04-17;BGH;Früchte + Gemüse;480;000079;4;;St;Ifco LiftLock;3.2;12.8;0;2000007960008;0;0;0;;
90032154;63908169;2026-04-15;BGH;Früchte + Gemüse;10;000079;-21;;St;Ifco LiftLock;3.2;-67.2;0;2000007960008;0;0;0;;
90032154;63908169;2026-04-15;BGH;Food;10;514140;1;;Ds;Quality Smokey BBQ, 650 g;22.27;22.27;0.57902;7610034514546;0;0;1;;
90032154;63908169;2026-04-15;BGH;Food;20;512160;1;;Ds;Quality Country Potatoes Würzmischung, 520 g;12.2;12.2;0.3172;7610034520295;0;0;1;;
90032154;63908169;2026-04-15;BGH;Früchte + Gemüse;30;044166;3;;Bt;Petersilie glatt Liscio gepackt, 500 g;7.31;21.93;0.57018;7610632980170;0;0;1;;
90032154;63908169;2026-04-15;BGH;Nonfood;40;989812;6;;Pk;Salatschale Karton rund FSC 750 ml Pack zu 50 Stück;18.9;113.4;9.1854;5901360017286;0;0;3;;
90032154;63908169;2026-04-15;BGH;Nonfood;50;989815;6;;Pk;Deckel rPET zu Salatschale rund Pack zu 50 Stück;10.44;62.64;5.07384;3342690157730;0;0;3;;
90032154;63908169;2026-04-15;BGH;Metzgerei;60;064130;2;3.953;kg;Enten Brust geräucht, Frankreich, 6 x  ca. 300-350 g;31.88;126.02164;3.27656264;93266981783176;0;0;1;;
90032154;63908169;2026-04-15;BGH;Früchte + Gemüse;60;091930;2;;kg;Ditzler Brunoise Gemüse, assortiert, TK, 4 x 1,25 kg;5.1;51;1.326;7610247002038;0;1;1;;
90032154;63908169;2026-04-15;BGH;Metzgerei;70;001992;1;10.46;kg;Quality GGAP Goldbrassen Filet, mit Haut, grätenarm, ca. 90-140 g, ca. 1 kg;26.63;278.5498;7.2422948;97610162283126;0;0;1;;
90032154;63908169;2026-04-15;BGH;Früchte + Gemüse;80;042804;1;;Bd;Koriander Bund, 80 g;4.18;4.18;0.10868;7610632942536;0;0;1;;
90032154;63908169;2026-04-15;BGH;Früchte + Gemüse;90;044720;1;;Bd;Salbei Bund, 80 g;4.18;4.18;0.10868;7610632942598;0;0;1;;
90032154;63908169;2026-04-15;BGH;Metzgerei;100;002090;4;12.295;kg;Kalbs-Eckstück, ohne Deckel, enthäutet, ca. 2,8 kg;49.01;602.57795;15.6670267;97610011044281;0;0;1;;
90032154;63908169;2026-04-15;BGH;Früchte + Gemüse;110;044981;2;;Bd;Spargeln grün Bund, Europa, 6 x 1 kg;8.89;106.68;2.77368;7610632975497;0;1;1;;
90032154;63908169;2026-04-15;BGH;Nearfood;120;818760;5;;Fl;Cif Professional Badreiniger, 750 ml;8.2;41;3.321;7615400106677;0;0;3;;
90032154;63908169;2026-04-15;BGH;Food;130;403240;5;;Ds;Mae Ploy, Curry Paste rot, 400 g;3.39;16.95;0.4407;044738102346;0;0;1;;
90032154;63908169;2026-04-15;BGH;Food;140;511501;4;;Ds;Economy Oliven schwarz entsteint, 4,25 kg;13.72;54.88;1.42688;4388040253720;0;0;1;;
90032154;63908169;2026-04-15;BGH;Food;150;481651;10;;Ds;Mutti Tomatenmark zweifach konzentriert, 880 g;5.93;59.3;1.5418;8005110020001;0;0;1;;
90032154;63908169;2026-04-15;BGH;Food;160;100080;2;;Lt;Quality Rapsöl, 20 l;3.48;139.2;3.6192;7610034515147;0;0;1;;
90032154;63908169;2026-04-15;BGH;Food;170;396130;4;;Ds;Raimond Frères MSC Thon rosé in Wasser, 4 x 200 g;2.23;35.68;0.92768;7615900629898;0;0;1;;
90032154;63908169;2026-04-15;BGH;Food;180;247372;1;;Bi;Mae Ploy Sweet Chili Sauce, 5,9 kg;13.17;13.17;0.34242;8850367990207;0;1;1;;
90032154;63908169;2026-04-15;BGH;Food;190;580760;3;;Fl;Lee Kum Kee Hoisin Sauce, 2,45 kg;12.57;37.71;0.98046;078895124873;0;0;1;;
90032154;63908169;2026-04-15;BGH;Nearfood;200;993320;2;;Rl;Quality Wischtücher Midi, 2-lagig, weiss, 450 Blatt, 6 Rl;6.78;81.36;6.59016;7610034546196;0;0;3;;
90032154;63908169;2026-04-15;BGH;Food;210;560280;1;;kg;JuraSel Speisesalz mit Jod, 25 kg;0.69;17.25;0.4485;7610039000242;0;0;1;;
90032154;63908169;2026-04-15;BGH;Food;220;100070;2;;Lt;Economy Frittieröl, 20 l;4.45;178;4.628;7610034508873;0;0;1;;
90032154;63908169;2026-04-15;BGH;Früchte + Gemüse;230;093791;3;;Gl;Perlen Balsamico-Essig, 200 g;16.91;50.73;1.31898;3467740093926;0;0;1;;
90032154;63908169;2026-04-15;BGH;Food;240;564040;6;;Gl;Bosco d'oro Carpaccio, aus Sommertrüffeln, schwarz, 45 g;18.74;112.44;2.92344;8032680690549;0;0;1;;
90032154;63908169;2026-04-15;BGH;Food;250;564090;2;;Fl;Bosco d'oro Olivenöl mit Trüffelaroma, 250 ml;18.62;37.24;0.96824;8032680690303;0;0;1;;
90032154;63908169;2026-04-15;BGH;Food;260;234790;2;;kg;Carnaroli Risottoreis, 5 kg;4.43;44.3;1.1518;7610815101835;0;0;1;;
90032154;63908169;2026-04-15;BGH;Molkerei/Backwaren;280;024440;3;;Tp;Quality Vollrahm 35%, UHT, 12 x 1 l;5.84;210.24;5.46624;7610034505315;0;0;1;;
90032154;63908169;2026-04-15;BGH;Molkerei/Backwaren;290;024801;6;;Ds;Floralp Vollrahm 35%, ohne Zucker, UHT, 250 g;4.68;28.08;0.73008;7612300013494;0;0;1;;
90032154;63908169;2026-04-15;BGH;Molkerei/Backwaren;300;022600;2;;Tp;Quality Vollmilch 3,5%, UHT, 12 x 1 l;1.27;30.48;0.79248;7610034507807;0;0;1;;
90032154;63908169;2026-04-15;BGH;Molkerei/Backwaren;310;095210;1;;St;Eier Import, Bodenhaltung, 53g+, 90 Stück;0.4;36;0.936;7640104163138;0;0;1;;
90032154;63908169;2026-04-15;BGH;Molkerei/Backwaren;320;096400;1;;St;Backhefe, Würfel, 24 x 42 g;0.29;6.96;0.18096;7610926000515;0;0;1;;
90032154;63908169;2026-04-15;BGH;Molkerei/Backwaren;330;027310;1;;kg;Economy Butter, 10 x 1 kg;13.22;132.2;3.4372;7610034508224;0;0;1;;
90032154;63908169;2026-04-15;BGH;Molkerei/Backwaren;340;012201;6;;Bt;Economy Gran Moravia, gehobelt, 500 g;8.7;52.2;1.3572;4388040201172;0;0;7;;
90032154;63908169;2026-04-15;BGH;Molkerei/Backwaren;350;016601;10;;kg;Quality Grana Padano DOP, gerieben, 1 kg;15.39;153.9;4.0014;4388040340352;0;1;7;;
90032154;63908169;2026-04-15;BGH;Molkerei/Backwaren;360;018891;4;;Ds;Ömür Hirtenkäse 55%, 800 g;9.76;39.04;1.01504;4002566002449;0;0;1;;
90032154;63908169;2026-04-15;BGH;Früchte + Gemüse;370;042007;4;;St;Gurken 400 - 500 g / St, 12 St;0.97;46.56;1.21056;7610632995013;0;1;1;;
90032154;63908169;2026-04-15;BGH;Früchte + Gemüse;380;048116;1;;kg;Orangen blond, 15 kg;1.77;26.55;0.6903;7610632442548;0;0;1;;
90032154;63908169;2026-04-15;BGH;Früchte + Gemüse;381;000079;1;;St;Ifco LiftLock;3.2;3.2;0;2000007960008;0;0;0;;
90032154;63908169;2026-04-15;BGH;Früchte + Gemüse;390;048823;1;;kg;Zitronen, 15 kg;3.24;48.6;1.2636;7610632071045;0;0;1;;
90032154;63908169;2026-04-15;BGH;Früchte + Gemüse;391;000079;1;;St;Ifco LiftLock;3.2;3.2;0;2000007960008;0;0;0;;
90032154;63908169;2026-04-15;BGH;Früchte + Gemüse;400;047754;1;4.2;kg;Limetten / Limes, 4,2 kg;2.95;12.39;0.32214;2905054999998;0;0;1;;
90032154;63908169;2026-04-15;BGH;Früchte + Gemüse;410;044540;3;;kg;Rucola / Rauke ungewaschen, 1 kg;12.9;38.7;1.0062;7610514613219;0;0;1;;
90032154;63908169;2026-04-15;BGH;Früchte + Gemüse;420;043957;8;;Sc;Patisson Mini Gemüse, ca. 9 St;7.31;58.48;1.52048;7610632991541;0;0;1;;
90032154;63908169;2026-04-15;BGH;Früchte + Gemüse;430;045777;8;;Sc;Zucchetti Mini-Gemüse ohne Blüte, ca. 5 - 6 Stück;7.77;62.16;1.61616;7610632991527;0;0;1;;
90032154;63908169;2026-04-15;BGH;Früchte + Gemüse;440;044667;8;;Sc;Mini Rüebli / Karotten mit Laubansatz, ca. 200 g;7.01;56.08;1.45808;7610632955345;0;0;1;;
90032154;63908169;2026-04-15;BGH;Früchte + Gemüse;450;044139;1;;kg;Peperoni Mini Mix, 3 kg;8.48;25.44;0.66144;7610632970782;0;0;1;;
90032154;63908169;2026-04-15;BGH;Früchte + Gemüse;460;049135;8;;kg;Champignons weiss, frisch, 1 kg;8.44;67.52;1.75552;7610632995211;0;0;1;;
90032154;63908169;2026-04-15;BGH;Früchte + Gemüse;470;049127;8;;Kt;Champignons braun, frisch, 1 kg;9.13;73.04;1.89904;7610473014843;0;0;1;;
90032154;63908169;2026-04-15;BGH;Molkerei/Backwaren;480;013742;1;;Pk;Züger Cheddar rot, Scheiben, 9 x 9 cm, 1 kg;16.08;16.08;0.41808;7640166794127;0;0;1;;
90032154;63908169;2026-04-15;BGH;Molkerei/Backwaren;490;013702;1;3.44;kg;Quality Raclette, eckig, 1/2 Laib ca. 3,2 kg;11.02;37.9088;0.9856288;2953272999993;0;0;1;;
90032154;63908169;2026-04-15;BGH;Früchte + Gemüse;500;041786;4;28;kg;Fleischtomaten Kaliber 77-87 mm, 7 kg;3.37;94.36;2.45336;2916705999991;0;1;1;;
90032154;63908169;2026-04-15;BGH;Früchte + Gemüse;510;040968;7;;kg;Cherry Tomaten Rispen, 3 kg;7.54;158.34;4.11684;7610632949894;0;0;1;;
90032154;63908169;2026-04-15;BGH;Molkerei/Backwaren;520;027581;4;;St;Emmi Kräuterbutter, Stange, 500 g;13.93;55.72;1.44872;7610900154289;0;0;1;;
90032154;63908169;2026-04-15;BGH;Molkerei/Backwaren;530;019481;10;;Be;Galbani Mascarpone, 500 g;7.65;76.5;1.989;8000430171013;0;0;1;;
90032154;63908169;2026-04-15;BGH;Molkerei/Backwaren;540;024673;1;;Ke;Quality Crème Fraîche, Sauerrahm 35%, 2,5 kg;21.14;21.14;0.54964;7610034514973;0;1;1;;
90032154;63908169;2026-04-15;BGH;Molkerei/Backwaren;550;019710;2;;Be;Granarolo Ricotta, 1,5 kg;8.81;17.62;0.45812;80344353;0;1;1;;
90032154;63908169;2026-04-15;BGH;Food;560;153062;5;;Pk;Thomy Sauce Hollandaise, 1 l;10.15;50.75;1.3195;7610100021190;0;0;1;;
90032154;63908169;2026-04-15;BGH;Food;570;107910;10;;Pk;Quality Löffelbiskuits, 400 g;2.91;29.1;0.7566;7610034516687;0;0;1;;
90032154;63908169;2026-04-15;BGH;Früchte + Gemüse;580;045707;4;;kg;Zucchetti, 5 kg;2.42;48.4;1.2584;7610632980545;0;0;1;;
90032154;63908169;2026-04-15;BGH;Früchte + Gemüse;590;040257;3;;kg;Auberginen, 5 kg;2.59;38.85;1.0101;7610632977958;0;0;1;;
90032154;63908169;2026-04-15;BGH;Früchte + Gemüse;600;044107;4;;kg;Peperoni Tricolor, Import, 5 kg;4.83;96.6;2.5116;7610632977132;0;0;1;;
90032154;63908169;2026-04-15;BGH;Früchte + Gemüse;601;000079;4;;St;Ifco LiftLock;3.2;12.8;0;2000007960008;0;0;0;;
90032154;63908169;2026-04-15;BGH;Früchte + Gemüse;610;040329;5;;Bt;Basilikum, 1 kg;29.39;146.95;3.8207;7610632989975;0;0;1;;
90032154;63908169;2026-04-15;BGH;Früchte + Gemüse;620;043598;2;;Bt;Minze, 250 g;8.72;17.44;0.45344;7610632977873;0;0;1;;
90032154;63908169;2026-04-15;BGH;Früchte + Gemüse;630;044156;3;;Bt;Petersilie gekraust, gepackt, 500 g;7.31;21.93;0.57018;7610632995082;0;0;1;;
90032154;63908169;2026-04-15;BGH;Früchte + Gemüse;640;044536;2;;Bd;Rosmarin Bund, 80 g;4.18;8.36;0.21736;7610632942581;0;0;1;;
90032154;63908169;2026-04-15;BGH;Früchte + Gemüse;650;041241;7;;St;Eichblattsalat rot / grün Schweiz Hydro, gemischt, 8 St;2.18;122.08;3.17408;7613399058038;0;0;7;;
90032154;63908169;2026-04-15;BGH;Früchte + Gemüse;651;000079;7;;St;Ifco LiftLock;3.2;22.4;0;2000007960008;0;0;0;;
90032154;63908169;2026-04-15;BGH;Früchte + Gemüse;660;042592;1;;Ds;Knoblauch Original ganz geschält, 1kg;11.01;11.01;0.28626;3700430300004;0;0;7;;
90032154;63908169;2026-04-15;BGH;Früchte + Gemüse;670;045914;1;;kg;Zwiebeln rot gross, 10 kg;2.12;21.2;0.5512;7613399003366;0;0;1;;
90032154;63908169;2026-04-15;BGH;Früchte + Gemüse;671;000079;1;;St;Ifco LiftLock;3.2;3.2;0;2000007960008;0;0;0;;
90032154;63908169;2026-04-15;BGH;Früchte + Gemüse;680;044643;4;;Bt;Quality Rüebli- Karotten Julienne, 1,6 mm, 1 kg;4.7;18.8;0.4888;7610034507050;0;0;1;;
90032154;63908169;2026-04-15;BGH;Früchte + Gemüse;690;044701;1;;kg;Rüebli / Karotten Gastro, 5 kg;1.82;9.1;0.2366;7628072012849;0;0;1;;
90032154;63908169;2026-04-15;BGH;Früchte + Gemüse;691;000079;1;;St;Ifco LiftLock;3.2;3.2;0;2000007960008;0;0;0;;
90032154;63908169;2026-04-15;BGH;Metzgerei;700;001502;5;13.035;kg;Poulet Brust ohne Haut mit Innenfilet, 90-220 g, ca. 2,5 kg;20.69;269.69415;7.0120479;97610011945694;0;0;1;;
90032154;63908169;2026-04-15;BGH;Metzgerei;710;002409;3;4.628;kg;Rinds-Filetspitz Kopf II, ca. 1,5 kg;39.5;182.806;4.752956;97610100000006;0;0;1;;
90032154;63908169;2026-04-15;BGH;Früchte + Gemüse;720;040015;2;;kg;Bratkartoffeln, 5 kg;2.3;23;0.598;7613399016359;0;0;1;;
90032154;63908169;2026-04-15;BGH;Früchte + Gemüse;730;046922;4;;Sc;Blueberries, 500 g;7.66;30.64;0.79664;7610632010297;0;0;1;;
90032154;63908169;2026-04-15;BGH;Früchte + Gemüse;740;047410;4;;Sc;Johannisbeeren, Import, 125 g;5.87;23.48;0.61048;7610632010327;0;0;1;;
90032154;63908169;2026-04-15;BGH;Früchte + Gemüse;750;092930;3;;kg;Picosa Steinpilze Würfel, 2 x 2 cm, TK, 2 x 1 kg;18.71;112.26;2.91876;7610473071204;0;1;1;;
90032154;63908169;2026-04-15;BGH;Früchte + Gemüse;760;094400;2;;kg;Quality Blattspinat-Portionen, TK, 2 x 2,5 kg;3.75;37.5;0.975;7610034505506;0;0;1;;
90032154;63908169;2026-04-15;BGH;Früchte + Gemüse;770;090140;3;;Bt;Frigemo Regiofrites Bärner TK, 4 x 2,5 kg;15.85;190.2;4.9452;7610078043163;0;0;1;;
90032154;63908169;2026-04-15;BGH;Metzgerei;780;001976;1;7.065;kg;Quality GGAP Lachs Filet, mit Haut, grätenarm, ca. 1,0 - 1,4 kg;19.7;139.1805;3.618693;97610162230489;0;0;1;;
90032154;63908169;2026-04-15;BGH;Metzgerei;800;002097;1;3.71;kg;Kalbs-Nierstück, lang, ca. 3,5 kg;51.98;192.8458;5.0139908;97610011044090;0;0;1;;
90032154;63908169;2026-04-15;BGH;Metzgerei;810;052072;1;2.542;kg;Swiss Quality Beef Entrecote 1/2, ca. 2,2 kg;49.4;125.5748;3.2649448;2906103999990;0;0;1;;
90032154;63908169;2026-04-15;BGH;Metzgerei;820;001956;1;5.67;kg;Quality Zander Filet, mit Haut, ca. 100-300 g, ca. 1 kg;26.63;150.9921;3.9257946;97610011478338;0;0;1;;
90032154;63908169;2026-04-15;BGH;Metzgerei;830;086133;1;1.401;kg;Quality Bündnerfleisch Eckstück, Deutschland/Österreich, 1/2 ca. 1,5 kg;56.93;79.75893;2.07373218;2965474999992;0;0;1;;
90032154;63908169;2026-04-15;BGH;Nonfood;840;985200;3;;Rl;Kehrichtsack OKS mit Zugband 110L Rolle zu 10 Stück;3.64;10.92;0.88452;7649997895287;0;0;2;;
90032154;63908169;2026-04-15;BGH;Food;850;428170;1;;Bt;Nectaflor Pistazien grün, gehackt , 750 g;81.94;81.94;2.13044;7610184040902;0;0;1;;
90032154;63908169;2026-04-15;BGH;Früchte + Gemüse;860;094403;1;;kg;Quality Bohnen mittelfein, Schweiz, TK, 2 x 2,5 kg;3.61;18.05;0.4693;7610034505537;0;0;1;;
90032154;63908169;2026-04-15;BGH;Nearfood;870;997030;2;;Kt;Quality Handtuch V-Falz, 2-lagig, weiss, 12 x 175 St;30.11;60.22;4.87782;7610034509603;0;0;3;;
90032154;63908169;2026-04-15;BGH;Nearfood;880;992093;2;;Pk;Quality Toilettenpapier, 4-lagig, weiss, 160 Blatt, 24 Rl;16.37;32.74;2.65194;7610034532120;0;0;3;;
90032154;63908169;2026-04-15;BGH;Molkerei/Backwaren;890;018661;10;;St;Züger Filona Frischkäse Kräuter, 200 g;2.55;25.5;0.663;7640166796855;0;0;1;;
90032154;63908169;2026-04-15;BGH;Metzgerei;900;068151;8;;kg;Economy ASC Crevetten Black Tiger, geschält, entdarmt, 8/12, tiefgekühlt, 1 kg;20.69;165.52;4.30352;7610034523548;0;0;7;;
90032154;63908169;2026-04-15;BGH;Food;910;371081;1;;Bt;Quality Mandeln gehobelt, 1 kg;16.23;16.23;0.42198;7610034530348;0;0;1;;
90032154;63908169;2026-04-15;BGH;Früchte + Gemüse;920;044776;1;;Ki;Schnittsalat Oriental, 800 g;22.68;22.68;0.58968;7610632965849;0;0;1;;
90032154;63908169;2026-04-15;BGH;Früchte + Gemüse;930;000079;2;;St;Ifco LiftLock;3.2;6.4;0;2000007960008;0;0;0;;
90032154;63908169;2026-04-15;BGH;Früchte + Gemüse;940;000079;13;;St;Ifco LiftLock;3.2;41.6;0;2000007960008;0;0;0;;
90032154;63908169;2026-04-15;BGH;Früchte + Gemüse;950;000079;12;;St;Ifco LiftLock;3.2;38.4;0;2000007960008;0;0;0;;
90032154;63901201;2026-04-10;BGH;Molkerei/Backwaren;10;019372;6;;St;Soignon Bûche de chèvre, Weichkäse, 1 kg;16.31;97.86;2.54436;3523237481000;0;0;1;;
90032154;63901201;2026-04-10;BGH;Früchte + Gemüse;10;521631;9;;kg;Ponthier Passionsfrucht Pürée, 1 kg;16.37;147.33;3.83058;3228170865404;0;0;1;;
90032154;63901201;2026-04-10;BGH;Molkerei/Backwaren;20;024801;6;;Ds;Floralp Vollrahm 35%, ohne Zucker, UHT, 250 g;4.68;28.08;0.73008;7612300013494;0;0;1;;
90032154;63901201;2026-04-10;BGH;Molkerei/Backwaren;30;005010;1;;kg;Quality Joghurt Nature, 3 kg;2.44;7.32;0.19032;7610034534230;0;0;7;;
90032154;63901201;2026-04-10;BGH;Molkerei/Backwaren;40;012971;1;1.055;kg;Nuss Käse, 1/1 Laib ca. 1 kg;24.95;26.32225;0.6843785;2935031999994;0;0;1;;
90032154;63901201;2026-04-10;BGH;Molkerei/Backwaren;50;010131;1;;Pk;Berner Alphobelkäse AOP, gerollt, 600 g;27.67;27.67;0.71942;7600400001121;0;0;1;;
90032154;63901201;2026-04-10;BGH;Molkerei/Backwaren;60;010436;1;1.605;kg;Quality Emmentaler AOP, ca. 1,7 kg;14.36;23.0478;0.5992428;2900196999998;0;0;1;;
90032154;63901201;2026-04-10;BGH;Molkerei/Backwaren;70;006441;1;;St;Hug Kleinbrötchen, assortiert, tiefgekühlt, 100 x 30 g;0.5;50;1.3;7610032026577;0;0;1;;
90032154;63901201;2026-04-10;BGH;Molkerei/Backwaren;80;099230;1;;St;Romer's Schraubenbrot dunkel, vorgebacken, tiefgekühlt, 10 x 350 g;2.13;21.3;0.5538;7611075109593;0;1;1;;
90032154;63901201;2026-04-10;BGH;Metzgerei;90;078299;1;1.537;kg;Quality Truten Brust geräucht, gekocht, Frankreich, 1/3, ca. 1,3 kg;19.11;29.37207;0.76367382;2949556999995;0;0;1;;
90032154;63901201;2026-04-10;BGH;Metzgerei;100;086701;1;2.167;kg;Bündner Rohschinken 1/1 ohne Schwarte, ca. 2,6 kg;23.75;51.46625;1.3381225;2961718999995;0;1;1;;
90032154;63901201;2026-04-10;BGH;Metzgerei;110;078311;1;2.035;kg;Bell Hirten Vorderschinken 1/2, mit Schwarte, ca. 2 kg;15.05;30.62675;0.7962955;2924260999998;0;0;1;;
90032154;63901201;2026-04-10;BGH;Früchte + Gemüse;120;046909;1;;kg;Birchermüesli Extra fixfertig, 3 kg;10.37;31.11;0.80886;7610227917123;0;0;7;;
90032154;63901201;2026-04-10;BGH;Molkerei/Backwaren;130;524003;1;;St;Bistro Boulangerie French Croissant, vorgegärt, tiefgekühlt, 100 x 65 g;0.67;67;1.742;7611168064822;0;0;7;;
90032154;63901201;2026-04-10;BGH;Molkerei/Backwaren;140;508280;1;;St;Chef Gourmet Lütticher Waffeln Butter, tiefgekühlt, 55 x 100 g;1.85;101.75;2.6455;7649989949011;0;0;7;;
90032154;63901201;2026-04-10;BGH;Molkerei/Backwaren;150;024440;3;;Tp;Quality Vollrahm 35%, UHT, 12 x 1 l;5.84;210.24;5.46624;7610034505315;0;0;1;;
90032154;63901201;2026-04-10;BGH;Molkerei/Backwaren;160;022600;1;;Tp;Quality Vollmilch 3,5%, UHT, 12 x 1 l;1.27;15.24;0.39624;7610034507807;0;0;1;;
90032154;63901201;2026-04-10;BGH;Molkerei/Backwaren;170;018891;6;;Ds;Ömür Hirtenkäse 55%, 800 g;9.76;58.56;1.52256;4002566002449;0;0;1;;
90032154;63901201;2026-04-10;BGH;Molkerei/Backwaren;180;019322;4;;kg;Chavroux Ziegenweichkäse, 1 kg;18.79;75.16;1.95416;3614070059560;0;0;7;;
90032154;63901201;2026-04-10;BGH;Früchte + Gemüse;190;044540;2;;kg;Rucola / Rauke ungewaschen, 1 kg;12.9;25.8;0.6708;7610514613219;0;0;1;;
90032154;63901201;2026-04-10;BGH;Früchte + Gemüse;200;043957;10;;Sc;Patisson Mini Gemüse, ca. 9 St;7.31;73.1;1.9006;7610632991541;0;0;1;;
90032154;63901201;2026-04-10;BGH;Früchte + Gemüse;210;045777;10;;Sc;Zucchetti Mini-Gemüse ohne Blüte, ca. 5 - 6 Stück;7.77;77.7;2.0202;7610632991527;0;0;1;;
90032154;63901201;2026-04-10;BGH;Früchte + Gemüse;220;044667;10;;Sc;Mini Rüebli / Karotten mit Laubansatz, ca. 200 g;7.01;70.1;1.8226;7610632955345;0;0;1;;
90032154;63901201;2026-04-10;BGH;Früchte + Gemüse;230;046922;3;;Sc;Blueberries, 500 g;6.24;18.72;0.48672;7610632010297;0;1;1;;
90032154;63901201;2026-04-10;BGH;Früchte + Gemüse;240;047410;6;;Sc;Johannisbeeren, Import, 125 g;6.13;36.78;0.95628;7610632010327;0;0;1;;
90032154;63901201;2026-04-10;BGH;Früchte + Gemüse;250;044156;2;;Bt;Petersilie gekraust, gepackt, 500 g;7.31;14.62;0.38012;7610632995082;0;0;1;;
90032154;63901201;2026-04-10;BGH;Früchte + Gemüse;260;041241;7;;St;Eichblattsalat rot / grün Schweiz Hydro, gemischt, 8 St;2.18;122.08;3.17408;7613399058038;0;0;7;;
90032154;63901201;2026-04-10;BGH;Früchte + Gemüse;261;000079;7;;St;Ifco LiftLock;3.2;22.4;0;2000007960008;0;0;0;;
90032154;63901201;2026-04-10;BGH;Früchte + Gemüse;270;040968;3;;kg;Cherry Tomaten Rispen, 3 kg;8.23;74.07;1.92582;7610632949894;0;0;1;;
90032154;63901201;2026-04-10;BGH;Früchte + Gemüse;280;045358;2;;kg;Tomaten mit Rispen Import, 5 kg;5.31;53.1;1.3806;7610632977002;0;0;1;;
90032154;63901201;2026-04-10;BGH;Molkerei/Backwaren;290;012201;3;;Bt;Economy Gran Moravia, gehobelt, 500 g;8.7;26.1;0.6786;4388040201172;0;0;7;;
90032154;63901201;2026-04-10;BGH;Molkerei/Backwaren;300;016601;8;;kg;Quality Grana Padano DOP, gerieben, 1 kg;16.73;133.84;3.47984;4388040340352;0;0;7;;
90032154;63901201;2026-04-10;BGH;Metzgerei;310;002409;4;6.198;kg;Rinds-Filetspitz Kopf II, ca. 1,5 kg;39.5;244.821;6.365346;97610100000006;0;0;1;;
90032154;63901201;2026-04-10;BGH;Metzgerei;320;002097;1;3.832;kg;Kalbs-Nierstück, lang, ca. 3,5 kg;51.98;199.18736;5.17887136;97610011044090;0;0;1;;
90032154;63901201;2026-04-10;BGH;Metzgerei;330;053620;4;;St;Bell Beefsteak Tatar, Portionen, tiefgekühlt, 10 x 140 g;4.41;176.4;4.5864;7610011021111;0;0;1;;
90032154;63901201;2026-04-10;BGH;Metzgerei;340;001977;1;3.824;kg;Quality GGAP Lachs Filet, ohne Haut, deepskin, grätenarm, ca. 1,2 - 1,4 kg;23.56;90.09344;2.34242944;97610162230472;0;0;1;;
90032154;63901201;2026-04-10;BGH;Metzgerei;350;002454;1;2.976;kg;Quality Lachsforellen Filet, mit Haut, grätenarm, ca. 130 - 180 g, ca. 1 kg;17.72;52.73472;1.37110272;97610162250661;0;1;1;;
90032154;63901201;2026-04-10;BGH;Metzgerei;360;078256;3;7.077;kg;Quality Hinterschinken Tradition 1/3, ca. 2,4 kg;12.86;91.01022;2.36626572;2946205999993;0;1;1;;
90032154;63901201;2026-04-10;BGH;Metzgerei;370;068151;10;;kg;Economy ASC Crevetten Black Tiger, geschält, entdarmt, 8/12, tiefgekühlt, 1 kg;20.69;206.9;5.3794;7610034523548;0;0;7;;
90032154;63901201;2026-04-10;BGH;Metzgerei;380;072091;2;;kg;Quality Chicken Nuggets, geformt, paniert, frittiert, tiefgekühlt, 2 kg;13.37;53.48;1.39048;7610162372681;0;0;1;;
90032154;63901201;2026-04-10;BGH;Food;390;590111;1;;Lt;Quality Sonnenblumenöl, 20 l;4.41;88.2;2.2932;7610034515024;0;0;1;;
90032154;63901201;2026-04-10;BGH;Nonfood;400;985201;1;;Rl;Kehrichtsack OKS mit Zugband 110L Karton zu 15 Rollen zu 10 Stück;3.64;54.6;4.4226;2098520130008;0;0;2;;
90032154;63901201;2026-04-10;BGH;Nonfood;410;930430;3;;Pk;VC999 Vakuumbeutel, 90 µm, 300 x 400 mm, Pack zu 100 Stück;21.73;65.19;5.28039;7640144910266;0;0;2;;
90032154;63901201;2026-04-10;BGH;Metzgerei;420;053582;4;12.022;kg;Simmentaler Original Rinds-Hohrücken, ca. 2,5 kg;38.6;464.0492;12.0652792;2913231999990;0;1;1;;
90032154;63901201;2026-04-10;BGH;Metzgerei;430;062470;2;;St;Geflügel-Hackbraten, tiefgekühlt, 1 kg;11.78;188.48;4.90048;7640109366190;0;0;7;;
90032154;63901201;2026-04-10;BGH;Metzgerei;440;067563;7;;Bt;Thunfisch Steak, ca. 170 - 230 g, tiefgekühlt, 1 kg;17.42;121.94;3.17044;8718104960060;0;0;1;;
90032154;63901201;2026-04-10;BGH;Früchte + Gemüse;450;000079;2;;St;Ifco LiftLock;3.2;6.4;0;2000007960008;0;0;0;;
90032154;63901201;2026-04-10;BGH;Früchte + Gemüse;460;000079;3;;St;Ifco LiftLock;3.2;9.6;0;2000007960008;0;0;0;;
90032154;63901201;2026-04-10;BGH;Früchte + Gemüse;470;000079;4;;St;Ifco LiftLock;3.2;12.8;0;2000007960008;0;0;0;;
90032154;63896628;2026-04-08;BGH;Früchte + Gemüse;10;000079;-29;;St;Ifco LiftLock;3.2;-92.8;0;2000007960008;0;0;0;;
90032154;63896628;2026-04-08;BGH;Food;10;240190;1;;Bt;Le Dragon Sesamsamen schwarz, geröstet, 1 kg;10.11;10.11;0.26286;7613324113153;0;0;1;;
90032154;63896628;2026-04-08;BGH;Nonfood;10;928867;1;;St;Brother TN-243M magenta;70.27;70.27;5.69187;4977766787499;0;0;2;;
90032154;63896628;2026-04-08;BGH;Nearfood;10;975943;6;;Pk;Cotonette Wischtuch, blau, 60 x 38 cm, 50 St;12.26;73.56;5.95836;5425035596079;0;0;3;;
90032154;63896628;2026-04-08;BGH;Früchte + Gemüse;20;000079;7;;St;Ifco LiftLock;3.2;22.4;0;2000007960008;0;0;0;;
90032154;63896628;2026-04-08;BGH;Metzgerei;20;003691;1;;kg;Goma Wakame Seealgensalat mit Sesam, tiefgekühlt, 1 kg;9.5;9.5;0.247;4004263279230;0;0;1;;
90032154;63896628;2026-04-08;BGH;Food;20;428160;1;;Sa;Nectaflor Sesam geröstet, geschält, 750 g;10.85;10.85;0.2821;7610184041701;0;0;1;;
90032154;63896628;2026-04-08;BGH;Molkerei/Backwaren;30;095210;1;;St;Eier Import, Bodenhaltung, 53g+, 90 Stück;0.4;36;0.936;7640104163138;0;0;1;;
90032154;63896628;2026-04-08;BGH;Früchte + Gemüse;40;044776;1;;Ki;Schnittsalat Oriental, 800 g;22.68;22.68;0.58968;7610632965849;0;0;1;;
90032154;63896628;2026-04-08;BGH;Früchte + Gemüse;40;046909;1;;kg;Birchermüesli Extra fixfertig, 3 kg;10.37;31.11;0.80886;7610227917123;0;0;7;;
90032154;63896628;2026-04-08;BGH;Früchte + Gemüse;50;000079;1;;St;Ifco LiftLock;3.2;3.2;0;2000007960008;0;0;0;;
90032154;63896628;2026-04-08;BGH;Food;50;412970;10;;Bt;Natura Bio Knospe Cashew Nüsse, 500 g;7.92;79.2;2.0592;7610034527966;0;1;1;;
90032154;63896628;2026-04-08;BGH;Food;70;100070;2;;Lt;Economy Frittieröl, 20 l;4.45;178;4.628;7610034508873;0;0;1;;
90032154;63896628;2026-04-08;BGH;Food;80;100080;1;;Lt;Quality Rapsöl, 20 l;3.48;69.6;1.8096;7610034515147;0;0;1;;
90032154;63896628;2026-04-08;BGH;Food;90;511501;3;;Ds;Economy Oliven schwarz entsteint, 4,25 kg;13.72;41.16;1.07016;4388040253720;0;0;1;;
90032154;63896628;2026-04-08;BGH;Food;100;396540;5;;Ds;Quality Sardellenfilets in Sonnenblumenöl, 794 g;18.4;92;2.392;7610034517332;0;0;1;;
90032154;63896628;2026-04-08;BGH;Nearfood;110;993320;2;;Rl;Quality Wischtücher Midi, 2-lagig, weiss, 450 Blatt, 6 Rl;6.78;81.36;6.59016;7610034546196;0;0;3;;
90032154;63896628;2026-04-08;BGH;Nearfood;120;993320;3;;Rl;Quality Wischtücher Midi, 2-lagig, weiss, 450 Blatt, 6 Rl;6.78;122.04;9.88524;7610034546196;0;0;3;;
90032154;63896628;2026-04-08;BGH;Food;130;570732;1;;Pk;Gogi Tempura Mehl, 24 x 150 g;1.49;35.76;0.92976;2057073200002;0;0;1;;
90032154;63896628;2026-04-08;BGH;Food;140;234790;3;;kg;Carnaroli Risottoreis, 5 kg;4.43;66.45;1.7277;7610815101835;0;0;1;;
90032154;63896628;2026-04-08;BGH;Nonfood;150;989812;5;;Pk;Salatschale Karton rund FSC 750 ml Pack zu 50 Stück;18.9;94.5;7.6545;5901360017286;0;0;3;;
90032154;63896628;2026-04-08;BGH;Nonfood;160;989814;5;;Pk;Deckel PP zu Salatschale rund Pack zu 50 Stück;10.44;52.2;4.2282;4010494919753;0;0;3;;
90032154;63896628;2026-04-08;BGH;Molkerei/Backwaren;170;024440;5;;Tp;Quality Vollrahm 35%, UHT, 12 x 1 l;5.84;350.4;9.1104;7610034505315;0;0;1;;
90032154;63896628;2026-04-08;BGH;Molkerei/Backwaren;180;022600;2;;Tp;Quality Vollmilch 3,5%, UHT, 12 x 1 l;1.27;30.48;0.79248;7610034507807;0;0;1;;
90032154;63896628;2026-04-08;BGH;Molkerei/Backwaren;190;095210;2;;St;Eier Import, Bodenhaltung, 53g+, 90 Stück;0.4;72;1.872;7640104163138;0;0;1;;
90032154;63896628;2026-04-08;BGH;Molkerei/Backwaren;200;095821;4;;kg;Natura Plus Eiweiss flüssig Schweiz, Freiland, 1 kg;8.32;33.28;0.86528;7640104165002;0;0;7;;
90032154;63896628;2026-04-08;BGH;Molkerei/Backwaren;210;096400;2;;St;Backhefe, Würfel, 24 x 42 g;0.29;13.92;0.36192;7610926000515;0;0;1;;
90032154;63896628;2026-04-08;BGH;Molkerei/Backwaren;220;012201;6;;Bt;Economy Gran Moravia, gehobelt, 500 g;8.7;52.2;1.3572;4388040201172;0;0;7;;
90032154;63896628;2026-04-08;BGH;Molkerei/Backwaren;230;016601;10;;kg;Quality Grana Padano DOP, gerieben, 1 kg;16.73;167.3;4.3498;4388040340352;0;0;7;;
90032154;63896628;2026-04-08;BGH;Molkerei/Backwaren;240;022591;1;;Tp;Oatly Haferdrink Barista, 6 x 1 l;3.39;20.34;0.52884;27394376616505;0;0;1;;
90032154;63896628;2026-04-08;BGH;Molkerei/Backwaren;250;015781;1;;Pk;Quality Cheddar, rot, Scheiben, 88 x 12,3 g;13.92;13.92;0.36192;7610034517592;0;0;1;;
90032154;63896628;2026-04-08;BGH;Molkerei/Backwaren;260;013702;1;3.215;kg;Quality Raclette, eckig, 1/2 Laib ca. 3,2 kg;11.02;35.4293;0.9211618;2953272999993;0;0;1;;
90032154;63896628;2026-04-08;BGH;Molkerei/Backwaren;270;019481;10;;Be;Galbani Mascarpone, 500 g;7.65;76.5;1.989;8000430171013;0;0;1;;
90032154;63896628;2026-04-08;BGH;Molkerei/Backwaren;280;019710;1;;Be;Granarolo Ricotta, 1,5 kg;10.32;10.32;0.26832;80344353;0;0;1;;
90032154;63896628;2026-04-08;BGH;Molkerei/Backwaren;290;024673;1;;Ke;Quality Crème Fraîche, Sauerrahm 35%, 2,5 kg;24.51;24.51;0.63726;7610034514973;0;0;1;;
90032154;63896628;2026-04-08;BGH;Früchte + Gemüse;300;044540;4;;kg;Rucola / Rauke ungewaschen, 1 kg;12.9;51.6;1.3416;7610514613219;0;0;1;;
90032154;63896628;2026-04-08;BGH;Molkerei/Backwaren;310;025030;2;;Kt;Emmi Kaffeerahm Portionen, UHT, 200 x 12 g;12.63;25.26;0.65676;7610900113743;0;0;1;;
90032154;63896628;2026-04-08;BGH;Früchte + Gemüse;320;046922;4;;Sc;Blueberries, 500 g;6.24;24.96;0.64896;7610632010297;0;1;1;;
90032154;63896628;2026-04-08;BGH;Früchte + Gemüse;330;047410;5;;Sc;Johannisbeeren, Import, 125 g;6.13;30.65;0.7969;7610632010327;0;0;1;;
90032154;63896628;2026-04-08;BGH;Food;340;349611;1;;Kt;Hardy's Hüppen Topolinos, 300 Stück;33.17;33.17;0.86242;7610666001025;0;0;1;;
90032154;63896628;2026-04-08;BGH;Früchte + Gemüse;350;048823;1;;kg;Zitronen, 15 kg;2.83;42.45;1.1037;7610632071045;0;0;1;;
90032154;63896628;2026-04-08;BGH;Früchte + Gemüse;351;000079;1;;St;Ifco LiftLock;3.2;3.2;0;2000007960008;0;0;0;;
90032154;63896628;2026-04-08;BGH;Früchte + Gemüse;360;048116;1;;kg;Orangen blond, 15 kg;1.77;26.55;0.6903;7610632442548;0;0;1;;
90032154;63896628;2026-04-08;BGH;Früchte + Gemüse;361;000079;1;;St;Ifco LiftLock;3.2;3.2;0;2000007960008;0;0;0;;
90032154;63896628;2026-04-08;BGH;Früchte + Gemüse;370;047754;1;4.2;kg;Limetten / Limes, 4,2 kg;3.12;13.104;0.340704;2905054999998;0;0;1;;
90032154;63896628;2026-04-08;BGH;Früchte + Gemüse;380;094918;3;;kg;Ponthier exotische Früchte Purée, 1 kg;12.72;38.16;0.99216;3228170851407;0;0;1;;
90032154;63896628;2026-04-08;BGH;Früchte + Gemüse;390;043598;2;;Bt;Minze, 250 g;8.72;17.44;0.45344;7610632977873;0;0;1;;
90032154;63896628;2026-04-08;BGH;Früchte + Gemüse;400;041241;7;;St;Eichblattsalat rot / grün Schweiz Hydro, gemischt, 8 St;2.18;122.08;3.17408;7613399058038;0;0;7;;
90032154;63896628;2026-04-08;BGH;Früchte + Gemüse;401;000079;7;;St;Ifco LiftLock;3.2;22.4;0;2000007960008;0;0;0;;
90032154;63896628;2026-04-08;BGH;Früchte + Gemüse;410;040968;5;;kg;Cherry Tomaten Rispen, 3 kg;8.23;123.45;3.2097;7610632949894;0;0;1;;
90032154;63896628;2026-04-08;BGH;Früchte + Gemüse;420;049135;6;;kg;Champignons weiss, frisch, 1 kg;8.44;50.64;1.31664;7610632995211;0;0;1;;
90032154;63896628;2026-04-08;BGH;Früchte + Gemüse;430;049127;6;;Kt;Champignons braun, frisch, 1 kg;9.13;54.78;1.42428;7610473014843;0;0;1;;
90032154;63896628;2026-04-08;BGH;Food;440;457400;1;;Ds;Chirat Gold Mais, 6 x 2,126 kg;11.88;71.28;1.85328;7611300246406;0;0;1;;
90032154;63896628;2026-04-08;BGH;Früchte + Gemüse;450;045914;1;;kg;Zwiebeln rot gross, 10 kg;2.12;21.2;0.5512;7613399003366;0;0;1;;
90032154;63896628;2026-04-08;BGH;Früchte + Gemüse;451;000079;1;;St;Ifco LiftLock;3.2;3.2;0;2000007960008;0;0;0;;
90032154;63896628;2026-04-08;BGH;Früchte + Gemüse;460;044643;4;;Bt;Quality Rüebli- Karotten Julienne, 1,6 mm, 1 kg;4.7;18.8;0.4888;7610034507050;0;0;1;;
90032154;63896628;2026-04-08;BGH;Früchte + Gemüse;470;044538;1;;Bt;Rosmarin, 250 g;8.72;8.72;0.22672;7610632969816;0;0;1;;
90032154;63896628;2026-04-08;BGH;Früchte + Gemüse;480;045186;3;;Bd;Thymian Bund, 80 g;4.18;12.54;0.32604;7610632942604;0;0;1;;
90032154;63896628;2026-04-08;BGH;Früchte + Gemüse;490;044156;3;;Bt;Petersilie gekraust, gepackt, 500 g;7.31;21.93;0.57018;7610632995082;0;0;1;;
90032154;63896628;2026-04-08;BGH;Food;500;512330;2;;Bt;Quality Petersilie, 110 g;6.04;12.08;0.31408;7610034520943;0;0;1;;
90032154;63896628;2026-04-08;BGH;Food;510;564040;5;;Gl;Bosco d'oro Carpaccio, aus Sommertrüffeln, schwarz, 45 g;18.74;93.7;2.4362;8032680690549;0;0;1;;
90032154;63896628;2026-04-08;BGH;Food;520;564090;2;;Fl;Bosco d'oro Olivenöl mit Trüffelaroma, 250 ml;18.62;37.24;0.96824;8032680690303;0;0;1;;
90032154;63896628;2026-04-08;BGH;Food;530;401611;1;;Pk;Chaokoh Kokosnussmilch UHT, 12 x 1 l;5.34;64.08;1.66608;18850813120155;0;0;1;;
90032154;63896628;2026-04-08;BGH;Früchte + Gemüse;540;043957;7;;Sc;Patisson Mini Gemüse, ca. 9 St;7.31;51.17;1.33042;7610632991541;0;0;1;;
90032154;63896628;2026-04-08;BGH;Früchte + Gemüse;550;045777;7;;Sc;Zucchetti Mini-Gemüse ohne Blüte, ca. 5 - 6 Stück;7.77;54.39;1.41414;7610632991527;0;0;1;;
90032154;63896628;2026-04-08;BGH;Früchte + Gemüse;560;044139;1;;kg;Peperoni Mini Mix, 3 kg;8.48;25.44;0.66144;7610632970782;0;0;1;;
90032154;63896628;2026-04-08;BGH;Früchte + Gemüse;570;045707;4;;kg;Zucchetti, 5 kg;2.53;50.6;1.3156;7610632980545;0;0;1;;
90032154;63896628;2026-04-08;BGH;Früchte + Gemüse;580;040257;1;;kg;Auberginen, 5 kg;2.82;14.1;0.3666;7610632977958;0;1;1;;
90032154;63896628;2026-04-08;BGH;Früchte + Gemüse;590;044107;4;;kg;Peperoni Tricolor, Import, 5 kg;5.53;110.6;2.8756;7610632977132;0;0;1;;
90032154;63896628;2026-04-08;BGH;Früchte + Gemüse;591;000079;4;;St;Ifco LiftLock;3.2;12.8;0;2000007960008;0;0;0;;
90032154;63896628;2026-04-08;BGH;Früchte + Gemüse;600;040329;5;;Bt;Basilikum, 1 kg;29.39;146.95;3.8207;7610632989975;0;0;1;;
90032154;63896628;2026-04-08;BGH;Früchte + Gemüse;610;040015;2;;kg;Bratkartoffeln, 5 kg;2.3;23;0.598;7613399016359;0;0;1;;
90032154;63896628;2026-04-08;BGH;Molkerei/Backwaren;620;027581;4;;St;Emmi Kräuterbutter, Stange, 500 g;12.33;49.32;1.28232;7610900154289;0;1;1;;
90032154;63896628;2026-04-08;BGH;Metzgerei;630;002409;5;7.708;kg;Rinds-Filetspitz Kopf II, ca. 1,5 kg;39.5;304.466;7.916116;97610100000006;0;0;1;;
90032154;63896628;2026-04-08;BGH;Metzgerei;640;001038;1;5.872;kg;Rinds-Entrecote mit Fett II, genadelt, ca. 5.5 kg;28.7;168.5264;4.3816864;97610011016684;0;1;1;;
90032154;63896628;2026-04-08;BGH;Metzgerei;650;068151;15;;kg;Economy ASC Crevetten Black Tiger, geschält, entdarmt, 8/12, tiefgekühlt, 1 kg;20.69;310.35;8.0691;7610034523548;0;0;7;;
90032154;63896628;2026-04-08;BGH;Metzgerei;660;081540;4;9.645;kg;Quality Bratspeck ohne Schwarte, ohne Knorpel, 1/1, ca. 3 kg;12.86;124.0347;3.2249022;2945670999996;0;1;1;;
90032154;63896628;2026-04-08;BGH;Metzgerei;670;082551;2;1.996;kg;Bell Bündnerfleisch, Unterspälte, 1/2, ca. 1 kg;68.21;136.14716;3.53982616;2961706999990;0;0;1;;
90032154;63896628;2026-04-08;BGH;Metzgerei;680;001977;1;3.84;kg;Quality GGAP Lachs Filet, ohne Haut, deepskin, grätenarm, ca. 1,2 - 1,4 kg;23.56;90.4704;2.3522304;97610162230472;0;0;1;;
90032154;63896628;2026-04-08;BGH;Metzgerei;690;001976;1;3.564;kg;Quality GGAP Lachs Filet, mit Haut, grätenarm, ca. 1,0 - 1,4 kg;20.49;73.02636;1.89868536;97610162230489;0;0;1;;
90032154;63896628;2026-04-08;BGH;Metzgerei;700;053620;3;;St;Bell Beefsteak Tatar, Portionen, tiefgekühlt, 10 x 140 g;4.41;132.3;3.4398;7610011021111;0;0;1;;
90032154;63896628;2026-04-08;BGH;Molkerei/Backwaren;710;027310;1;;kg;Economy Butter, 10 x 1 kg;13.22;132.2;3.4372;7610034508224;0;0;1;;
90032154;63896628;2026-04-08;BGH;Früchte + Gemüse;720;044980;3;;Bd;Spargeln grün, Europa, 1 kg;11.31;33.93;0.88218;8437000507161;0;0;1;;
90032154;63896628;2026-04-08;BGH;Früchte + Gemüse;730;090140;2;;Bt;Frigemo Regiofrites Bärner TK, 4 x 2,5 kg;15.85;126.8;3.2968;7610078043163;0;0;1;;
90032154;63896628;2026-04-08;BGH;Früchte + Gemüse;740;090490;1;;kg;Frigemo Country Cuts, TK, 2 x 2,5 kg;5.84;29.2;0.7592;7610078014736;0;0;1;;
90032154;63896628;2026-04-08;BGH;Früchte + Gemüse;750;091840;1;;kg;Ditzler Blattspinat Portionen, TK, 2 x 2,5 kg;4.31;21.55;0.5603;7610247110726;0;0;1;;
90032154;63896628;2026-04-08;BGH;Früchte + Gemüse;760;092960;1;;kg;Quality Morcheln, TK, 2 x 1 kg;40.16;80.32;2.08832;7610034505896;0;0;1;;
90032154;63896628;2026-04-08;BGH;Früchte + Gemüse;770;004160;2;;kg;Ditzler Asia-Mix Gemüsemischung, TK, 2 x 2,5 kg;6.88;68.8;1.7888;7610247606595;0;0;1;;
90032154;63896628;2026-04-08;BGH;Food;780;410641;10;;Pk;Barilla glutenfreie Penne rigate, 400 g;3.56;35.6;0.9256;8076809545457;0;0;1;;
90032154;63896628;2026-04-08;BGH;Früchte + Gemüse;790;045882;1;;kg;Zwiebeln gross, 10 kg;1.62;16.2;0.4212;7628072003557;0;0;7;;
90032154;63896628;2026-04-08;BGH;Früchte + Gemüse;791;000079;1;;St;Ifco LiftLock;3.2;3.2;0;2000007960008;0;0;0;;
90032154;63896628;2026-04-08;BGH;Food;800;396130;5;;Ds;Raimond Frères MSC Thon rosé in Wasser, 4 x 200 g;2.23;44.6;1.1596;7615900629898;0;0;1;;
90032154;63896628;2026-04-08;BGH;Früchte + Gemüse;810;042592;2;;Ds;Knoblauch Original ganz geschält, 1kg;11.01;22.02;0.57252;3700430300004;0;0;7;;
90032154;63896628;2026-04-08;BGH;Food;820;391311;1;;Ds;Economy Kapern Capotes, 4,350 kg;24.06;24.06;0.62556;7610034524064;0;0;1;;
90032154;63896628;2026-04-08;BGH;Früchte + Gemüse;830;043993;1;3;kg;Peperoncini rot, ca. 3 kg;11.31;33.93;0.88218;2960473999998;0;0;1;;
90032154;63896628;2026-04-08;BGH;Früchte + Gemüse;840;044003;1;3;kg;Peperoncini grün, ca. 3 kg;11.02;33.06;0.85956;2904473999992;0;0;1;;
90032154;63896628;2026-04-08;BGH;Früchte + Gemüse;850;044720;3;;Bd;Salbei Bund, 80 g;4.18;12.54;0.32604;7610632942598;0;0;1;;
90032154;63896628;2026-04-08;BGH;Food;860;510520;10;;Fl;Quality Mayonnaise Squeeze, 865 g;7.49;74.9;1.9474;7610034512658;0;0;1;;
90032154;63896628;2026-04-08;BGH;Metzgerei;870;061244;1;;kg;Economy Chicken Nuggets, geformt, paniert, frittiert, tiefgekühlt, 2 x 2,5 kg;8.42;42.1;1.0946;7610162409851;0;0;7;;
90032154;63896628;2026-04-08;BGH;Nonfood;880;993291;5;;St;Nordic Recycling Schnur 100 m;3.51;17.55;1.42155;7640114343148;0;0;2;;
90032154;63896628;2026-04-08;BGH;Food;890;391200;2;;kg;Economy Langkornreis Parboiled, 10 kg;1.5;30;0.78;7610034535756;0;0;1;;
90032154;63896628;2026-04-08;BGH;Früchte + Gemüse;900;000079;11;;St;Ifco LiftLock;3.2;35.2;0;2000007960008;0;0;0;;
90032154;63896628;2026-04-08;BGH;Früchte + Gemüse;910;000079;2;;St;Ifco LiftLock;3.2;6.4;0;2000007960008;0;0;0;;
90032154;63891027;2026-04-02;BGH;Früchte + Gemüse;10;000079;-27;;St;Ifco LiftLock;3.2;-86.4;0;2000007960008;0;0;0;;
90032154;63891027;2026-04-02;BGH;Nonfood;10;999610;6;;Pk;Thermorolle  80/80/12 mm, Pack zu 5 Rollen;6.72;40.32;3.26592;7610588111086;0;1;2;;
90032154;63891027;2026-04-02;BGH;Nearfood;20;975943;2;;Pk;Cotonette Wischtuch, blau, 60 x 38 cm, 50 St;12.14;24.28;1.96668;5425035596079;0;0;3;;
90032154;63891027;2026-04-02;BGH;Nearfood;30;992093;4;;Pk;Quality Toilettenpapier, 4-lagig, weiss, 160 Blatt, 24 Rl;16.37;65.48;5.30388;7610034532120;0;0;3;;
90032154;63891027;2026-04-02;BGH;Nearfood;40;992830;4;;Kt;Quality Handtuch W-Falz, 2-lagig, weiss, 15 x 125 St;34.05;136.2;11.0322;7610034509610;0;0;3;;
90032154;63891027;2026-04-02;BGH;Nearfood;50;989510;8;;Pk;Duni Servietten, 1/8 Falz, 3-lagig, 40 x 40 cm, weiss, 250 St;13.38;107.04;8.67024;7321012028503;0;0;3;;
90032154;63891027;2026-04-02;BGH;Nonfood;60;981727;6;;Pk;Tragtasche Kraft Uni 22 x 28 cm Pack zu 50 Stück;16.59;99.54;8.06274;4002911871874;0;0;3;;
90032154;63891027;2026-04-02;BGH;Food;70;252870;1;;Sa;Maggi Sauce Demi Glace, 3,5 kg;72.52;72.52;1.88552;9002100007683;0;0;1;;
90032154;63891027;2026-04-02;BGH;Food;80;258660;1;;kg;Knorr Aromat, 5 kg;15.99;79.95;2.0787;7611100066860;0;0;1;;
90032154;63891027;2026-04-02;BGH;Nonfood;90;989812;7;;Pk;Salatschale Karton rund FSC 750 ml Pack zu 50 Stück;18.9;132.3;10.7163;5901360017286;0;0;3;;
90032154;63891027;2026-04-02;BGH;Nonfood;100;989814;7;;Pk;Deckel PP zu Salatschale rund Pack zu 50 Stück;10.44;73.08;5.91948;4010494919753;0;0;3;;
90032154;63891027;2026-04-02;BGH;Food;110;371461;1;;Bt;Economy Pinienkerne, Gastropack, 1 kg;49.16;49.16;1.27816;7610034525979;0;0;1;;
90032154;63891027;2026-04-02;BGH;Food;120;564040;6;;Gl;Bosco d'oro Carpaccio, aus Sommertrüffeln, schwarz, 45 g;18.74;112.44;2.92344;8032680690549;0;0;1;;
90032154;63891027;2026-04-02;BGH;Food;130;400600;1;;Ds;Economy Gurken, längsschnitt, 4 kg;13.37;13.37;0.34762;7610034513204;0;0;1;;
90032154;63891027;2026-04-02;BGH;Früchte + Gemüse;140;042007;4;;St;Gurken 400 - 500 g / St, 12 St;1.16;55.68;1.44768;7610632995013;0;0;1;;
90032154;63891027;2026-04-02;BGH;Food;150;396130;5;;Ds;Raimond Frères MSC Thon rosé in Wasser, 4 x 200 g;2.23;44.6;1.1596;7615900629898;0;0;1;;
90032154;63891027;2026-04-02;BGH;Food;160;100070;1;;Lt;Economy Frittieröl, 20 l;4.45;89;2.314;7610034508873;0;0;1;;
90032154;63891027;2026-04-02;BGH;Food;170;100080;1;;Lt;Quality Rapsöl, 20 l;3.48;69.6;1.8096;7610034515147;0;0;1;;
90032154;63891027;2026-04-02;BGH;Food;180;399043;2;;Gl;Majestic grüner Pfeffer, 6 x 100 g;3.12;37.44;0.97344;7615900012768;0;1;1;;
90032154;63891027;2026-04-02;BGH;Food;190;234790;3;;kg;Carnaroli Risottoreis, 5 kg;4.43;66.45;1.7277;7610815101835;0;0;1;;
90032154;63891027;2026-04-02;BGH;Nonfood;200;991230;2;;Rl;Jet-Cut Frischhaltefolie PVC Refill 45 cm x 500 m;31.71;63.42;5.13702;7610222700348;0;0;2;;
90032154;63891027;2026-04-02;BGH;Molkerei/Backwaren;210;008700;3;;kg;Quality Vollei flüssig Import, Bodenhaltung, pasteurisiert, 10 kg;6.78;203.4;5.2884;4388040268236;0;0;1;;
90032154;63891027;2026-04-02;BGH;Molkerei/Backwaren;220;024440;4;;Tp;Quality Vollrahm 35%, UHT, 12 x 1 l;5.84;280.32;7.28832;7610034505315;0;0;1;;
90032154;63891027;2026-04-02;BGH;Molkerei/Backwaren;230;095821;5;;kg;Natura Plus Eiweiss flüssig Schweiz, Freiland, 1 kg;8.32;41.6;1.0816;7640104165002;0;0;7;;
90032154;63891027;2026-04-02;BGH;Molkerei/Backwaren;240;012201;7;;Bt;Economy Gran Moravia, gehobelt, 500 g;8.7;60.9;1.5834;4388040201172;0;0;7;;
90032154;63891027;2026-04-02;BGH;Molkerei/Backwaren;250;016601;7;;kg;Quality Grana Padano DOP, gerieben, 1 kg;16.73;117.11;3.04486;4388040340352;0;0;7;;
90032154;63891027;2026-04-02;BGH;Molkerei/Backwaren;260;019481;6;;Be;Galbani Mascarpone, 500 g;7.65;45.9;1.1934;8000430171013;0;0;1;;
90032154;63891027;2026-04-02;BGH;Molkerei/Backwaren;270;019631;1;;Be;Philadelphia, 1,65 kg;19.75;19.75;0.5135;4000339034840;0;0;1;;
90032154;63891027;2026-04-02;BGH;Früchte + Gemüse;280;046922;4;;Sc;Blueberries, 500 g;7.89;31.56;0.82056;7610632010297;0;0;1;;
90032154;63891027;2026-04-02;BGH;Früchte + Gemüse;290;043957;7;;Sc;Patisson Mini Gemüse, ca. 9 St;7.31;51.17;1.33042;7610632991541;0;0;1;;
90032154;63891027;2026-04-02;BGH;Früchte + Gemüse;300;045777;7;;Sc;Zucchetti Mini-Gemüse ohne Blüte, ca. 5 - 6 Stück;7.77;54.39;1.41414;7610632991527;0;0;1;;
90032154;63891027;2026-04-02;BGH;Früchte + Gemüse;310;044667;7;;Sc;Mini Rüebli / Karotten mit Laubansatz, ca. 200 g;7.01;49.07;1.27582;7610632955345;0;0;1;;
90032154;63891027;2026-04-02;BGH;Früchte + Gemüse;320;044139;1;;kg;Peperoni Mini Mix, 3 kg;8.48;25.44;0.66144;7610632970782;0;0;1;;
90032154;63891027;2026-04-02;BGH;Früchte + Gemüse;330;044540;4;;kg;Rucola / Rauke ungewaschen, 1 kg;12.9;51.6;1.3416;7610514613219;0;0;1;;
90032154;63891027;2026-04-02;BGH;Früchte + Gemüse;340;044643;3;;Bt;Quality Rüebli- Karotten Julienne, 1,6 mm, 1 kg;4.7;14.1;0.3666;7610034507050;0;0;1;;
90032154;63891027;2026-04-02;BGH;Früchte + Gemüse;350;044611;1;;kg;Rüebli / Karotten Gastro, gewaschen, Inland, 10 kg;1.71;17.1;0.4446;7628072012832;0;0;1;;
90032154;63891027;2026-04-02;BGH;Früchte + Gemüse;351;000079;1;;St;Ifco LiftLock;3.2;3.2;0;2000007960008;0;0;0;;
90032154;63891027;2026-04-02;BGH;Früchte + Gemüse;360;045882;1;;kg;Zwiebeln gross, 10 kg;1.62;16.2;0.4212;7628072003557;0;0;7;;
90032154;63891027;2026-04-02;BGH;Früchte + Gemüse;361;000079;1;;St;Ifco LiftLock;3.2;3.2;0;2000007960008;0;0;0;;
90032154;63891027;2026-04-02;BGH;Food;370;401611;1;;Pk;Chaokoh Kokosnussmilch UHT, 12 x 1 l;4.16;49.92;1.29792;18850813120155;0;1;1;;
90032154;63891027;2026-04-02;BGH;Früchte + Gemüse;380;045707;4;;kg;Zucchetti, 5 kg;2.48;49.6;1.2896;7610632980545;0;1;1;;
90032154;63891027;2026-04-02;BGH;Früchte + Gemüse;390;040257;3;;kg;Auberginen, 5 kg;3.47;52.05;1.3533;7610632977958;0;0;1;;
90032154;63891027;2026-04-02;BGH;Früchte + Gemüse;400;044107;2;;kg;Peperoni Tricolor, Import, 5 kg;5.53;55.3;1.4378;7610632977132;0;0;1;;
90032154;63891027;2026-04-02;BGH;Früchte + Gemüse;401;000079;2;;St;Ifco LiftLock;3.2;6.4;0;2000007960008;0;0;0;;
90032154;63891027;2026-04-02;BGH;Früchte + Gemüse;410;044058;1;;kg;Peperoni rot, Import, 5 kg;5.01;25.05;0.6513;7610632977224;0;0;1;;
90032154;63891027;2026-04-02;BGH;Food;420;512030;1;;Ke;Quality Paprika mild, 2,5 kg;28.66;28.66;0.74516;7617600009680;0;1;1;;
90032154;63891027;2026-04-02;BGH;Früchte + Gemüse;430;044980;6;;Bd;Spargeln grün, Europa, 1 kg;9.85;59.1;1.5366;8437000507161;0;1;1;;
90032154;63891027;2026-04-02;BGH;Molkerei/Backwaren;440;027310;1;;kg;Economy Butter, 10 x 1 kg;13.22;132.2;3.4372;7610034508224;0;0;1;;
90032154;63891027;2026-04-02;BGH;Molkerei/Backwaren;450;012383;1;1.531;kg;Defendi Gorgonzola San Antonio DOP, 1/4 Laib ca. 1,5 kg;15.46;23.66926;0.61540076;2902117999995;0;0;1;;
90032154;63891027;2026-04-02;BGH;Molkerei/Backwaren;460;025030;2;;Kt;Emmi Kaffeerahm Portionen, UHT, 200 x 12 g;12.63;25.26;0.65676;7610900113743;0;0;1;;
90032154;63891027;2026-04-02;BGH;Molkerei/Backwaren;470;018891;4;;Ds;Ömür Hirtenkäse 55%, 800 g;7.92;31.68;0.82368;4002566002449;0;1;1;;
90032154;63891027;2026-04-02;BGH;Molkerei/Backwaren;480;013702;1;3.22;kg;Quality Raclette, eckig, 1/2 Laib ca. 3,2 kg;11.02;35.4844;0.9225944;2953272999993;0;0;1;;
90032154;63891027;2026-04-02;BGH;Früchte + Gemüse;490;044006;2;;Sc;Peperoncini grün, 500 g;6.07;12.14;0.31564;7610632961308;0;0;1;;
90032154;63891027;2026-04-02;BGH;Früchte + Gemüse;500;040329;4;;Bt;Basilikum, 1 kg;29.39;117.56;3.05656;7610632989975;0;0;1;;
90032154;63891027;2026-04-02;BGH;Früchte + Gemüse;510;043598;2;;Bt;Minze, 250 g;8.72;17.44;0.45344;7610632977873;0;0;1;;
90032154;63891027;2026-04-02;BGH;Früchte + Gemüse;520;044156;4;;Bt;Petersilie gekraust, gepackt, 500 g;7.31;29.24;0.76024;7610632995082;0;0;1;;
90032154;63891027;2026-04-02;BGH;Food;530;512330;3;;Bt;Quality Petersilie, 110 g;4.9;14.7;0.3822;7610034520943;0;1;1;;
90032154;63891027;2026-04-02;BGH;Früchte + Gemüse;540;045186;4;;Bd;Thymian Bund, 80 g;4.18;16.72;0.43472;7610632942604;0;0;1;;
90032154;63891027;2026-04-02;BGH;Früchte + Gemüse;550;090490;1;;kg;Frigemo Country Cuts, TK, 2 x 2,5 kg;5.84;29.2;0.7592;7610078014736;0;0;1;;
90032154;63891027;2026-04-02;BGH;Früchte + Gemüse;560;049135;4;;kg;Champignons weiss, frisch, 1 kg;6.83;27.32;0.71032;7610632995211;0;1;1;;
90032154;63891027;2026-04-02;BGH;Früchte + Gemüse;570;040968;4;;kg;Cherry Tomaten Rispen, 3 kg;5.64;67.68;1.75968;7610632949894;0;1;1;;
90032154;63891027;2026-04-02;BGH;Früchte + Gemüse;580;045278;1;;kg;Tomaten rund, Import, Kaliber 57 - 77 mm, 6 kg;5.36;32.16;0.83616;7610632979297;0;0;1;;
90032154;63891027;2026-04-02;BGH;Metzgerei;590;002409;5;7.702;kg;Rinds-Filetspitz Kopf II, ca. 1,5 kg;39.5;304.229;7.909954;97610100000006;0;0;1;;
90032154;63891027;2026-04-02;BGH;Metzgerei;600;001494;3;8.005;kg;Bell Poulet-Brust ohne Haut ohne Innenfilet, 150-170 g, ca. 2,5 kg;22.28;178.3514;4.6371364;97610011946196;0;0;1;;
90032154;63891027;2026-04-02;BGH;Metzgerei;610;001977;1;3.38;kg;Quality GGAP Lachs Filet, ohne Haut, deepskin, grätenarm, ca. 1,2 - 1,4 kg;21.73;73.4474;1.9096324;97610162230472;0;1;1;;
90032154;63891027;2026-04-02;BGH;Metzgerei;620;001976;1;3.406;kg;Quality GGAP Lachs Filet, mit Haut, grätenarm, ca. 1,0 - 1,4 kg;20.74;70.64044;1.83665144;97610162230489;0;0;1;;
90032154;63891027;2026-04-02;BGH;Früchte + Gemüse;630;090140;3;;Bt;Frigemo Regiofrites Bärner TK, 4 x 2,5 kg;15.85;190.2;4.9452;7610078043163;0;0;1;;
90032154;63891027;2026-04-02;BGH;Metzgerei;640;054036;1;10.062;kg;Quality Dorsch Filet Nordstar, ohne Haut, grätenarm, ca. 100 - 200 g, ca. 1 kg;17.42;175.28004;4.55728104;97610162402633;0;0;7;;
90032154;63891027;2026-04-02;BGH;Früchte + Gemüse;650;092930;2;;kg;Picosa Steinpilze Würfel, 2 x 2 cm, TK, 2 x 1 kg;23.43;93.72;2.43672;7610473071204;0;0;1;;
90032154;63891027;2026-04-02;BGH;Metzgerei;660;080430;1;;kg;ASC Goldbrassen Filet, mit Haut, grätenarm, ca. 140 - 160 g, tiefgekühlt, 5 kg;16.73;83.65;2.1749;7610034516335;0;1;1;;
90032154;63891027;2026-04-02;BGH;Nearfood;670;973485;5;;Bt;Economy Allzwecktuch, blau, 38 x 40 cm, 4 x 10 St;3.27;65.4;5.2974;7610034510340;0;0;3;;
90032154;63891027;2026-04-02;BGH;Früchte + Gemüse;680;000079;2;;St;Ifco LiftLock;3.2;6.4;0;2000007960008;0;0;0;;
90032154;63891027;2026-04-02;BGH;Früchte + Gemüse;690;000079;22;;St;Ifco LiftLock;3.2;70.4;0;2000007960008;0;0;0;;
90032154;63891027;2026-04-02;BGH;Früchte + Gemüse;700;000079;9;;St;Ifco LiftLock;3.2;28.8;0;2000007960008;0;0;0;;
90032154;63876352;2026-03-27;BGH;Früchte + Gemüse;10;000079;-32;;St;Ifco LiftLock;3.2;-102.4;0;2000007960008;0;0;0;;
90032154;63876352;2026-03-27;BGH;Metzgerei;10;001986;1;10.268;kg;Quality MSC Dorsch Filet Nordstar, ohne Haut, grätenarm, ca. 70 - 200 g, ca. 1 kg;21.29;218.60572;5.68374872;97610011977282;0;0;1;;
90032154;63876352;2026-03-27;BGH;Metzgerei;10;054350;1;18.778;kg;Yellowfin Thunfisch Filet, Mittelstück, Sashimiqualität, ready-to-eat, 2 x ca. 1,5 kg;23.66;444.28748;11.55147448;2905435999999;0;1;7;;
90032154;63876352;2026-03-27;BGH;Metzgerei;20;001494;3;7.805;kg;Bell Poulet-Brust ohne Haut ohne Innenfilet, 150-170 g, ca. 2,5 kg;19.3;150.6365;3.916549;97610011946196;0;1;1;;
90032154;63876352;2026-03-27;BGH;Früchte + Gemüse;20;094403;2;;kg;Quality Bohnen mittelfein, Schweiz, TK, 2 x 2,5 kg;3.12;31.2;0.8112;7610034505537;0;1;1;;
90032154;63876352;2026-03-27;BGH;Metzgerei;30;001488;4;10.3;kg;Bell Poulet Schenkel Voressen, ca. 2,5 kg;15.83;163.049;4.239274;97610011947483;0;1;1;;
90032154;63876352;2026-03-27;BGH;Früchte + Gemüse;30;092505;1;;kg;Economy Himbeeren, TK, 2 x 2,5 kg;12.64;63.2;1.6432;7610034512085;0;0;1;;
90032154;63876352;2026-03-27;BGH;Food;40;511501;3;;Ds;Economy Oliven schwarz entsteint, 4,25 kg;13.72;41.16;1.07016;4388040253720;0;0;1;;
90032154;63876352;2026-03-27;BGH;Food;50;245060;1;;Ds;Hero Golden Sweet Corn - Süssmais, 6 x 2,215 kg;11.63;69.78;1.81428;7614200510134;0;0;1;;
90032154;63876352;2026-03-27;BGH;Metzgerei;60;002409;3;4.695;kg;Rinds-Filetspitz Kopf II, ca. 1,5 kg;39.5;185.4525;4.821765;97610100000006;0;0;1;;
90032154;63876352;2026-03-27;BGH;Früchte + Gemüse;70;044540;1;;kg;Rucola / Rauke ungewaschen, 1 kg;12.9;12.9;0.3354;7610514613219;0;0;1;;
90032154;63876352;2026-03-27;BGH;Früchte + Gemüse;80;044536;3;;Bd;Rosmarin Bund, 80 g;4.18;12.54;0.32604;7610632942581;0;0;1;;
90032154;63876352;2026-03-27;BGH;Früchte + Gemüse;90;044156;2;;Bt;Petersilie gekraust, gepackt, 500 g;7.31;14.62;0.38012;7610632995082;0;0;1;;
90032154;63876352;2026-03-27;BGH;Früchte + Gemüse;100;043598;1;;Bt;Minze, 250 g;8.72;8.72;0.22672;7610632977873;0;0;1;;
90032154;63876352;2026-03-27;BGH;Food;110;100070;1;;Lt;Economy Frittieröl, 20 l;4.45;89;2.314;7610034508873;0;0;1;;
90032154;63876352;2026-03-27;BGH;Molkerei/Backwaren;120;022600;1;;Tp;Quality Vollmilch 3,5%, UHT, 12 x 1 l;1.27;15.24;0.39624;7610034507807;0;0;1;;
90032154;63876352;2026-03-27;BGH;Molkerei/Backwaren;130;024440;3;;Tp;Quality Vollrahm 35%, UHT, 12 x 1 l;5.84;210.24;5.46624;7610034505315;0;0;1;;
90032154;63876352;2026-03-27;BGH;Molkerei/Backwaren;140;024791;2;;Ds;Floralp Vollrahm 35%, ohne Zucker, UHT, 500 g;7.96;15.92;0.41392;7612300013166;0;0;7;;
90032154;63876352;2026-03-27;BGH;Früchte + Gemüse;150;046240;1;;St;Ananas Schiff, ca. 1,5 kg;3.51;3.51;0.09126;5425003611179;0;0;1;;
90032154;63876352;2026-03-27;BGH;Früchte + Gemüse;160;049135;4;;kg;Champignons weiss, frisch, 1 kg;6.83;27.32;0.71032;7610632995211;0;1;1;;
90032154;63876352;2026-03-27;BGH;Früchte + Gemüse;170;049127;4;;Kt;Champignons braun, frisch, 1 kg;7.52;30.08;0.78208;7610473014843;0;1;1;;
90032154;63876352;2026-03-27;BGH;Food;180;234790;3;;kg;Carnaroli Risottoreis, 5 kg;4.43;66.45;1.7277;7610815101835;0;0;1;;
90032154;63876352;2026-03-27;BGH;Food;190;100080;1;;Lt;Quality Rapsöl, 20 l;3.48;69.6;1.8096;7610034515147;0;0;1;;
90032154;63876352;2026-03-27;BGH;Früchte + Gemüse;200;046594;2;;Be;Avocado Purée / Guacamole, 500 g;5.64;11.28;0.29328;8436008521063;0;1;1;;
90032154;63876352;2026-03-27;BGH;Früchte + Gemüse;210;046598;1;;St;Economy Avocados, 18 Stück;1.48;26.64;0.69264;7613399055785;0;0;7;;
90032154;63876352;2026-03-27;BGH;Früchte + Gemüse;220;048823;1;;kg;Zitronen, 15 kg;2.23;33.45;0.8697;7610632071045;0;1;1;;
90032154;63876352;2026-03-27;BGH;Früchte + Gemüse;221;000079;1;;St;Ifco LiftLock;3.2;3.2;0;2000007960008;0;0;0;;
90032154;63876352;2026-03-27;BGH;Molkerei/Backwaren;230;016601;8;;kg;Quality Grana Padano DOP, gerieben, 1 kg;16.73;133.84;3.47984;4388040340352;0;0;7;;
90032154;63876352;2026-03-27;BGH;Food;240;564090;2;;Fl;Bosco d'oro Olivenöl mit Trüffelaroma, 250 ml;18.62;37.24;0.96824;8032680690303;0;0;1;;
90032154;63876352;2026-03-27;BGH;Food;250;564040;3;;Gl;Bosco d'oro Carpaccio, aus Sommertrüffeln, schwarz, 45 g;18.74;56.22;1.46172;8032680690549;0;0;1;;
90032154;63876352;2026-03-27;BGH;Molkerei/Backwaren;260;096400;1;;St;Backhefe, Würfel, 24 x 42 g;0.29;6.96;0.18096;7610926000515;0;0;1;;
90032154;63876352;2026-03-27;BGH;Früchte + Gemüse;270;041241;4;;St;Eichblattsalat rot / grün Schweiz Hydro, gemischt, 8 St;2.18;69.76;1.81376;7613399058038;0;0;7;;
90032154;63876352;2026-03-27;BGH;Früchte + Gemüse;271;000079;4;;St;Ifco LiftLock;3.2;12.8;0;2000007960008;0;0;0;;
90032154;63876352;2026-03-27;BGH;Früchte + Gemüse;280;045358;2;;kg;Tomaten mit Rispen Import, 5 kg;3.66;36.6;0.9516;7610632977002;0;1;1;;
90032154;63876352;2026-03-27;BGH;Früchte + Gemüse;290;040968;3;;kg;Cherry Tomaten Rispen, 3 kg;6.59;59.31;1.54206;7610632949894;0;0;1;;
90032154;63876352;2026-03-27;BGH;Metzgerei;300;032340;3;;Bt;Pizoler Sauce Steak Tatar, tiefgekühlt, Italien, 6 x 500 g;5.84;105.12;2.73312;7611521933314;0;0;1;;
90032154;63876352;2026-03-27;BGH;Metzgerei;310;053620;3;;St;Bell Beefsteak Tatar, Portionen, tiefgekühlt, 10 x 140 g;4.25;127.5;3.315;7610011021111;0;0;1;;
90032154;63876352;2026-03-27;BGH;Metzgerei;320;081540;4;11.437;kg;Quality Bratspeck ohne Schwarte, ohne Knorpel, 1/1, ca. 3 kg;12.86;147.07982;3.82407532;2945670999996;0;1;1;;
90032154;63876352;2026-03-27;BGH;Früchte + Gemüse;330;090140;2;;Bt;Frigemo Regiofrites Bärner TK, 4 x 2,5 kg;15.85;126.8;3.2968;7610078043163;0;0;1;;
90032154;63876352;2026-03-27;BGH;Food;340;560280;1;;kg;JuraSel Speisesalz mit Jod, 25 kg;0.68;17;0.442;7610039000242;0;0;1;;
90032154;63876352;2026-03-27;BGH;Früchte + Gemüse;350;093791;4;;Gl;Perlen Balsamico-Essig, 200 g;12.92;51.68;1.34368;3467740093926;0;1;1;;
90032154;63876352;2026-03-27;BGH;Früchte + Gemüse;360;040257;1;;kg;Auberginen, 5 kg;4.07;20.35;0.5291;7610632977958;0;0;1;;
90032154;63876352;2026-03-27;BGH;Früchte + Gemüse;370;045707;1;;kg;Zucchetti, 5 kg;3.18;15.9;0.4134;7610632980545;0;0;1;;
90032154;63876352;2026-03-27;BGH;Früchte + Gemüse;380;044107;1;;kg;Peperoni Tricolor, Import, 5 kg;5.59;27.95;0.7267;7610632977132;0;0;1;;
90032154;63876352;2026-03-27;BGH;Früchte + Gemüse;381;000079;1;;St;Ifco LiftLock;3.2;3.2;0;2000007960008;0;0;0;;
90032154;63876352;2026-03-27;BGH;Metzgerei;390;001977;1;2.216;kg;Quality GGAP Lachs Filet, ohne Haut, deepskin, grätenarm, ca. 1,2 - 1,4 kg;23.75;52.63;1.36838;97610162230472;0;0;1;;
90032154;63876352;2026-03-27;BGH;Food;400;110060;1;;Pk;Feinkristallzucker, 10 x 1 kg;1.36;13.6;0.3536;7610034510661;0;0;1;;
90032154;63876352;2026-03-27;BGH;Food;410;247372;2;;Bi;Mae Ploy Sweet Chili Sauce, 5,9 kg;16.71;33.42;0.86892;8850367990207;0;0;1;;
90032154;63876352;2026-03-27;BGH;Food;420;580760;2;;Fl;Lee Kum Kee Hoisin Sauce, 2,45 kg;12.57;25.14;0.65364;078895124873;0;0;1;;
90032154;63876352;2026-03-27;BGH;Früchte + Gemüse;430;048109;1;;kg;Orangen blond, 7 kg;1.78;12.46;0.32396;7610632471906;0;1;1;;
90032154;63876352;2026-03-27;BGH;Früchte + Gemüse;431;000079;1;;St;Ifco LiftLock;3.2;3.2;0;2000007960008;0;0;0;;
90032154;63876352;2026-03-27;BGH;Nonfood;440;991237;2;;Pk;Backstar Backpapier GN 1/1 53 x 32,5 cm Pack zu 300 Bogen;30.98;61.96;5.01876;7610222012854;0;0;2;;
90032154;63876352;2026-03-27;BGH;Metzgerei;450;078299;1;1.437;kg;Quality Truten Brust geräucht, gekocht, Frankreich, 1/3, ca. 1,3 kg;19.11;27.46107;0.71398782;2949556999995;0;0;1;;
90032154;63876352;2026-03-27;BGH;Molkerei/Backwaren;460;005010;1;;kg;Quality Joghurt Nature, 3 kg;2.44;7.32;0.19032;7610034534230;0;0;7;;
90032154;63876352;2026-03-27;BGH;Metzgerei;470;068151;10;;kg;Economy ASC Crevetten Black Tiger, geschält, entdarmt, 8/12, tiefgekühlt, 1 kg;20.69;206.9;5.3794;7610034523548;0;0;7;;
90032154;63876352;2026-03-27;BGH;Metzgerei;480;002113;10;20.445;kg;Schweins-Kotelettenstück, ohne Strähl, ca. 2 kg;10.39;212.42355;5.5230123;97610011844119;0;1;1;;
90032154;63876352;2026-03-27;BGH;Früchte + Gemüse;490;000079;1;;St;Ifco LiftLock;3.2;3.2;0;2000007960008;0;0;0;;
90032154;63876352;2026-03-27;BGH;Früchte + Gemüse;500;000079;4;;St;Ifco LiftLock;3.2;12.8;0;2000007960008;0;0;0;;
90032154;63876352;2026-03-27;BGH;Früchte + Gemüse;510;000079;3;;St;Ifco LiftLock;3.2;9.6;0;2000007960008;0;0;0;;
90032154;63871665;2026-03-25;BGH;Früchte + Gemüse;10;000079;-24;;St;Ifco LiftLock;3.2;-76.8;0;2000007960008;0;0;0;;
90032154;63871665;2026-03-25;BGH;Molkerei/Backwaren;10;006710;1;;kg;Hilcona Pasta Classic Tortelloni Tricolore e 3 Formaggi, tiefgekühlt, 2 x 2 kg;11.31;45.24;1.17624;7610227459807;0;0;1;;
90032154;63871665;2026-03-25;BGH;Nonfood;10;983370;5;;St;Gebührensack Bern 35 l Rolle zu 10 Säcke;13.27;66.35;5.37435;7629999001183;0;0;2;;
90032154;63871665;2026-03-25;BGH;Molkerei/Backwaren;20;019372;2;;St;Soignon Bûche de chèvre, Weichkäse, 1 kg;16.86;33.72;0.87672;3523237481000;0;0;1;;
90032154;63871665;2026-03-25;BGH;Molkerei/Backwaren;30;019372;2;;St;Soignon Bûche de chèvre, Weichkäse, 1 kg;16.86;33.72;0.87672;3523237481000;0;0;1;;
90032154;63871665;2026-03-25;BGH;Nearfood;30;997030;3;;Kt;Quality Handtuch V-Falz, 2-lagig, weiss, 12 x 175 St;24.05;72.15;5.84415;7610034509603;0;1;3;;
90032154;63871665;2026-03-25;BGH;Nearfood;40;989510;8;;Pk;Duni Servietten, 1/8 Falz, 3-lagig, 40 x 40 cm, weiss, 250 St;13.38;107.04;8.67024;7321012028503;0;0;3;;
90032154;63871665;2026-03-25;BGH;Nearfood;50;975943;10;;Pk;Cotonette Wischtuch, blau, 60 x 38 cm, 50 St;12.14;121.4;9.8334;5425035596079;0;0;3;;
90032154;63871665;2026-03-25;BGH;Nonfood;70;993032;8;;Pk;Quality Besteckset Holz FSC 3 in 1 Pack zu 100 Set;9.3;74.4;6.0264;7610034528123;0;1;3;;
90032154;63871665;2026-03-25;BGH;Nonfood;80;963052;8;;Pk;Trinkhalm Papier schwarz 15 cm Ø 8 mm Pack zu 150 Stück;3.85;30.8;2.4948;7610588102466;0;0;3;;
90032154;63871665;2026-03-25;BGH;Nonfood;90;902275;4;;Pk;Trinkhalm Papier, schwarz, 21 cm, Ø 6 mm, Pack zu 150 Stück;4.29;17.16;1.38996;7610588101964;0;0;3;;
90032154;63871665;2026-03-25;BGH;Food;100;510520;6;;Fl;Quality Mayonnaise Squeeze, 865 g;7.49;44.94;1.16844;7610034512658;0;0;1;;
90032154;63871665;2026-03-25;BGH;Nonfood;110;986182;6;;St;Budelle Weinkrug, 5 dl geeicht;23.02;138.12;11.18772;017400026103;0;0;2;;
90032154;63871665;2026-03-25;BGH;Nonfood;120;998035;4;;St;ProChef Flaschenkühler doppelwandig aus Chronmickelstahl 18/8 0.75 l;20.82;83.28;6.74568;7611602094316;0;0;3;;
90032154;63871665;2026-03-25;BGH;Food;130;100070;2;;Lt;Economy Frittieröl, 20 l;4.45;178;4.628;7610034508873;0;0;1;;
90032154;63871665;2026-03-25;BGH;Food;140;100080;2;;Lt;Quality Rapsöl, 20 l;3.48;139.2;3.6192;7610034515147;0;0;1;;
90032154;63871665;2026-03-25;BGH;Nonfood;150;989812;7;;Pk;Salatschale Karton rund FSC 750 ml Pack zu 50 Stück;18.9;132.3;10.7163;5901360017286;0;0;3;;
90032154;63871665;2026-03-25;BGH;Nonfood;160;989814;7;;Pk;Deckel PP zu Salatschale rund Pack zu 50 Stück;10.44;73.08;5.91948;4010494919753;0;0;3;;
90032154;63871665;2026-03-25;BGH;Food;170;110060;1;;Pk;Feinkristallzucker, 10 x 1 kg;1.36;13.6;0.3536;7610034510661;0;0;1;;
90032154;63871665;2026-03-25;BGH;Food;180;396130;5;;Ds;Raimond Frères MSC Thon rosé in Wasser, 4 x 200 g;2.23;44.6;1.1596;7615900629898;0;0;1;;
90032154;63871665;2026-03-25;BGH;Food;190;570732;1;;Pk;Gogi Tempura Mehl, 24 x 150 g;1.49;35.76;0.92976;2057073200002;0;0;1;;
90032154;63871665;2026-03-25;BGH;Food;200;410641;10;;Pk;Barilla glutenfreie Penne rigate, 400 g;3.56;35.6;0.9256;8076809545457;0;0;1;;
90032154;63871665;2026-03-25;BGH;Food;210;410031;3;;kg;Barilla Penne Rigate, n° 73, 5 kg;3.72;55.8;1.4508;8076800035735;0;0;1;;
90032154;63871665;2026-03-25;BGH;Food;220;101610;2;;Fl;Kressi Kräuteressig, 3 x 1 l;3.86;23.16;0.60216;7615200010938;0;0;1;;
90032154;63871665;2026-03-25;BGH;Food;230;400600;1;;Ds;Economy Gurken, längsschnitt, 4 kg;13.37;13.37;0.34762;7610034513204;0;0;1;;
90032154;63871665;2026-03-25;BGH;Food;240;399043;1;;Gl;Majestic grüner Pfeffer, 6 x 100 g;3.75;22.5;0.585;7615900012768;0;0;1;;
90032154;63871665;2026-03-25;BGH;Food;250;512280;1;;Bt;Quality Pfeffer schwarz ganz, 800 g;19.58;19.58;0.50908;7610034518285;0;0;1;;
90032154;63871665;2026-03-25;BGH;Food;260;564040;6;;Gl;Bosco d'oro Carpaccio, aus Sommertrüffeln, schwarz, 45 g;18.74;112.44;2.92344;8032680690549;0;0;1;;
90032154;63871665;2026-03-25;BGH;Food;270;512330;2;;Bt;Quality Petersilie, 110 g;6.04;12.08;0.31408;7610034520943;0;0;1;;
90032154;63871665;2026-03-25;BGH;Food;280;512530;2;;Ds;Quality Herbes de Provence, 175 g;7.94;15.88;0.41288;7610034518681;0;0;1;;
90032154;63871665;2026-03-25;BGH;Food;290;512360;1;;Ds;Quality Estragon geschnitten, 110 g;10.51;10.51;0.27326;7610034519381;0;0;1;;
90032154;63871665;2026-03-25;BGH;Food;300;560280;1;;kg;JuraSel Speisesalz mit Jod, 25 kg;0.68;17;0.442;7610039000242;0;0;1;;
90032154;63871665;2026-03-25;BGH;Früchte + Gemüse;310;090140;2;;Bt;Frigemo Regiofrites Bärner TK, 4 x 2,5 kg;15.85;126.8;3.2968;7610078043163;0;0;1;;
90032154;63871665;2026-03-25;BGH;Früchte + Gemüse;320;094400;1;;kg;Quality Blattspinat-Portionen, TK, 2 x 2,5 kg;3.75;18.75;0.4875;7610034505506;0;0;1;;
90032154;63871665;2026-03-25;BGH;Früchte + Gemüse;330;092960;1;;kg;Quality Morcheln, TK, 2 x 1 kg;33.17;66.34;1.72484;7610034505896;0;1;1;;
90032154;63871665;2026-03-25;BGH;Metzgerei;340;001992;1;5.085;kg;Quality GGAP Goldbrassen Filet, mit Haut, grätenarm, ca. 90-140 g, ca. 1 kg;26.33;133.88805;3.4810893;97610162283126;0;0;1;;
90032154;63871665;2026-03-25;BGH;Metzgerei;350;002409;5;7.699;kg;Rinds-Filetspitz Kopf II, ca. 1,5 kg;39.5;304.1105;7.906873;97610100000006;0;0;1;;
90032154;63871665;2026-03-25;BGH;Metzgerei;360;001494;5;13.145;kg;Bell Poulet-Brust ohne Haut ohne Innenfilet, 150-170 g, ca. 2,5 kg;19.3;253.6985;6.596161;97610011946196;0;1;1;;
90032154;63871665;2026-03-25;BGH;Metzgerei;370;001977;1;3.484;kg;Quality GGAP Lachs Filet, ohne Haut, deepskin, grätenarm, ca. 1,2 - 1,4 kg;23.75;82.745;2.15137;97610162230472;0;0;1;;
90032154;63871665;2026-03-25;BGH;Metzgerei;380;001976;1;2.182;kg;Quality GGAP Lachs Filet, mit Haut, grätenarm, ca. 1,0 - 1,4 kg;21.68;47.30576;1.22994976;97610162230489;0;0;1;;
90032154;63871665;2026-03-25;BGH;Metzgerei;390;086133;1;1.367;kg;Quality Bündnerfleisch Eckstück, Deutschland/Österreich, 1/2 ca. 1,5 kg;56.93;77.82331;2.02340606;2965474999992;0;0;1;;
90032154;63871665;2026-03-25;BGH;Metzgerei;400;002097;1;3.902;kg;Kalbs-Nierstück, lang, ca. 3,5 kg;51.98;202.82596;5.27347496;97610011044090;0;0;1;;
90032154;63871665;2026-03-25;BGH;Food;410;349611;2;;Kt;Hardy's Hüppen Topolinos, 300 Stück;26.43;52.86;1.37436;7610666001025;0;1;1;;
90032154;63871665;2026-03-25;BGH;Food;420;580230;5;;Bt;Le Dragon Panko Paniermehl, 1 kg;4.9;24.5;0.637;7613324116680;0;1;1;;
90032154;63871665;2026-03-25;BGH;Food;430;481651;6;;Ds;Mutti Tomatenmark zweifach konzentriert, 880 g;5.7;34.2;0.8892;8005110020001;0;0;1;;
90032154;63871665;2026-03-25;BGH;Metzgerei;440;074509;2;7.734;kg;Quality Fleischkäse 1/1, ca. 3,5 kg;9.8;75.7932;1.9706232;2969954999991;0;0;1;;
90032154;63871665;2026-03-25;BGH;Früchte + Gemüse;450;045882;2;;kg;Zwiebeln gross, 10 kg;1.34;26.8;0.6968;7628072003557;0;1;7;;
90032154;63871665;2026-03-25;BGH;Früchte + Gemüse;451;000079;2;;St;Ifco LiftLock;3.2;6.4;0;2000007960008;0;0;0;;
90032154;63871665;2026-03-25;BGH;Früchte + Gemüse;460;040401;2;;kg;Baked Potatoes, festkochend, 10 kg;1.59;31.8;0.8268;7628072012900;0;0;1;;
90032154;63871665;2026-03-25;BGH;Früchte + Gemüse;461;000079;2;;St;Ifco LiftLock;3.2;6.4;0;2000007960008;0;0;0;;
90032154;63871665;2026-03-25;BGH;Molkerei/Backwaren;470;022600;2;;Tp;Quality Vollmilch 3,5%, UHT, 12 x 1 l;1.27;30.48;0.79248;7610034507807;0;0;1;;
90032154;63871665;2026-03-25;BGH;Molkerei/Backwaren;480;024440;3;;Tp;Quality Vollrahm 35%, UHT, 12 x 1 l;5.84;210.24;5.46624;7610034505315;0;0;1;;
90032154;63871665;2026-03-25;BGH;Molkerei/Backwaren;490;095210;2;;St;Eier Import, Bodenhaltung, 53g+, 90 Stück;0.4;72;1.872;7640104163138;0;0;1;;
90032154;63871665;2026-03-25;BGH;Molkerei/Backwaren;500;016781;6;;Sc;Quality Grana Padano DOP, Flocken, 500 g;9.86;59.16;1.53816;2001678190008;0;0;7;;
90032154;63871665;2026-03-25;BGH;Molkerei/Backwaren;510;010201;10;;Bt;Economy Gran Moravia, gerieben, 1 kg;15.63;156.3;4.0638;4388040201158;0;0;7;;
90032154;63871665;2026-03-25;BGH;Molkerei/Backwaren;520;008700;3;;kg;Quality Vollei flüssig Import, Bodenhaltung, pasteurisiert, 10 kg;5.79;173.7;4.5162;4388040268236;0;1;1;;
90032154;63871665;2026-03-25;BGH;Molkerei/Backwaren;530;095811;4;;kg;Natura Plus Eigelb flüssig Schweiz, 1 kg;10.59;42.36;1.10136;7640104165019;0;0;7;;
90032154;63871665;2026-03-25;BGH;Food;540;153062;5;;Pk;Thomy Sauce Hollandaise, 1 l;10.15;50.75;1.3195;7610100021190;0;0;1;;
90032154;63871665;2026-03-25;BGH;Molkerei/Backwaren;550;018891;4;;Ds;Ömür Hirtenkäse 55%, 800 g;9.76;39.04;1.01504;4002566002449;0;0;1;;
90032154;63871665;2026-03-25;BGH;Früchte + Gemüse;560;046922;4;;Sc;Blueberries, 500 g;8.01;32.04;0.83304;7610632010297;0;0;1;;
90032154;63871665;2026-03-25;BGH;Früchte + Gemüse;570;047410;6;;Sc;Johannisbeeren, Import, 125 g;6.13;36.78;0.95628;7610632010327;0;0;1;;
90032154;63871665;2026-03-25;BGH;Früchte + Gemüse;580;044540;3;;kg;Rucola / Rauke ungewaschen, 1 kg;12.9;38.7;1.0062;7610514613219;0;0;1;;
90032154;63871665;2026-03-25;BGH;Früchte + Gemüse;590;044990;8;;Bd;Spargeln grün, Import, 1 kg;10.54;84.32;2.19232;7610632989739;0;0;1;;
90032154;63871665;2026-03-25;BGH;Früchte + Gemüse;600;049135;7;;kg;Champignons weiss, frisch, 1 kg;6.83;47.81;1.24306;7610632995211;0;1;1;;
90032154;63871665;2026-03-25;BGH;Früchte + Gemüse;610;049127;6;;Kt;Champignons braun, frisch, 1 kg;7.52;45.12;1.17312;7610473014843;0;1;1;;
90032154;63871665;2026-03-25;BGH;Früchte + Gemüse;620;045358;4;;kg;Tomaten mit Rispen Import, 5 kg;3.66;73.2;1.9032;7610632977002;0;1;1;;
90032154;63871665;2026-03-25;BGH;Früchte + Gemüse;630;040968;6;;kg;Cherry Tomaten Rispen, 3 kg;6.59;118.62;3.08412;7610632949894;0;0;1;;
90032154;63871665;2026-03-25;BGH;Früchte + Gemüse;640;042592;2;;Ds;Knoblauch Original ganz geschält, 1kg;11.01;22.02;0.57252;3700430300004;0;0;7;;
90032154;63871665;2026-03-25;BGH;Food;650;107910;10;;Pk;Quality Löffelbiskuits, 400 g;2.91;29.1;0.7566;7610034516687;0;0;1;;
90032154;63871665;2026-03-25;BGH;Molkerei/Backwaren;660;012383;2;3.26;kg;Defendi Gorgonzola San Antonio DOP, 1/4 Laib ca. 1,5 kg;15.46;50.3996;1.3103896;2902117999995;0;0;1;;
90032154;63871665;2026-03-25;BGH;Molkerei/Backwaren;670;019481;8;;Be;Galbani Mascarpone, 500 g;6.04;48.32;1.25632;8000430171013;0;1;1;;
90032154;63871665;2026-03-25;BGH;Früchte + Gemüse;680;042007;4;;St;Gurken 400 - 500 g / St, 12 St;0.97;46.56;1.21056;7610632995013;0;1;1;;
90032154;63871665;2026-03-25;BGH;Früchte + Gemüse;690;043957;5;;Sc;Patisson Mini Gemüse, ca. 9 St;7.31;36.55;0.9503;7610632991541;0;0;1;;
90032154;63871665;2026-03-25;BGH;Früchte + Gemüse;700;045777;5;;Sc;Zucchetti Mini-Gemüse ohne Blüte, ca. 5 - 6 Stück;7.77;38.85;1.0101;7610632991527;0;0;1;;
90032154;63871665;2026-03-25;BGH;Früchte + Gemüse;710;044667;5;;Sc;Mini Rüebli / Karotten mit Laubansatz, ca. 200 g;7.01;35.05;0.9113;7610632955345;0;0;1;;
90032154;63871665;2026-03-25;BGH;Früchte + Gemüse;720;044139;1;;kg;Peperoni Mini Mix, 3 kg;8.48;25.44;0.66144;7610632970782;0;0;1;;
90032154;63871665;2026-03-25;BGH;Früchte + Gemüse;730;040329;4;;Bt;Basilikum, 1 kg;29.39;117.56;3.05656;7610632989975;0;0;1;;
90032154;63871665;2026-03-25;BGH;Früchte + Gemüse;740;043598;2;;Bt;Minze, 250 g;8.72;17.44;0.45344;7610632977873;0;0;1;;
90032154;63871665;2026-03-25;BGH;Früchte + Gemüse;750;044720;3;;Bd;Salbei Bund, 80 g;4.18;12.54;0.32604;7610632942598;0;0;1;;
90032154;63871665;2026-03-25;BGH;Früchte + Gemüse;760;044536;4;;Bd;Rosmarin Bund, 80 g;4.18;16.72;0.43472;7610632942581;0;0;1;;
90032154;63871665;2026-03-25;BGH;Früchte + Gemüse;770;045186;4;;Bd;Thymian Bund, 80 g;4.18;16.72;0.43472;7610632942604;0;0;1;;
90032154;63871665;2026-03-25;BGH;Früchte + Gemüse;780;044156;3;;Bt;Petersilie gekraust, gepackt, 500 g;7.31;21.93;0.57018;7610632995082;0;0;1;;
90032154;63871665;2026-03-25;BGH;Früchte + Gemüse;790;045707;2;;kg;Zucchetti, 5 kg;3.18;31.8;0.8268;7610632980545;0;0;1;;
90032154;63871665;2026-03-25;BGH;Früchte + Gemüse;800;040257;2;;kg;Auberginen, 5 kg;4.07;40.7;1.0582;7610632977958;0;0;1;;
90032154;63871665;2026-03-25;BGH;Früchte + Gemüse;810;044107;3;;kg;Peperoni Tricolor, Import, 5 kg;5.59;83.85;2.1801;7610632977132;0;0;1;;
90032154;63871665;2026-03-25;BGH;Früchte + Gemüse;811;000079;3;;St;Ifco LiftLock;3.2;9.6;0;2000007960008;0;0;0;;
90032154;63871665;2026-03-25;BGH;Früchte + Gemüse;820;041241;6;;St;Eichblattsalat rot / grün Schweiz Hydro, gemischt, 8 St;2.18;104.64;2.72064;7613399058038;0;0;7;;
90032154;63871665;2026-03-25;BGH;Früchte + Gemüse;821;000079;6;;St;Ifco LiftLock;3.2;19.2;0;2000007960008;0;0;0;;
90032154;63871665;2026-03-25;BGH;Molkerei/Backwaren;830;027310;1;;kg;Economy Butter, 10 x 1 kg;13.22;132.2;3.4372;7610034508224;0;0;1;;
90032154;63871665;2026-03-25;BGH;Früchte + Gemüse;840;047754;2;8.4;kg;Limetten / Limes, 4,2 kg;2.72;22.848;0.594048;2905054999998;0;1;1;;
90032154;63871665;2026-03-25;BGH;Früchte + Gemüse;850;048823;1;;kg;Zitronen, 15 kg;2.23;33.45;0.8697;7610632071045;0;1;1;;
90032154;63871665;2026-03-25;BGH;Früchte + Gemüse;851;000079;1;;St;Ifco LiftLock;3.2;3.2;0;2000007960008;0;0;0;;
90032154;63871665;2026-03-25;BGH;Früchte + Gemüse;860;044643;5;;Bt;Quality Rüebli- Karotten Julienne, 1,6 mm, 1 kg;3.71;18.55;0.4823;7610034507050;0;1;1;;
90032154;63871665;2026-03-25;BGH;Früchte + Gemüse;870;044701;1;;kg;Rüebli / Karotten Gastro, 5 kg;1.82;9.1;0.2366;7628072012849;0;0;1;;
90032154;63871665;2026-03-25;BGH;Früchte + Gemüse;871;000079;1;;St;Ifco LiftLock;3.2;3.2;0;2000007960008;0;0;0;;
90032154;63871665;2026-03-25;BGH;Molkerei/Backwaren;880;024673;1;;Ke;Quality Crème Fraîche, Sauerrahm 35%, 2,5 kg;24.51;24.51;0.63726;7610034514973;0;0;1;;
90032154;63871665;2026-03-25;BGH;Metzgerei;890;068650;6;;kg;Grüne Muscheln, gekocht, in halber Schale, 30 - 40 St, tiefgekühlt, 1 kg;14.75;88.5;2.301;9415022241750;0;0;1;;
90032154;63871665;2026-03-25;BGH;Metzgerei;900;068731;8;;kg;Quality Meeresfrüchte Cocktail, gekocht, tiefgekühlt, 1 kg;13.76;110.08;2.86208;7610034508422;0;0;1;;
90032154;63871665;2026-03-25;BGH;Früchte + Gemüse;910;000079;2;;St;Ifco LiftLock;3.2;6.4;0;2000007960008;0;0;0;;
90032154;63871665;2026-03-25;BGH;Früchte + Gemüse;920;000079;15;;St;Ifco LiftLock;3.2;48;0;2000007960008;0;0;0;;
90032154;63871665;2026-03-25;BGH;Früchte + Gemüse;930;000079;9;;St;Ifco LiftLock;3.2;28.8;0;2000007960008;0;0;0;;
90032154;63864765;2026-03-20;BGH;Früchte + Gemüse;10;000079;-18;;St;Ifco LiftLock;3.2;-57.6;0;2000007960008;0;0;0;;
90032154;63864765;2026-03-20;BGH;Food;10;395370;2;;Ds;Bonduelle Sweet Corn, Goldmais, 6 x 600 g;4.2;50.4;1.3104;3083680485999;0;0;1;;
90032154;63864765;2026-03-20;BGH;Food;10;410030;1;;kg;Barilla Penne Rigate, n° 73, 3 x 5 kg;3.72;55.8;1.4508;8076809011396;0;0;1;;
90032154;63864765;2026-03-20;BGH;Molkerei/Backwaren;20;027581;6;;St;Emmi Kräuterbutter, Stange, 500 g;13.93;83.58;2.17308;7610900154289;0;0;1;;
90032154;63864765;2026-03-20;BGH;Food;20;410830;1;;Pk;Barilla Penne Lisce, n°71, 500 g;2.58;2.58;0.06708;8076802085714;0;0;1;;
90032154;63864765;2026-03-20;BGH;Molkerei/Backwaren;30;018891;4;;Ds;Ömür Hirtenkäse 55%, 800 g;9.76;39.04;1.01504;4002566002449;0;0;1;;
90032154;63864765;2026-03-20;BGH;Food;30;410900;1;;kg;Barilla Mezze Penne Tricolore, 5 kg;4.58;22.9;0.5954;8076809510417;0;0;1;;
90032154;63864765;2026-03-20;BGH;Früchte + Gemüse;40;042007;3;;St;Gurken 400 - 500 g / St, 12 St;1;36;0.936;7610632995013;0;0;1;;
90032154;63864765;2026-03-20;BGH;Food;40;410900;2;;kg;Barilla Mezze Penne Tricolore, 5 kg;4.58;45.8;1.1908;8076809510417;0;0;1;;
90032154;63864765;2026-03-20;BGH;Früchte + Gemüse;50;041241;5;;St;Eichblattsalat rot / grün Schweiz Hydro, gemischt, 8 St;2.18;87.2;2.2672;7613399058038;0;0;7;;
90032154;63864765;2026-03-20;BGH;Früchte + Gemüse;51;000079;5;;St;Ifco LiftLock;3.2;16;0;2000007960008;0;0;0;;
90032154;63864765;2026-03-20;BGH;Molkerei/Backwaren;60;022600;1;;Tp;Quality Vollmilch 3,5%, UHT, 12 x 1 l;1.27;15.24;0.39624;7610034507807;0;0;1;;
90032154;63864765;2026-03-20;BGH;Früchte + Gemüse;70;043598;2;;Bt;Minze, 250 g;8.72;17.44;0.45344;7610632977873;0;0;1;;
90032154;63864765;2026-03-20;BGH;Molkerei/Backwaren;80;027310;1;;kg;Economy Butter, 10 x 1 kg;13.22;132.2;3.4372;7610034508224;0;0;1;;
90032154;63864765;2026-03-20;BGH;Molkerei/Backwaren;90;095210;1;;St;Eier Import, Bodenhaltung, 53g+, 90 Stück;0.4;36;0.936;7640104163138;0;0;1;;
90032154;63864765;2026-03-20;BGH;Metzgerei;100;002409;6;9.377;kg;Rinds-Filetspitz Kopf II, ca. 1,5 kg;39.5;370.3915;9.630179;97610100000006;0;0;1;;
90032154;63864765;2026-03-20;BGH;Früchte + Gemüse;110;042592;2;;Ds;Knoblauch Original ganz geschält, 1kg;11.01;22.02;0.57252;3700430300004;0;0;7;;
90032154;63864765;2026-03-20;BGH;Früchte + Gemüse;120;046598;1;;St;Economy Avocados, 18 Stück;1.48;26.64;0.69264;7613399055785;0;0;7;;
90032154;63864765;2026-03-20;BGH;Früchte + Gemüse;130;044107;2;;kg;Peperoni Tricolor, Import, 5 kg;5.15;51.5;1.339;7610632977132;0;1;1;;
90032154;63864765;2026-03-20;BGH;Früchte + Gemüse;131;000079;2;;St;Ifco LiftLock;3.2;6.4;0;2000007960008;0;0;0;;
90032154;63864765;2026-03-20;BGH;Früchte + Gemüse;140;045707;1;;kg;Zucchetti, 5 kg;3.18;15.9;0.4134;7610632980545;0;0;1;;
90032154;63864765;2026-03-20;BGH;Früchte + Gemüse;150;046240;2;;St;Ananas Schiff, ca. 1,5 kg;3.51;7.02;0.18252;5425003611179;0;0;1;;
90032154;63864765;2026-03-20;BGH;Früchte + Gemüse;160;046646;1;;kg;Max Havelaar Bananen, Farbe 4, 2 kg;3.77;7.54;0.19604;7613399059851;0;0;7;;
90032154;63864765;2026-03-20;BGH;Früchte + Gemüse;161;000079;1;;St;Ifco LiftLock;3.2;3.2;0;2000007960008;0;0;0;;
90032154;63864765;2026-03-20;BGH;Früchte + Gemüse;170;046922;2;;Sc;Blueberries, 500 g;8.01;16.02;0.41652;7610632010297;0;0;1;;
90032154;63864765;2026-03-20;BGH;Früchte + Gemüse;180;047410;4;;Sc;Johannisbeeren, Import, 125 g;5.42;21.68;0.56368;7610632010327;0;0;1;;
90032154;63864765;2026-03-20;BGH;Food;190;481651;8;;Ds;Mutti Tomatenmark zweifach konzentriert, 880 g;5.7;45.6;1.1856;8005110020001;0;0;1;;
90032154;63864765;2026-03-20;BGH;Metzgerei;200;001508;3;7.715;kg;Poulet Brust Innenfilet, 20-40 g, ca. 2,5 kg;20.3;156.6145;4.071977;2910412999992;0;0;1;;
90032154;63864765;2026-03-20;BGH;Metzgerei;210;053620;1;;St;Bell Beefsteak Tatar, Portionen, tiefgekühlt, 10 x 140 g;4.25;42.5;1.105;7610011021111;0;0;1;;
90032154;63864765;2026-03-20;BGH;Metzgerei;220;068151;10;;kg;Economy ASC Crevetten Black Tiger, geschält, entdarmt, 8/12, tiefgekühlt, 1 kg;20.69;206.9;5.3794;7610034523548;0;0;7;;
90032154;63864765;2026-03-20;BGH;Food;230;401611;1;;Pk;Chaokoh Kokosnussmilch UHT, 12 x 1 l;5.34;64.08;1.66608;18850813120155;0;0;1;;
90032154;63864765;2026-03-20;BGH;Food;240;511501;3;;Ds;Economy Oliven schwarz entsteint, 4,25 kg;13.72;41.16;1.07016;4388040253720;0;0;1;;
90032154;63864765;2026-03-20;BGH;Früchte + Gemüse;250;090490;1;;kg;Frigemo Country Cuts, TK, 2 x 2,5 kg;5.84;29.2;0.7592;7610078014736;0;0;1;;
90032154;63864765;2026-03-20;BGH;Früchte + Gemüse;260;090140;2;;Bt;Frigemo Regiofrites Bärner TK, 4 x 2,5 kg;15.85;126.8;3.2968;7610078043163;0;0;1;;
90032154;63864765;2026-03-20;BGH;Metzgerei;270;002098;1;1.906;kg;Kalbs-Nierstück, kurz, ca. 1.6 kg;54.95;104.7347;2.7231022;97610011044199;0;0;1;;
90032154;63864765;2026-03-20;BGH;Früchte + Gemüse;280;049247;7;;Sc;Champignons weiss geschnitten, frisch, 1 kg;9.76;68.32;1.77632;7610439900265;0;0;1;;
90032154;63864765;2026-03-20;BGH;Molkerei/Backwaren;290;024440;2;;Tp;Quality Vollrahm 35%, UHT, 12 x 1 l;5.84;140.16;3.64416;7610034505315;0;0;1;;
90032154;63864765;2026-03-20;BGH;Früchte + Gemüse;300;044540;1;;kg;Rucola / Rauke ungewaschen, 1 kg;12.9;12.9;0.3354;7610514613219;0;0;1;;
90032154;63864765;2026-03-20;BGH;Food;310;153062;3;;Pk;Thomy Sauce Hollandaise, 1 l;10.15;30.45;0.7917;7610100021190;0;0;1;;
90032154;63864765;2026-03-20;BGH;Food;320;403240;5;;Ds;Mae Ploy, Curry Paste rot, 400 g;3.39;16.95;0.4407;044738102346;0;0;1;;
90032154;63864765;2026-03-20;BGH;Früchte + Gemüse;330;047754;1;4.2;kg;Limetten / Limes, 4,2 kg;3.42;14.364;0.373464;2905054999998;0;0;1;;
90032154;63864765;2026-03-20;BGH;Metzgerei;340;068574;4;;kg;Zander Filet, mit Haut, ca. 40 - 70 g, tiefgekühlt, 5 kg;10.79;215.8;5.6108;7610162296680;0;1;1;;
90032154;63864765;2026-03-20;BGH;Molkerei/Backwaren;350;012971;1;1.055;kg;Nuss Käse, 1/1 Laib ca. 1 kg;24.95;26.32225;0.6843785;2935031999994;0;0;1;;
90032154;63864765;2026-03-20;BGH;Molkerei/Backwaren;360;010131;1;;Pk;Berner Alphobelkäse AOP, gerollt, 600 g;27.67;27.67;0.71942;7600400001121;0;0;1;;
90032154;63864765;2026-03-20;BGH;Früchte + Gemüse;370;044990;5;;Bd;Spargeln grün, Import, 1 kg;8.51;42.55;1.1063;7610632989739;0;1;1;;
90032154;63864765;2026-03-20;BGH;Metzgerei;380;074509;4;15.468;kg;Quality Fleischkäse 1/1, ca. 3,5 kg;8.9;137.6652;3.5792952;2969954999991;0;1;1;;
90032154;63864765;2026-03-20;BGH;Metzgerei;390;056291;3;11.945;kg;Angus Rinds-Entrecote, Uruguay, ca. 3,5 kg;33.65;401.94925;10.4506805;2856291999992;0;1;1;;
90032154;63864765;2026-03-20;BGH;Molkerei/Backwaren;400;010436;1;1.359;kg;Quality Emmentaler AOP, ca. 1,7 kg;14.36;19.51524;0.50739624;2900196999998;0;0;1;;
90032154;63864765;2026-03-20;BGH;Metzgerei;410;057043;1;1.046;kg;Albert Spiess Pure Nature Bündner Rohschinken 1/2, ohne Schwarte, ca. 1,2 kg;32.73;34.23558;0.89012508;2901191999990;0;1;7;;
90032154;63864765;2026-03-20;BGH;Früchte + Gemüse;420;000079;1;;St;Ifco LiftLock;3.2;3.2;0;2000007960008;0;0;0;;
90032154;63864765;2026-03-20;BGH;Früchte + Gemüse;430;000079;4;;St;Ifco LiftLock;3.2;12.8;0;2000007960008;0;0;0;;
90032154;63864765;2026-03-20;BGH;Früchte + Gemüse;440;000079;3;;St;Ifco LiftLock;3.2;9.6;0;2000007960008;0;0;0;;
90032154;63860424;2026-03-18;BGH;Früchte + Gemüse;10;000079;-32;;St;Ifco LiftLock;3.2;-102.4;0;2000007960008;0;0;0;;
90032154;63860424;2026-03-18;BGH;Nearfood;10;997030;3;;Kt;Quality Handtuch V-Falz, 2-lagig, weiss, 12 x 175 St;30.11;90.33;7.31673;7610034509603;0;0;3;;
90032154;63860424;2026-03-18;BGH;Nonfood;20;930967;1;;Pk;Olympia Laminierfolie A4, 125 micro, Pack zu 25 Stück;13.13;13.13;1.06353;4030152091850;0;0;2;;
90032154;63860424;2026-03-18;BGH;Food;30;100080;1;;Lt;Quality Rapsöl, 20 l;3.48;69.6;1.8096;7610034515147;0;0;1;;
90032154;63860424;2026-03-18;BGH;Molkerei/Backwaren;40;024440;4;;Tp;Quality Vollrahm 35%, UHT, 12 x 1 l;5.84;280.32;7.28832;7610034505315;0;0;1;;
90032154;63860424;2026-03-18;BGH;Molkerei/Backwaren;50;024801;4;;Ds;Floralp Vollrahm 35%, ohne Zucker, UHT, 250 g;4.68;18.72;0.48672;7612300013494;0;0;1;;
90032154;63860424;2026-03-18;BGH;Molkerei/Backwaren;60;025030;4;;Kt;Emmi Kaffeerahm Portionen, UHT, 200 x 12 g;12.63;50.52;1.31352;7610900113743;0;0;1;;
90032154;63860424;2026-03-18;BGH;Molkerei/Backwaren;70;022600;1;;Tp;Quality Vollmilch 3,5%, UHT, 12 x 1 l;1.27;15.24;0.39624;7610034507807;0;0;1;;
90032154;63860424;2026-03-18;BGH;Molkerei/Backwaren;80;095811;6;;kg;Natura Plus Eigelb flüssig Schweiz, 1 kg;10.59;63.54;1.65204;7640104165019;0;0;7;;
90032154;63860424;2026-03-18;BGH;Molkerei/Backwaren;90;008700;2;;kg;Quality Vollei flüssig Import, Bodenhaltung, pasteurisiert, 10 kg;6.78;135.6;3.5256;4388040268236;0;0;1;;
90032154;63860424;2026-03-18;BGH;Food;100;234790;3;;kg;Carnaroli Risottoreis, 5 kg;4.43;66.45;1.7277;7610815101835;0;0;1;;
90032154;63860424;2026-03-18;BGH;Molkerei/Backwaren;110;027310;1;;kg;Economy Butter, 10 x 1 kg;13.22;132.2;3.4372;7610034508224;0;0;1;;
90032154;63860424;2026-03-18;BGH;Molkerei/Backwaren;120;095210;2;;St;Eier Import, Bodenhaltung, 53g+, 90 Stück;0.4;72;1.872;7640104163138;0;0;1;;
90032154;63860424;2026-03-18;BGH;Molkerei/Backwaren;130;016601;10;;kg;Quality Grana Padano DOP, gerieben, 1 kg;16.73;167.3;4.3498;4388040340352;0;0;7;;
90032154;63860424;2026-03-18;BGH;Molkerei/Backwaren;140;012201;5;;Bt;Economy Gran Moravia, gehobelt, 500 g;8.7;43.5;1.131;4388040201172;0;0;7;;
90032154;63860424;2026-03-18;BGH;Molkerei/Backwaren;150;013702;1;3.205;kg;Quality Raclette, eckig, 1/2 Laib ca. 3,2 kg;11.02;35.3191;0.9182966;2953272999993;0;0;1;;
90032154;63860424;2026-03-18;BGH;Früchte + Gemüse;160;048116;1;;kg;Orangen blond, 15 kg;1.77;26.55;0.6903;7610632442548;0;0;1;;
90032154;63860424;2026-03-18;BGH;Früchte + Gemüse;161;000079;1;;St;Ifco LiftLock;3.2;3.2;0;2000007960008;0;0;0;;
90032154;63860424;2026-03-18;BGH;Früchte + Gemüse;170;048823;1;;kg;Zitronen, 15 kg;2.48;37.2;0.9672;7610632071045;0;0;1;;
90032154;63860424;2026-03-18;BGH;Früchte + Gemüse;171;000079;1;;St;Ifco LiftLock;3.2;3.2;0;2000007960008;0;0;0;;
90032154;63860424;2026-03-18;BGH;Früchte + Gemüse;180;049247;10;;Sc;Champignons weiss geschnitten, frisch, 1 kg;9.76;97.6;2.5376;7610439900265;0;0;1;;
90032154;63860424;2026-03-18;BGH;Früchte + Gemüse;190;044540;2;;kg;Rucola / Rauke ungewaschen, 1 kg;12.9;25.8;0.6708;7610514613219;0;0;1;;
90032154;63860424;2026-03-18;BGH;Molkerei/Backwaren;200;095821;5;;kg;Natura Plus Eiweiss flüssig Schweiz, Freiland, 1 kg;8.32;41.6;1.0816;7640104165002;0;0;7;;
90032154;63860424;2026-03-18;BGH;Molkerei/Backwaren;210;022591;1;;Tp;Oatly Haferdrink Barista, 6 x 1 l;3.39;20.34;0.52884;27394376616505;0;0;1;;
90032154;63860424;2026-03-18;BGH;Früchte + Gemüse;220;045707;2;;kg;Zucchetti, 5 kg;3.18;31.8;0.8268;7610632980545;0;0;1;;
90032154;63860424;2026-03-18;BGH;Früchte + Gemüse;230;045777;6;;Sc;Zucchetti Mini-Gemüse ohne Blüte, ca. 5 - 6 Stück;7.77;46.62;1.21212;7610632991527;0;0;1;;
90032154;63860424;2026-03-18;BGH;Früchte + Gemüse;240;043957;6;;Sc;Patisson Mini Gemüse, ca. 9 St;7.31;43.86;1.14036;7610632991541;0;0;1;;
90032154;63860424;2026-03-18;BGH;Früchte + Gemüse;250;044667;6;;Sc;Mini Rüebli / Karotten mit Laubansatz, ca. 200 g;7.01;42.06;1.09356;7610632955345;0;0;1;;
90032154;63860424;2026-03-18;BGH;Früchte + Gemüse;260;044156;3;;Bt;Petersilie gekraust, gepackt, 500 g;7.31;21.93;0.57018;7610632995082;0;0;1;;
90032154;63860424;2026-03-18;BGH;Früchte + Gemüse;270;044536;3;;Bd;Rosmarin Bund, 80 g;4.18;12.54;0.32604;7610632942581;0;0;1;;
90032154;63860424;2026-03-18;BGH;Früchte + Gemüse;280;040329;1;;Bt;Basilikum, 1 kg;29.39;29.39;0.76414;7610632989975;0;0;1;;
90032154;63860424;2026-03-18;BGH;Früchte + Gemüse;290;040257;2;;kg;Auberginen, 5 kg;3.95;39.5;1.027;7610632977958;0;0;1;;
90032154;63860424;2026-03-18;BGH;Food;300;400600;1;;Ds;Economy Gurken, längsschnitt, 4 kg;13.37;13.37;0.34762;7610034513204;0;0;1;;
90032154;63860424;2026-03-18;BGH;Früchte + Gemüse;310;042007;2;;St;Gurken 400 - 500 g / St, 12 St;1;24;0.624;7610632995013;0;0;1;;
90032154;63860424;2026-03-18;BGH;Früchte + Gemüse;320;044643;3;;Bt;Quality Rüebli- Karotten Julienne, 1,6 mm, 1 kg;4.7;14.1;0.3666;7610034507050;0;0;1;;
90032154;63860424;2026-03-18;BGH;Früchte + Gemüse;330;040968;3;;kg;Cherry Tomaten Rispen, 3 kg;5.01;45.09;1.17234;7610632949894;0;0;1;;
90032154;63860424;2026-03-18;BGH;Früchte + Gemüse;340;045882;1;;kg;Zwiebeln gross, 10 kg;1.62;16.2;0.4212;7628072003557;0;0;7;;
90032154;63860424;2026-03-18;BGH;Früchte + Gemüse;341;000079;1;;St;Ifco LiftLock;3.2;3.2;0;2000007960008;0;0;0;;
90032154;63860424;2026-03-18;BGH;Früchte + Gemüse;360;045914;1;;kg;Zwiebeln rot gross, 10 kg;2.12;21.2;0.5512;7613399003366;0;0;1;;
90032154;63860424;2026-03-18;BGH;Früchte + Gemüse;361;000079;1;;St;Ifco LiftLock;3.2;3.2;0;2000007960008;0;0;0;;
90032154;63860424;2026-03-18;BGH;Früchte + Gemüse;370;040401;2;;kg;Baked Potatoes, festkochend, 10 kg;1.59;31.8;0.8268;7628072012900;0;0;1;;
90032154;63860424;2026-03-18;BGH;Früchte + Gemüse;371;000079;2;;St;Ifco LiftLock;3.2;6.4;0;2000007960008;0;0;0;;
90032154;63860424;2026-03-18;BGH;Food;380;564040;4;;Gl;Bosco d'oro Carpaccio, aus Sommertrüffeln, schwarz, 45 g;18.74;74.96;1.94896;8032680690549;0;0;1;;
90032154;63860424;2026-03-18;BGH;Früchte + Gemüse;390;041241;6;;St;Eichblattsalat rot / grün Schweiz Hydro, gemischt, 8 St;2.18;104.64;2.72064;7613399058038;0;0;7;;
90032154;63860424;2026-03-18;BGH;Früchte + Gemüse;391;000079;6;;St;Ifco LiftLock;3.2;19.2;0;2000007960008;0;0;0;;
90032154;63860424;2026-03-18;BGH;Früchte + Gemüse;400;044107;3;;kg;Peperoni Tricolor, Import, 5 kg;5.15;77.25;2.0085;7610632977132;0;1;1;;
90032154;63860424;2026-03-18;BGH;Früchte + Gemüse;401;000079;3;;St;Ifco LiftLock;3.2;9.6;0;2000007960008;0;0;0;;
90032154;63860424;2026-03-18;BGH;Food;410;566330;6;;Fl;Heinz Tomato Ketchup, 800 ml;5.53;33.18;0.86268;87157277;0;0;1;;
90032154;63860424;2026-03-18;BGH;Food;420;510520;3;;Fl;Quality Mayonnaise Squeeze, 865 g;7.49;22.47;0.58422;7610034512658;0;0;1;;
90032154;63860424;2026-03-18;BGH;Metzgerei;430;068151;10;;kg;Economy ASC Crevetten Black Tiger, geschält, entdarmt, 8/12, tiefgekühlt, 1 kg;20.69;206.9;5.3794;7610034523548;0;0;7;;
90032154;63860424;2026-03-18;BGH;Früchte + Gemüse;440;092930;2;;kg;Picosa Steinpilze Würfel, 2 x 2 cm, TK, 2 x 1 kg;23.43;93.72;2.43672;7610473071204;0;0;1;;
90032154;63860424;2026-03-18;BGH;Metzgerei;450;001977;1;3.314;kg;Quality GGAP Lachs Filet, ohne Haut, deepskin, grätenarm, ca. 1,2 - 1,4 kg;24.26;80.39764;2.09033864;97610162230472;0;0;1;;
90032154;63860424;2026-03-18;BGH;Food;460;153062;5;;Pk;Thomy Sauce Hollandaise, 1 l;10.15;50.75;1.3195;7610100021190;0;0;1;;
90032154;63860424;2026-03-18;BGH;Metzgerei;470;001502;5;13.095;kg;Poulet Brust ohne Haut mit Innenfilet, 90-220 g, ca. 2,5 kg;20.69;270.93555;7.0443243;97610011945694;0;0;1;;
90032154;63860424;2026-03-18;BGH;Metzgerei;480;002097;2;7.565;kg;Kalbs-Nierstück, lang, ca. 3,5 kg;51.98;393.2287;10.2239462;97610011044090;0;0;1;;
90032154;63860424;2026-03-18;BGH;Früchte + Gemüse;490;046922;4;;Sc;Blueberries, 500 g;8.01;32.04;0.83304;7610632010297;0;0;1;;
90032154;63860424;2026-03-18;BGH;Früchte + Gemüse;500;047410;5;;Sc;Johannisbeeren, Import, 125 g;5.42;27.1;0.7046;7610632010327;0;0;1;;
90032154;63860424;2026-03-18;BGH;Molkerei/Backwaren;510;096400;2;;St;Backhefe, Würfel, 24 x 42 g;0.29;13.92;0.36192;7610926000515;0;0;1;;
90032154;63860424;2026-03-18;BGH;Molkerei/Backwaren;520;019481;8;;Be;Galbani Mascarpone, 500 g;7.65;61.2;1.5912;8000430171013;0;0;1;;
90032154;63860424;2026-03-18;BGH;Nearfood;530;992093;2;;Pk;Quality Toilettenpapier, 4-lagig, weiss, 160 Blatt, 24 Rl;16.37;32.74;2.65194;7610034532120;0;0;3;;
90032154;63860424;2026-03-18;BGH;Nearfood;540;993320;3;;Rl;Quality Wischtücher Midi, 2-lagig, weiss, 450 Blatt, 6 Rl;6.78;122.04;9.88524;7610034546196;0;0;3;;
90032154;63860424;2026-03-18;BGH;Früchte + Gemüse;550;000079;1;;St;Ifco LiftLock;3.2;3.2;0;2000007960008;0;0;0;;
90032154;63860424;2026-03-18;BGH;Früchte + Gemüse;560;000079;1;;St;Ifco LiftLock;3.2;3.2;0;2000007960008;0;0;0;;
90032154;63860424;2026-03-18;BGH;Früchte + Gemüse;570;000079;6;;St;Ifco LiftLock;3.2;19.2;0;2000007960008;0;0;0;;
90032154;63852924;2026-03-13;BGH;Früchte + Gemüse;10;000079;-12;;St;Ifco LiftLock;3.2;-38.4;0;2000007960008;0;0;0;;
90032154;63852924;2026-03-13;BGH;Molkerei/Backwaren;10;024440;4;;Tp;Quality Vollrahm 35%, UHT, 12 x 1 l;5.84;280.32;7.28832;7610034505315;0;0;1;;
90032154;63852924;2026-03-13;BGH;Nearfood;10;975782;10;;Pk;Quality Einweghandschuhe Nitril, Grösse M, schwarz, 100 St;8.81;88.1;7.1361;7610034546622;0;0;2;;
90032154;63852924;2026-03-13;BGH;Molkerei/Backwaren;20;009223;3;;Pk;New York Cheesecake, geschnitten, tiefgekühlt, 1,93 kg;45.91;137.73;3.58098;0749017009148;0;0;7;;
90032154;63852924;2026-03-13;BGH;Nonfood;20;989814;3;;Pk;Deckel PP zu Salatschale rund Pack zu 50 Stück;10.44;31.32;2.53692;4010494919753;0;0;3;;
90032154;63852924;2026-03-13;BGH;Früchte + Gemüse;30;000079;6;;St;Ifco LiftLock;3.2;19.2;0;2000007960008;0;0;0;;
90032154;63852924;2026-03-13;BGH;Metzgerei;30;001508;4;10.68;kg;Poulet Brust Innenfilet, 20-40 g, ca. 2,5 kg;20.3;216.804;5.636904;2910412999992;0;0;1;;
90032154;63852924;2026-03-13;BGH;Früchte + Gemüse;40;090140;1;;Bt;Frigemo Regiofrites Bärner TK, 4 x 2,5 kg;15.85;63.4;1.6484;7610078043163;0;0;1;;
90032154;63852924;2026-03-13;BGH;Früchte + Gemüse;50;044540;3;;kg;Rucola / Rauke ungewaschen, 1 kg;12.9;38.7;1.0062;7610514613219;0;0;1;;
90032154;63852924;2026-03-13;BGH;Früchte + Gemüse;60;049247;6;;Sc;Champignons weiss geschnitten, frisch, 1 kg;7.43;44.58;1.15908;7610439900265;0;1;1;;
90032154;63852924;2026-03-13;BGH;Molkerei/Backwaren;70;019481;5;;Be;Galbani Mascarpone, 500 g;7.65;38.25;0.9945;8000430171013;0;0;1;;
90032154;63852924;2026-03-13;BGH;Früchte + Gemüse;80;046240;1;;St;Ananas Schiff, ca. 1,5 kg;2.95;2.95;0.0767;5425003611179;0;1;1;;
90032154;63852924;2026-03-13;BGH;Früchte + Gemüse;100;044107;3;;kg;Peperoni Tricolor, Import, 5 kg;5.19;77.85;2.0241;7610632977132;0;0;1;;
90032154;63852924;2026-03-13;BGH;Früchte + Gemüse;101;000079;3;;St;Ifco LiftLock;3.2;9.6;0;2000007960008;0;0;0;;
90032154;63852924;2026-03-13;BGH;Früchte + Gemüse;110;043957;3;;Sc;Patisson Mini Gemüse, ca. 9 St;7.31;21.93;0.57018;7610632991541;0;0;1;;
90032154;63852924;2026-03-13;BGH;Früchte + Gemüse;120;045777;3;;Sc;Zucchetti Mini-Gemüse ohne Blüte, ca. 5 - 6 Stück;7.77;23.31;0.60606;7610632991527;0;0;1;;
90032154;63852924;2026-03-13;BGH;Früchte + Gemüse;130;044667;3;;Sc;Mini Rüebli / Karotten mit Laubansatz, ca. 200 g;7.01;21.03;0.54678;7610632955345;0;0;1;;
90032154;63852924;2026-03-13;BGH;Früchte + Gemüse;140;040968;3;;kg;Cherry Tomaten Rispen, 3 kg;3.76;33.84;0.87984;7610632949894;0;1;1;;
90032154;63852924;2026-03-13;BGH;Früchte + Gemüse;150;045358;2;;kg;Tomaten mit Rispen Import, 5 kg;3.3;33;0.858;7610632977002;0;0;1;;
90032154;63852924;2026-03-13;BGH;Früchte + Gemüse;160;041241;5;;St;Eichblattsalat rot / grün Schweiz Hydro, gemischt, 8 St;2.18;87.2;2.2672;7613399058038;0;0;7;;
90032154;63852924;2026-03-13;BGH;Früchte + Gemüse;161;000079;5;;St;Ifco LiftLock;3.2;16;0;2000007960008;0;0;0;;
90032154;63852924;2026-03-13;BGH;Metzgerei;170;078251;3;15.898;kg;Quality Hinterschinken mit Schwarte 1/1, ca. 5 kg;10.88;172.97024;4.49722624;2950464999991;0;1;1;;
90032154;63852924;2026-03-13;BGH;Früchte + Gemüse;180;043598;1;;Bt;Minze, 250 g;8.72;8.72;0.22672;7610632977873;0;0;1;;
90032154;63852924;2026-03-13;BGH;Früchte + Gemüse;190;042007;1;;St;Gurken 400 - 500 g / St, 12 St;1.14;13.68;0.35568;7610632995013;0;1;1;;
90032154;63852924;2026-03-13;BGH;Früchte + Gemüse;200;047410;4;;Sc;Johannisbeeren, Import, 125 g;5.42;21.68;0.56368;7610632010327;0;0;1;;
90032154;63852924;2026-03-13;BGH;Nonfood;210;991230;4;;Rl;Jet-Cut Frischhaltefolie PVC Refill 45 cm x 500 m;31.71;126.84;10.27404;7610222700348;0;0;2;;
90032154;63852924;2026-03-13;BGH;Nonfood;220;989815;4;;Pk;Deckel rPET zu Salatschale rund Pack zu 50 Stück;10.44;41.76;3.38256;3342690157730;0;0;3;;
90032154;63852924;2026-03-13;BGH;Nonfood;230;991280;1;;Pk;Backstar Backpapier Profi Bäckernorm 60 x 40 cm Pack zu 300 Bogen;43.61;43.61;3.53241;7610222701703;0;0;2;;
90032154;63852924;2026-03-13;BGH;Früchte + Gemüse;240;047138;1;;Sc;Erdbeeren Import, 500 g;3.76;3.76;0.09776;7610632070444;0;1;1;;
90032154;63852924;2026-03-13;BGH;Molkerei/Backwaren;250;012971;1;1.057;kg;Nuss Käse, 1/1 Laib ca. 1 kg;24.95;26.37215;0.6856759;2935031999994;0;0;1;;
90032154;63852924;2026-03-13;BGH;Molkerei/Backwaren;260;006441;1;;St;Hug Kleinbrötchen, assortiert, tiefgekühlt, 100 x 30 g;0.5;50;1.3;7610032026577;0;0;1;;
90032154;63852924;2026-03-13;BGH;Molkerei/Backwaren;270;099230;1;;St;Romer's Schraubenbrot dunkel, vorgebacken, tiefgekühlt, 10 x 350 g;2.33;23.3;0.6058;7611075109593;0;0;1;;
90032154;63852924;2026-03-13;BGH;Molkerei/Backwaren;280;005010;1;;kg;Quality Joghurt Nature, 3 kg;2.44;7.32;0.19032;7610034534230;0;0;7;;
90032154;63852924;2026-03-13;BGH;Früchte + Gemüse;290;046909;1;;kg;Birchermüesli Extra fixfertig, 3 kg;10.37;31.11;0.80886;7610227917123;0;0;7;;
90032154;63852924;2026-03-13;BGH;Food;300;412980;2;;Bt;Natura Bio Knospe Datteln entsteint, 500 g;5.52;11.04;0.28704;7610034528000;0;0;1;;
90032154;63852924;2026-03-13;BGH;Metzgerei;310;075392;5;12.5;kg;Krebs Geflügelfleischkügeli gekocht, tiefgekühlt, ca. 2,5 kg;14.75;184.375;4.79375;2986271999992;0;0;7;;
90032154;63852924;2026-03-13;BGH;Food;320;362291;1;;Kt;Hug Pastetli Menu, 8,5 cm, 72 Stück;65.93;65.93;1.71418;7610032045349;0;0;1;;
90032154;63852924;2026-03-13;BGH;Metzgerei;330;067090;2;;kg;GGAP Lachsforellen Filet, mit Haut, grätenarm, ca. 130 - 160 g, tiefgekühlt, 5 x 1 kg;15.74;157.4;4.0924;8718564925906;0;0;7;;
90032154;63852924;2026-03-13;BGH;Nearfood;340;992784;2;;Rl;Tempo Toilettenpapier Classic, 3-lagig, weiss, 150 Blatt, 24 Rollen;0.88;42.24;3.42144;7322542627334;0;0;8;;
90032154;63852924;2026-03-13;BGH;Früchte + Gemüse;350;047866;2;;St;Mango essreif Stück, ca. 420 g;2.18;4.36;0.11336;7610632002612;0;0;1;;
90032154;63852924;2026-03-13;BGH;Metzgerei;360;002082;2;5.656;kg;Rinds-Hohrücken II spezial, ca. 2,5 kg;30.1;170.2456;4.4263856;97610011016233;0;0;1;;
90032154;63852924;2026-03-13;BGH;Früchte + Gemüse;370;000079;3;;St;Ifco LiftLock;3.2;9.6;0;2000007960008;0;0;0;;
90032154;63852924;2026-03-13;BGH;Früchte + Gemüse;380;000079;3;;St;Ifco LiftLock;3.2;9.6;0;2000007960008;0;0;0;;
90032154;63848136;2026-03-11;BGH;Früchte + Gemüse;10;000079;-22;;St;Ifco LiftLock;3.2;-70.4;0;2000007960008;0;0;0;;
90032154;63848136;2026-03-11;BGH;Molkerei/Backwaren;10;009223;4;;Pk;New York Cheesecake, geschnitten, tiefgekühlt, 1,93 kg;45.91;183.64;4.77464;0749017009148;0;0;7;;
90032154;63848136;2026-03-11;BGH;Molkerei/Backwaren;10;019481;8;;Be;Galbani Mascarpone, 500 g;7.65;61.2;1.5912;8000430171013;0;0;1;;
90032154;63848136;2026-03-11;BGH;Nearfood;10;989510;6;;Pk;Duni Servietten, 1/8 Falz, 3-lagig, 40 x 40 cm, weiss, 250 St;13.38;80.28;6.50268;7321012028503;0;0;3;;
90032154;63848136;2026-03-11;BGH;Food;20;110060;1;;Pk;Feinkristallzucker, 10 x 1 kg;1.36;13.6;0.3536;7610034510661;0;0;1;;
90032154;63848136;2026-03-11;BGH;Nonfood;20;993032;4;;Pk;Quality Besteckset Holz FSC 3 in 1 Pack zu 100 Set;12.91;51.64;4.18284;7610034528123;0;0;3;;
90032154;63848136;2026-03-11;BGH;Food;30;107910;10;;Pk;Quality Löffelbiskuits, 400 g;2.18;21.8;0.5668;7610034516687;0;1;1;;
90032154;63848136;2026-03-11;BGH;Nearfood;40;992093;2;;Pk;Quality Toilettenpapier, 4-lagig, weiss, 160 Blatt, 24 Rl;16.37;32.74;2.65194;7610034532120;0;0;3;;
90032154;63848136;2026-03-11;BGH;Food;50;314871;1;;Bt;Economy Chips Nature, 12 x 400 g;4.47;53.64;1.39464;7610034534223;0;0;1;;
90032154;63848136;2026-03-11;BGH;Food;60;367070;2;;Ds;Premium Wasabi Erdnüsse, 600 g;9.84;19.68;0.51168;7610034511286;0;0;1;;
90032154;63848136;2026-03-11;BGH;Food;70;367050;2;;Ds;Premium Tom Yam Erdnüsse, 600 g;9.84;19.68;0.51168;7610034511248;0;0;1;;
90032154;63848136;2026-03-11;BGH;Food;80;367040;2;;Ds;Premium Sriracha coated Cashews, 600 g;18.96;37.92;0.98592;7610034511224;0;0;1;;
90032154;63848136;2026-03-11;BGH;Food;90;566330;6;;Fl;Heinz Tomato Ketchup, 800 ml;5.53;33.18;0.86268;87157277;0;0;1;;
90032154;63848136;2026-03-11;BGH;Food;100;510520;6;;Fl;Quality Mayonnaise Squeeze, 865 g;7.49;44.94;1.16844;7610034512658;0;0;1;;
90032154;63848136;2026-03-11;BGH;Nearfood;120;993320;2;;Rl;Quality Wischtücher Midi, 2-lagig, weiss, 450 Blatt, 6 Rl;6.78;81.36;6.59016;7610034546196;0;0;3;;
90032154;63848136;2026-03-11;BGH;Food;130;100080;1;;Lt;Quality Rapsöl, 20 l;3.48;69.6;1.8096;7610034515147;0;0;1;;
90032154;63848136;2026-03-11;BGH;Food;140;115081;1;;Lt;Quality Frito 2000 Gold, Frittieröl, 20 l;4.91;98.2;2.5532;7610034515079;0;0;1;;
90032154;63848136;2026-03-11;BGH;Nonfood;150;989812;6;;Pk;Salatschale Karton rund FSC 750 ml Pack zu 50 Stück;18.9;113.4;9.1854;5901360017286;0;0;3;;
90032154;63848136;2026-03-11;BGH;Nonfood;160;989814;3;;Pk;Deckel PP zu Salatschale rund Pack zu 50 Stück;10.44;31.32;2.53692;4010494919753;0;0;3;;
90032154;63848136;2026-03-11;BGH;Food;170;570732;1;;Pk;Gogi Tempura Mehl, 24 x 150 g;1.49;35.76;0.92976;2057073200002;0;0;1;;
90032154;63848136;2026-03-11;BGH;Food;180;410641;10;;Pk;Barilla glutenfreie Penne rigate, 400 g;3.56;35.6;0.9256;8076809545457;0;0;1;;
90032154;63848136;2026-03-11;BGH;Früchte + Gemüse;190;093791;4;;Gl;Perlen Balsamico-Essig, 200 g;16.16;64.64;1.68064;3467740093926;0;0;1;;
90032154;63848136;2026-03-11;BGH;Food;200;564040;5;;Gl;Bosco d'oro Carpaccio, aus Sommertrüffeln, schwarz, 45 g;18.74;93.7;2.4362;8032680690549;0;0;1;;
90032154;63848136;2026-03-11;BGH;Molkerei/Backwaren;210;024440;5;;Tp;Quality Vollrahm 35%, UHT, 12 x 1 l;5.84;350.4;9.1104;7610034505315;0;0;1;;
90032154;63848136;2026-03-11;BGH;Molkerei/Backwaren;230;095000;2;;St;Eier Schweiz, Bodenhaltung, 53g+, 90 Stück;0.39;70.2;1.8252;7640104163114;0;1;1;;
90032154;63848136;2026-03-11;BGH;Molkerei/Backwaren;240;010201;10;;Bt;Economy Gran Moravia, gerieben, 1 kg;16.52;165.2;4.2952;4388040201158;0;0;7;;
90032154;63848136;2026-03-11;BGH;Molkerei/Backwaren;250;012201;5;;Bt;Economy Gran Moravia, gehobelt, 500 g;9.09;45.45;1.1817;4388040201172;0;0;7;;
90032154;63848136;2026-03-11;BGH;Molkerei/Backwaren;260;018891;6;;Ds;Ömür Hirtenkäse 55%, 800 g;9.76;58.56;1.52256;4002566002449;0;0;1;;
90032154;63848136;2026-03-11;BGH;Molkerei/Backwaren;270;019372;3;;St;Soignon Bûche de chèvre, Weichkäse, 1 kg;16.86;50.58;1.31508;3523237481000;0;0;1;;
90032154;63848136;2026-03-11;BGH;Früchte + Gemüse;280;046922;4;;Sc;Blueberries, 500 g;8.13;32.52;0.84552;7610632010297;0;0;1;;
90032154;63848136;2026-03-11;BGH;Früchte + Gemüse;290;047410;4;;Sc;Johannisbeeren, Import, 125 g;5.42;21.68;0.56368;7610632010327;0;0;1;;
90032154;63848136;2026-03-11;BGH;Früchte + Gemüse;300;044540;4;;kg;Rucola / Rauke ungewaschen, 1 kg;12.9;51.6;1.3416;7610514613219;0;0;1;;
90032154;63848136;2026-03-11;BGH;Früchte + Gemüse;310;041241;8;;St;Eichblattsalat rot / grün Schweiz Hydro, gemischt, 8 St;2.18;139.52;3.62752;7613399058038;0;0;7;;
90032154;63848136;2026-03-11;BGH;Früchte + Gemüse;311;000079;8;;St;Ifco LiftLock;3.2;25.6;0;2000007960008;0;0;0;;
90032154;63848136;2026-03-11;BGH;Früchte + Gemüse;320;040329;4;;Bt;Basilikum, 1 kg;29.39;117.56;3.05656;7610632989975;0;0;1;;
90032154;63848136;2026-03-11;BGH;Früchte + Gemüse;330;043598;2;;Bt;Minze, 250 g;8.72;17.44;0.45344;7610632977873;0;0;1;;
90032154;63848136;2026-03-11;BGH;Früchte + Gemüse;340;044720;3;;Bd;Salbei Bund, 80 g;4.18;12.54;0.32604;7610632942598;0;0;1;;
90032154;63848136;2026-03-11;BGH;Früchte + Gemüse;350;044156;3;;Bt;Petersilie gekraust, gepackt, 500 g;7.31;21.93;0.57018;7610632995082;0;0;1;;
90032154;63848136;2026-03-11;BGH;Food;360;512330;1;;Bt;Quality Petersilie, 110 g;6.04;6.04;0.15704;7610034520943;0;0;1;;
90032154;63848136;2026-03-11;BGH;Food;370;512360;1;;Ds;Quality Estragon geschnitten, 110 g;10.51;10.51;0.27326;7610034519381;0;0;1;;
90032154;63848136;2026-03-11;BGH;Food;380;512250;1;;Bt;Quality Paprika mild, 900 g;15.6;15.6;0.4056;7610034518223;0;0;1;;
90032154;63848136;2026-03-11;BGH;Früchte + Gemüse;390;044107;3;;kg;Peperoni Tricolor, Import, 5 kg;5.19;77.85;2.0241;7610632977132;0;0;1;;
90032154;63848136;2026-03-11;BGH;Früchte + Gemüse;391;000079;3;;St;Ifco LiftLock;3.2;9.6;0;2000007960008;0;0;0;;
90032154;63848136;2026-03-11;BGH;Früchte + Gemüse;400;045707;2;;kg;Zucchetti, 5 kg;2.42;24.2;0.6292;7610632980545;0;0;1;;
90032154;63848136;2026-03-11;BGH;Früchte + Gemüse;410;040257;2;;kg;Auberginen, 5 kg;2.48;24.8;0.6448;7610632977958;0;1;1;;
90032154;63848136;2026-03-11;BGH;Früchte + Gemüse;420;045186;4;;Bd;Thymian Bund, 80 g;4.18;16.72;0.43472;7610632942604;0;0;1;;
90032154;63848136;2026-03-11;BGH;Früchte + Gemüse;430;044536;4;;Bd;Rosmarin Bund, 80 g;4.18;16.72;0.43472;7610632942581;0;0;1;;
90032154;63848136;2026-03-11;BGH;Früchte + Gemüse;440;042592;1;;Ds;Knoblauch Original ganz geschält, 1kg;11.01;11.01;0.28626;3700430300004;0;0;7;;
90032154;63848136;2026-03-11;BGH;Molkerei/Backwaren;450;027581;5;;St;Emmi Kräuterbutter, Stange, 500 g;13.93;69.65;1.8109;7610900154289;0;0;1;;
90032154;63848136;2026-03-11;BGH;Früchte + Gemüse;460;040968;7;;kg;Cherry Tomaten Rispen, 3 kg;3.76;78.96;2.05296;7610632949894;0;1;1;;
90032154;63848136;2026-03-11;BGH;Molkerei/Backwaren;470;024673;1;;Ke;Quality Crème Fraîche, Sauerrahm 35%, 2,5 kg;24.51;24.51;0.63726;7610034514973;0;0;1;;
90032154;63848136;2026-03-11;BGH;Food;480;510111;1;;Ke;Quality Mayonnaise, 4,75 kg;16.42;16.42;0.42692;7610034512672;0;1;1;;
90032154;63848136;2026-03-11;BGH;Food;490;481651;10;;Ds;Mutti Tomatenmark zweifach konzentriert, 880 g;5.7;57;1.482;8005110020001;0;0;1;;
90032154;63848136;2026-03-11;BGH;Food;500;511501;3;;Ds;Economy Oliven schwarz entsteint, 4,25 kg;13.72;41.16;1.07016;4388040253720;0;0;1;;
90032154;63848136;2026-03-11;BGH;Food;510;511411;3;;Ds;Economy Sweet Corn - Maiskörner, 2,125 kg;5.2;15.6;0.4056;7610034526068;0;0;1;;
90032154;63848136;2026-03-11;BGH;Food;520;349611;1;;Kt;Hardy's Hüppen Topolinos, 300 Stück;33.17;33.17;0.86242;7610666001025;0;0;1;;
90032154;63848136;2026-03-11;BGH;Früchte + Gemüse;530;049247;10;;Sc;Champignons weiss geschnitten, frisch, 1 kg;7.43;74.3;1.9318;7610439900265;0;1;1;;
90032154;63848136;2026-03-11;BGH;Früchte + Gemüse;540;048823;1;;kg;Zitronen, 15 kg;2.48;37.2;0.9672;7610632071045;0;0;1;;
90032154;63848136;2026-03-11;BGH;Früchte + Gemüse;541;000079;1;;St;Ifco LiftLock;3.2;3.2;0;2000007960008;0;0;0;;
90032154;63848136;2026-03-11;BGH;Früchte + Gemüse;550;048116;1;;kg;Orangen blond, 15 kg;1.79;26.85;0.6981;7610632442548;0;0;1;;
90032154;63848136;2026-03-11;BGH;Früchte + Gemüse;551;000079;1;;St;Ifco LiftLock;3.2;3.2;0;2000007960008;0;0;0;;
90032154;63848136;2026-03-11;BGH;Molkerei/Backwaren;560;015781;2;;Pk;Quality Cheddar, rot, Scheiben, 88 x 12,3 g;14.75;29.5;0.767;7610034517592;0;0;1;;
90032154;63848136;2026-03-11;BGH;Molkerei/Backwaren;570;027310;1;;kg;Economy Butter, 10 x 1 kg;13.22;132.2;3.4372;7610034508224;0;0;1;;
90032154;63848136;2026-03-11;BGH;Molkerei/Backwaren;580;008700;1;;kg;Quality Vollei flüssig Import, Bodenhaltung, pasteurisiert, 10 kg;6.78;67.8;1.7628;4388040268236;0;0;1;;
90032154;63848136;2026-03-11;BGH;Metzgerei;590;001502;4;10.11;kg;Poulet Brust ohne Haut mit Innenfilet, 90-220 g, ca. 2,5 kg;20.69;209.1759;5.4385734;97610011945694;0;0;1;;
90032154;63848136;2026-03-11;BGH;Metzgerei;600;002409;10;15.55;kg;Rinds-Filetspitz Kopf II, ca. 1,5 kg;39.5;614.225;15.96985;97610100000006;0;0;1;;
90032154;63848136;2026-03-11;BGH;Metzgerei;610;068151;10;;kg;Economy ASC Crevetten Black Tiger, geschält, entdarmt, 8/12, tiefgekühlt, 1 kg;20.69;206.9;5.3794;7610034523548;0;0;7;;
90032154;63848136;2026-03-11;BGH;Metzgerei;620;053630;2;;St;Bell Beefsteak Tatar, Portionen, tiefgekühlt, 20 x 70 g;2.28;91.2;2.3712;7610788768554;0;0;1;;
90032154;63848136;2026-03-11;BGH;Metzgerei;630;001992;1;5.11;kg;Quality GGAP Goldbrassen Filet, mit Haut, grätenarm, ca. 90-140 g, ca. 1 kg;22.28;113.8508;2.9601208;97610162283126;0;1;1;;
90032154;63848136;2026-03-11;BGH;Metzgerei;640;001976;1;5.8;kg;Quality GGAP Lachs Filet, mit Haut, grätenarm, ca. 1,0 - 1,4 kg;17.77;103.066;2.679716;97610162230489;0;1;1;;
90032154;63848136;2026-03-11;BGH;Metzgerei;650;003663;3;3.37;kg;Quality ASC Lachs Filet, ohne Haut, grätenarm, ca. 1 - 1,4 kg;24.26;81.7562;2.1256612;2909922999998;0;0;1;;
90032154;63848136;2026-03-11;BGH;Metzgerei;660;081540;2;6.168;kg;Quality Bratspeck ohne Schwarte, ohne Knorpel, 1/1, ca. 3 kg;16.73;103.19064;2.68295664;2945670999996;0;0;1;;
90032154;63848136;2026-03-11;BGH;Nonfood;680;928868;1;;St;Brother TN-243Y Yellow;70.27;70.27;5.69187;4977766787475;0;0;2;;
90032154;63848136;2026-03-11;BGH;Food;690;234790;4;;kg;Carnaroli Risottoreis, 5 kg;3.42;68.4;1.7784;7610815101835;0;1;1;;
90032154;63848136;2026-03-11;BGH;Food;700;396130;3;;Ds;Raimond Frères MSC Thon rosé in Wasser, 4 x 200 g;2.23;26.76;0.69576;7615900629898;0;0;1;;
90032154;63848136;2026-03-11;BGH;Metzgerei;710;054350;1;2.885;kg;Yellowfin Thunfisch Filet, Mittelstück, Sashimiqualität, ready-to-eat, 2 x ca. 1,5 kg;29.6;85.396;2.220296;2905435999999;0;0;7;;
90032154;63848136;2026-03-11;BGH;Früchte + Gemüse;720;040401;2;;kg;Baked Potatoes, festkochend, 10 kg;1.59;31.8;0.8268;7628072012900;0;0;1;;
90032154;63848136;2026-03-11;BGH;Früchte + Gemüse;721;000079;2;;St;Ifco LiftLock;3.2;6.4;0;2000007960008;0;0;0;;
90032154;63848136;2026-03-11;BGH;Früchte + Gemüse;730;045882;1;;kg;Zwiebeln gross, 10 kg;1.62;16.2;0.4212;7628072003557;0;0;7;;
90032154;63848136;2026-03-11;BGH;Früchte + Gemüse;731;000079;1;;St;Ifco LiftLock;3.2;3.2;0;2000007960008;0;0;0;;
90032154;63848136;2026-03-11;BGH;Food;740;401611;1;;Pk;Chaokoh Kokosnussmilch UHT, 12 x 1 l;5.34;64.08;1.66608;18850813120155;0;0;1;;
90032154;63848136;2026-03-11;BGH;Früchte + Gemüse;750;042007;2;;St;Gurken 400 - 500 g / St, 12 St;1.14;27.36;0.71136;7610632995013;0;1;1;;
90032154;63848136;2026-03-11;BGH;Früchte + Gemüse;760;092960;1;;kg;Quality Morcheln, TK, 2 x 1 kg;40.16;80.32;2.08832;7610034505896;0;0;1;;
90032154;63848136;2026-03-11;BGH;Früchte + Gemüse;770;045777;9;;Sc;Zucchetti Mini-Gemüse ohne Blüte, ca. 5 - 6 Stück;7.77;69.93;1.81818;7610632991527;0;0;1;;
90032154;63848136;2026-03-11;BGH;Früchte + Gemüse;780;043957;7;;Sc;Patisson Mini Gemüse, ca. 9 St;7.31;51.17;1.33042;7610632991541;0;0;1;;
90032154;63848136;2026-03-11;BGH;Früchte + Gemüse;790;044667;9;;Sc;Mini Rüebli / Karotten mit Laubansatz, ca. 200 g;7.01;63.09;1.64034;7610632955345;0;0;1;;
90032154;63848136;2026-03-11;BGH;Früchte + Gemüse;800;044139;1;;kg;Peperoni Mini Mix, 3 kg;8.66;25.98;0.67548;7610632970782;0;0;1;;
90032154;63848136;2026-03-11;BGH;Metzgerei;810;072090;1;;kg;Quality Chicken Nuggets, geformt, paniert, frittiert, tiefgekühlt, 3 x 2 kg;10.88;65.28;1.69728;7610162372230;0;1;1;;
90032154;63848136;2026-03-11;BGH;Food;820;560280;1;;kg;JuraSel Speisesalz mit Jod, 25 kg;0.68;17;0.442;7610039000242;0;0;1;;
90032154;63848136;2026-03-11;BGH;Früchte + Gemüse;830;044643;3;;Bt;Quality Rüebli- Karotten Julienne, 1,6 mm, 1 kg;4.7;14.1;0.3666;7610034507050;0;0;1;;
90032154;63848136;2026-03-11;BGH;Früchte + Gemüse;840;044701;1;;kg;Rüebli / Karotten Gastro, 5 kg;1.49;7.45;0.1937;7628072012849;0;1;1;;
90032154;63848136;2026-03-11;BGH;Früchte + Gemüse;841;000079;1;;St;Ifco LiftLock;3.2;3.2;0;2000007960008;0;0;0;;
90032154;63848136;2026-03-11;BGH;Metzgerei;850;002098;1;2.05;kg;Kalbs-Nierstück, kurz, ca. 1.6 kg;54.95;112.6475;2.928835;97610011044199;0;0;1;;
90032154;63848136;2026-03-11;BGH;Food;870;101612;1;;Fl;Kressi Kräuteressig, 12 x 1 l;3.86;46.32;1.20432;7615200002742;0;0;1;;
90032154;63848136;2026-03-11;BGH;Wein;880;639240;1;;Bx;Montagne Belle Allure Vin Rouge, 10 l BiB;21.78;21.78;1.76418;7610593204872;0;0;3;;
90032154;63848136;2026-03-11;BGH;Food;890;153062;5;;Pk;Thomy Sauce Hollandaise, 1 l;10.15;50.75;1.3195;7610100021190;0;0;1;;
90032154;63848136;2026-03-11;BGH;Früchte + Gemüse;900;000079;2;;St;Ifco LiftLock;3.2;6.4;0;2000007960008;0;0;0;;
90032154;63848136;2026-03-11;BGH;Früchte + Gemüse;910;000079;5;;St;Ifco LiftLock;3.2;16;0;2000007960008;0;0;0;;
90032154;63848136;2026-03-11;BGH;Früchte + Gemüse;920;000079;9;;St;Ifco LiftLock;3.2;28.8;0;2000007960008;0;0;0;;
90032154;63840813;2026-03-06;BGH;Früchte + Gemüse;10;000079;-18;;St;Ifco LiftLock;3.2;-57.6;0;2000007960008;0;0;0;;
90032154;63840813;2026-03-06;BGH;Metzgerei;10;002094;1;1.727;kg;Kalbs-Nuss, ohne Schale, enthäutet, ca. 1,5 kg;37.61;64.95247;1.68876422;97610011044298;0;1;1;;
90032154;63840813;2026-03-06;BGH;Früchte + Gemüse;10;521631;9;;kg;Ponthier Passionsfrucht Pürée, 1 kg;16.37;147.33;3.83058;3228170865404;0;0;1;;
90032154;63840813;2026-03-06;BGH;Food;10;592350;1;;Pk;Maggi Sauce Demi-Glace, Gastro, 3,5 kg;54.85;54.85;1.4261;8585002450753;0;1;1;;
90032154;63840813;2026-03-06;BGH;Früchte + Gemüse;20;047754;2;8.4;kg;Limetten / Limes, 4,2 kg;3.51;29.484;0.766584;2905054999998;0;0;1;;
90032154;63840813;2026-03-06;BGH;Nonfood;20;989812;6;;Pk;Salatschale Karton rund FSC 750 ml Pack zu 50 Stück;18.9;113.4;9.1854;5901360017286;0;0;3;;
90032154;63840813;2026-03-06;BGH;Früchte + Gemüse;30;043598;2;;Bt;Minze, 250 g;8.72;17.44;0.45344;7610632977873;0;0;1;;
90032154;63840813;2026-03-06;BGH;Nonfood;30;981140;6;;Pk;Deckel zu Schale PP 50 ml Pack zu 100 Stück;8.62;51.72;4.18932;4010494071741;0;0;2;;
90032154;63840813;2026-03-06;BGH;Molkerei/Backwaren;40;027310;1;;kg;Economy Butter, 10 x 1 kg;13.22;132.2;3.4372;7610034508224;0;0;1;;
90032154;63840813;2026-03-06;BGH;Früchte + Gemüse;40;046909;1;;kg;Birchermüesli Extra fixfertig, 3 kg;10.37;31.11;0.80886;7610227917123;0;0;7;;
90032154;63840813;2026-03-06;BGH;Früchte + Gemüse;50;045707;3;;kg;Zucchetti, 5 kg;2.13;31.95;0.8307;7610632980545;0;1;1;;
90032154;63840813;2026-03-06;BGH;Metzgerei;50;078299;1;1.56;kg;Quality Truten Brust geräucht, gekocht, Frankreich, 1/3, ca. 1,3 kg;19.11;29.8116;0.7751016;2949556999995;0;0;1;;
90032154;63840813;2026-03-06;BGH;Früchte + Gemüse;60;040257;2;;kg;Auberginen, 5 kg;2.71;27.1;0.7046;7610632977958;0;0;1;;
90032154;63840813;2026-03-06;BGH;Metzgerei;60;087284;1;0.606;kg;Albert Spiess Bündner Coppa 1/2, ca. 600 g;30.99;18.77994;0.48827844;2914232999996;0;0;1;;
90032154;63840813;2026-03-06;BGH;Molkerei/Backwaren;70;012971;1;1.051;kg;Nuss Käse, 1/1 Laib ca. 1 kg;24.95;26.22245;0.6817837;2935031999994;0;0;1;;
90032154;63840813;2026-03-06;BGH;Früchte + Gemüse;70;046240;1;;St;Ananas Schiff, ca. 1,5 kg;3.51;3.51;0.09126;5425003611179;0;0;1;;
90032154;63840813;2026-03-06;BGH;Molkerei/Backwaren;80;010436;1;1.54;kg;Quality Emmentaler AOP, ca. 1,7 kg;12.08;18.6032;0.4836832;2900196999998;0;1;1;;
90032154;63840813;2026-03-06;BGH;Früchte + Gemüse;80;046646;1;;kg;Max Havelaar Bananen, Farbe 4, 2 kg;3.27;6.54;0.17004;7613399059851;0;1;7;;
90032154;63840813;2026-03-06;BGH;Früchte + Gemüse;81;000079;1;;St;Ifco LiftLock;3.2;3.2;0;2000007960008;0;0;0;;
90032154;63840813;2026-03-06;BGH;Molkerei/Backwaren;90;010131;1;;Pk;Berner Alphobelkäse AOP, gerollt, 600 g;27.67;27.67;0.71942;7600400001121;0;0;1;;
90032154;63840813;2026-03-06;BGH;Molkerei/Backwaren;90;016601;4;;kg;Quality Grana Padano DOP, gerieben, 1 kg;16.73;66.92;1.73992;4388040340352;0;0;7;;
90032154;63840813;2026-03-06;BGH;Molkerei/Backwaren;100;012201;4;;Bt;Economy Gran Moravia, gehobelt, 500 g;9.09;36.36;0.94536;4388040201172;0;0;7;;
90032154;63840813;2026-03-06;BGH;Metzgerei;110;002409;5;7.459;kg;Rinds-Filetspitz Kopf II, ca. 1,5 kg;39.5;294.6305;7.660393;97610100000006;0;0;1;;
90032154;63840813;2026-03-06;BGH;Molkerei/Backwaren;120;006436;1;;St;Margo Kraftkorn Malz Bagel, tiefgekühlt, 44 x 100 g;0.74;32.56;0.84656;4017040016621;0;1;1;;
90032154;63840813;2026-03-06;BGH;Metzgerei;120;081540;3;10.704;kg;Quality Bratspeck ohne Schwarte, ohne Knorpel, 1/1, ca. 3 kg;16.73;179.07792;4.65602592;2945670999996;0;0;1;;
90032154;63840813;2026-03-06;BGH;Früchte + Gemüse;130;041241;6;;St;Eichblattsalat rot / grün Schweiz Hydro, gemischt, 8 St;1.78;85.44;2.22144;7613399058038;0;1;7;;
90032154;63840813;2026-03-06;BGH;Früchte + Gemüse;130;042007;2;;St;Gurken 400 - 500 g / St, 12 St;1.36;32.64;0.84864;7610632995013;0;0;1;;
90032154;63840813;2026-03-06;BGH;Früchte + Gemüse;131;000079;6;;St;Ifco LiftLock;3.2;19.2;0;2000007960008;0;0;0;;
90032154;63840813;2026-03-06;BGH;Früchte + Gemüse;140;044643;4;;Bt;Quality Rüebli- Karotten Julienne, 1,6 mm, 1 kg;4.7;18.8;0.4888;7610034507050;0;0;1;;
90032154;63840813;2026-03-06;BGH;Früchte + Gemüse;150;043993;1;3;kg;Peperoncini rot, ca. 3 kg;8.13;24.39;0.63414;2960473999998;0;0;1;;
90032154;63840813;2026-03-06;BGH;Früchte + Gemüse;150;044628;1;;kg;Rüebli / Karotten mittel gewaschen, 10 kg;1.82;18.2;0.4732;7613399004202;0;0;1;;
90032154;63840813;2026-03-06;BGH;Früchte + Gemüse;151;000079;1;;St;Ifco LiftLock;3.2;3.2;0;2000007960008;0;0;0;;
90032154;63840813;2026-03-06;BGH;Früchte + Gemüse;160;044003;1;3;kg;Peperoncini grün, ca. 3 kg;8.89;26.67;0.69342;2904473999992;0;0;1;;
90032154;63840813;2026-03-06;BGH;Früchte + Gemüse;160;044626;1;;Bt;Rüebli / Karotten mittel gewaschen, gepackt, 1 kg;2;2;0.052;7613399001430;0;0;1;;
90032154;63840813;2026-03-06;BGH;Molkerei/Backwaren;170;008700;1;;kg;Quality Vollei flüssig Import, Bodenhaltung, pasteurisiert, 10 kg;6.78;67.8;1.7628;4388040268236;0;0;1;;
90032154;63840813;2026-03-06;BGH;Früchte + Gemüse;170;047754;1;4.2;kg;Limetten / Limes, 4,2 kg;3.51;14.742;0.383292;2905054999998;0;0;1;;
90032154;63840813;2026-03-06;BGH;Molkerei/Backwaren;180;025020;2;;Kt;Kaffeerahm Portionen ohne Logo, UHT, 200 x 12 g;12.07;24.14;0.62764;7610900008056;0;0;1;;
90032154;63840813;2026-03-06;BGH;Food;180;153062;4;;Pk;Thomy Sauce Hollandaise, 1 l;10.15;40.6;1.0556;7610100021190;0;0;1;;
90032154;63840813;2026-03-06;BGH;Früchte + Gemüse;190;000079;1;;St;Ifco LiftLock;3.2;3.2;0;2000007960008;0;0;0;;
90032154;63840813;2026-03-06;BGH;Früchte + Gemüse;190;049247;3;;Sc;Champignons weiss geschnitten, frisch, 1 kg;7.43;22.29;0.57954;7610439900265;0;1;1;;
90032154;63840813;2026-03-06;BGH;Molkerei/Backwaren;200;024440;2;;Tp;Quality Vollrahm 35%, UHT, 12 x 1 l;5.84;140.16;3.64416;7610034505315;0;0;1;;
90032154;63840813;2026-03-06;BGH;Molkerei/Backwaren;210;024790;1;;Ds;Floralp Vollrahm 35%, ohne Zucker, UHT, 6 x 500 g;7.17;43.02;1.11852;7612300013173;0;0;7;;
90032154;63840813;2026-03-06;BGH;Molkerei/Backwaren;220;022600;1;;Tp;Quality Vollmilch 3,5%, UHT, 12 x 1 l;1.27;15.24;0.39624;7610034507807;0;0;1;;
90032154;63840813;2026-03-06;BGH;Molkerei/Backwaren;230;012383;1;1.407;kg;Defendi Gorgonzola San Antonio DOP, 1/4 Laib ca. 1,5 kg;15.46;21.75222;0.56555772;2902117999995;0;0;1;;
90032154;63840813;2026-03-06;BGH;Früchte + Gemüse;240;094400;1;;kg;Quality Blattspinat-Portionen, TK, 2 x 2,5 kg;3.75;18.75;0.4875;7610034505506;0;0;1;;
90032154;63840813;2026-03-06;BGH;Früchte + Gemüse;250;091930;1;;kg;Ditzler Brunoise Gemüse, assortiert, TK, 4 x 1,25 kg;6.1;30.5;0.793;7610247002038;0;0;1;;
90032154;63840813;2026-03-06;BGH;Metzgerei;260;074190;1;;St;Bell Rinds-Hackbraten, tiefgekühlt, 3 x 1 kg;16.53;49.59;1.28934;7610162316357;0;0;1;;
90032154;63840813;2026-03-06;BGH;Früchte + Gemüse;270;040401;1;;kg;Baked Potatoes, festkochend, 10 kg;1.59;15.9;0.4134;7628072012900;0;0;1;;
90032154;63840813;2026-03-06;BGH;Früchte + Gemüse;271;000079;1;;St;Ifco LiftLock;3.2;3.2;0;2000007960008;0;0;0;;
90032154;63840813;2026-03-06;BGH;Früchte + Gemüse;280;040329;3;;Bt;Basilikum, 1 kg;29.39;88.17;2.29242;7610632989975;0;0;1;;
90032154;63840813;2026-03-06;BGH;Früchte + Gemüse;290;044720;2;;Bd;Salbei Bund, 80 g;4.18;8.36;0.21736;7610632942598;0;0;1;;
90032154;63840813;2026-03-06;BGH;Früchte + Gemüse;300;040620;1;;Be;BRESC Ingwerpüree, 450 g;10.71;10.71;0.27846;8712698500022;0;0;1;;
90032154;63840813;2026-03-06;BGH;Metzgerei;310;001976;1;7.215;kg;Quality GGAP Lachs Filet, mit Haut, grätenarm, ca. 1,0 - 1,4 kg;20.69;149.27835;3.8812371;97610162230489;0;0;1;;
90032154;63840813;2026-03-06;BGH;Food;320;411530;1;;Fl;Natura Bio Ahornsirup, Grad C, 1 l;22.31;22.31;0.58006;9010054118560;0;0;1;;
90032154;63840813;2026-03-06;BGH;Früchte + Gemüse;330;090490;1;;kg;Frigemo Country Cuts, TK, 2 x 2,5 kg;5.84;29.2;0.7592;7610078014736;0;0;1;;
90032154;63840813;2026-03-06;BGH;Früchte + Gemüse;340;046240;1;;St;Ananas Schiff, ca. 1,5 kg;3.51;3.51;0.09126;5425003611179;0;0;1;;
90032154;63840813;2026-03-06;BGH;Nearfood;350;975792;2;;Pk;Quality Einweghandschuhe Nitril, Grösse L, schwarz, 100 St;8.81;17.62;1.42722;7610034546639;0;0;2;;
90032154;63840813;2026-03-06;BGH;Food;360;100070;1;;Lt;Economy Frittieröl, 20 l;4.45;89;2.314;7610034508873;0;0;1;;
90032154;63840813;2026-03-06;BGH;Food;370;590111;1;;Lt;Quality Sonnenblumenöl, 20 l;4.41;88.2;2.2932;7610034515024;0;0;1;;
90032154;63840813;2026-03-06;BGH;Früchte + Gemüse;380;094401;1;;kg;Quality Broccoli-Röschen 30 - 60 mm, TK, 2 x 2,5 kg;4.9;24.5;0.637;7610034505513;0;0;1;;
90032154;63840813;2026-03-06;BGH;Metzgerei;390;069140;2;;kg;Tintenfisch Ringe, im Teig, alla romana, tiefgekühlt, 8 x 1 kg;7.43;118.88;3.09088;8410019010266;0;1;1;;
90032154;63840813;2026-03-06;BGH;Metzgerei;400;056260;1;14.85;kg;Fernheim Rinds-Huft Paraguay, ca. 13,5 kg;27.71;411.4935;10.698831;2856260999992;0;1;1;;
90032154;63840813;2026-03-06;BGH;Früchte + Gemüse;410;000079;1;;St;Ifco LiftLock;3.2;3.2;0;2000007960008;0;0;0;;
90032154;63840813;2026-03-06;BGH;Früchte + Gemüse;420;000079;4;;St;Ifco LiftLock;3.2;12.8;0;2000007960008;0;0;0;;
90032154;63840813;2026-03-06;BGH;Food;670;592122;2;;Fl;Hollinger Lebensmittelfarbe orange rötlich, 250 g;9.06;18.12;0.47112;7640108261472;0;0;1;;
90032154;63840813;2026-03-06;BGH;Früchte + Gemüse;720;000079;9;;St;Ifco LiftLock;3.2;28.8;0;2000007960008;0;0;0;;
90032154;63836086;2026-03-04;BGH;Früchte + Gemüse;10;000079;-34;;St;Ifco LiftLock;3.2;-108.8;0;2000007960008;0;0;0;;
90032154;63836086;2026-03-04;BGH;Nearfood;10;993320;3;;Rl;Quality Wischtücher Midi, 2-lagig, weiss, 450 Blatt, 6 Rl;6.78;122.04;9.88524;7610034546196;0;0;3;;
90032154;63836086;2026-03-04;BGH;Nearfood;20;992093;2;;Pk;Quality Toilettenpapier, 4-lagig, weiss, 160 Blatt, 24 Rl;16.37;32.74;2.65194;7610034532120;0;0;3;;
90032154;63836086;2026-03-04;BGH;Nearfood;30;997630;2;;Kt;Quality Handtuch, Z-Falz, 2-lagig, weiss, 25 x 140 St;39.39;78.78;6.38118;7610034520813;0;0;3;;
90032154;63836086;2026-03-04;BGH;Food;40;510520;6;;Fl;Quality Mayonnaise Squeeze, 865 g;5.63;33.78;0.87828;7610034512658;0;1;1;;
90032154;63836086;2026-03-04;BGH;Nearfood;50;975876;1;;Pk;Padschwamm mit Griffleiste, 150 x 90 x 43 mm, scheuerstark, gelb - grün, 10 St;16.57;16.57;1.34217;7610588108543;0;0;2;;
90032154;63836086;2026-03-04;BGH;Nearfood;60;973483;2;;Pk;Quality Spiraltopfreiniger, 10 x 60 g;7.98;15.96;1.29276;7610034509856;0;0;3;;
90032154;63836086;2026-03-04;BGH;Nearfood;70;815700;2;;Bi;Quality Handseife flüssig, 5 kg;9.89;19.78;1.60218;7610034561809;0;1;2;;
90032154;63836086;2026-03-04;BGH;Molkerei/Backwaren;80;024440;5;;Tp;Quality Vollrahm 35%, UHT, 12 x 1 l;5.84;350.4;9.1104;7610034505315;0;0;1;;
90032154;63836086;2026-03-04;BGH;Molkerei/Backwaren;90;022600;2;;Tp;Quality Vollmilch 3,5%, UHT, 12 x 1 l;1.27;30.48;0.79248;7610034507807;0;0;1;;
90032154;63836086;2026-03-04;BGH;Molkerei/Backwaren;100;095210;2;;St;Eier Import, Bodenhaltung, 53g+, 90 Stück;0.4;72;1.872;7640104163138;0;0;1;;
90032154;63836086;2026-03-04;BGH;Molkerei/Backwaren;110;008700;2;;kg;Quality Vollei flüssig Import, Bodenhaltung, pasteurisiert, 10 kg;6.78;135.6;3.5256;4388040268236;0;0;1;;
90032154;63836086;2026-03-04;BGH;Molkerei/Backwaren;120;018891;3;;Ds;Ömür Hirtenkäse 55%, 800 g;9.76;29.28;0.76128;4002566002449;0;0;1;;
90032154;63836086;2026-03-04;BGH;Molkerei/Backwaren;130;016601;10;;kg;Quality Grana Padano DOP, gerieben, 1 kg;16.73;167.3;4.3498;4388040340352;0;0;7;;
90032154;63836086;2026-03-04;BGH;Molkerei/Backwaren;140;013702;1;3.354;kg;Quality Raclette, eckig, 1/2 Laib ca. 3,2 kg;11.02;36.96108;0.96098808;2953272999993;0;0;1;;
90032154;63836086;2026-03-04;BGH;Food;150;401611;1;;Pk;Chaokoh Kokosnussmilch UHT, 12 x 1 l;5.34;64.08;1.66608;18850813120155;0;0;1;;
90032154;63836086;2026-03-04;BGH;Food;160;234790;2;;kg;Carnaroli Risottoreis, 5 kg;4.43;44.3;1.1518;7610815101835;0;0;1;;
90032154;63836086;2026-03-04;BGH;Food;170;252310;1;;kg;Maggi Bouillon mit Rind, pastös, 5 kg;20.99;104.95;2.7287;8445291289079;0;1;1;;
90032154;63836086;2026-03-04;BGH;Food;180;100080;2;;Lt;Quality Rapsöl, 20 l;3.48;139.2;3.6192;7610034515147;0;0;1;;
90032154;63836086;2026-03-04;BGH;Food;190;511411;4;;Ds;Economy Sweet Corn - Maiskörner, 2,125 kg;5.2;20.8;0.5408;7610034526068;0;0;1;;
90032154;63836086;2026-03-04;BGH;Food;200;400600;1;;Ds;Economy Gurken, längsschnitt, 4 kg;13.37;13.37;0.34762;7610034513204;0;0;1;;
90032154;63836086;2026-03-04;BGH;Food;210;391311;1;;Ds;Economy Kapern Capotes, 4,350 kg;24.06;24.06;0.62556;7610034524064;0;0;1;;
90032154;63836086;2026-03-04;BGH;Food;220;564040;5;;Gl;Bosco d'oro Carpaccio, aus Sommertrüffeln, schwarz, 45 g;18.74;93.7;2.4362;8032680690549;0;0;1;;
90032154;63836086;2026-03-04;BGH;Früchte + Gemüse;230;044540;4;;kg;Rucola / Rauke ungewaschen, 1 kg;12.9;51.6;1.3416;7610514613219;0;0;1;;
90032154;63836086;2026-03-04;BGH;Früchte + Gemüse;240;049247;10;;Sc;Champignons weiss geschnitten, frisch, 1 kg;7.43;74.3;1.9318;7610439900265;0;1;1;;
90032154;63836086;2026-03-04;BGH;Früchte + Gemüse;250;045707;4;;kg;Zucchetti, 5 kg;2.13;42.6;1.1076;7610632980545;0;1;1;;
90032154;63836086;2026-03-04;BGH;Früchte + Gemüse;260;040257;3;;kg;Auberginen, 5 kg;2.71;40.65;1.0569;7610632977958;0;0;1;;
90032154;63836086;2026-03-04;BGH;Früchte + Gemüse;270;044107;4;;kg;Peperoni Tricolor, Import, 5 kg;4.89;97.8;2.5428;7610632977132;0;0;1;;
90032154;63836086;2026-03-04;BGH;Früchte + Gemüse;271;000079;4;;St;Ifco LiftLock;3.2;12.8;0;2000007960008;0;0;0;;
90032154;63836086;2026-03-04;BGH;Früchte + Gemüse;280;043957;10;;Sc;Patisson Mini Gemüse, ca. 9 St;7.31;73.1;1.9006;7610632991541;0;0;1;;
90032154;63836086;2026-03-04;BGH;Früchte + Gemüse;290;044139;2;;kg;Peperoni Mini Mix, 3 kg;8.66;51.96;1.35096;7610632970782;0;0;1;;
90032154;63836086;2026-03-04;BGH;Früchte + Gemüse;300;044667;6;;Sc;Mini Rüebli / Karotten mit Laubansatz, ca. 200 g;7.01;42.06;1.09356;7610632955345;0;0;1;;
90032154;63836086;2026-03-04;BGH;Früchte + Gemüse;310;045777;10;;Sc;Zucchetti Mini-Gemüse ohne Blüte, ca. 5 - 6 Stück;7.77;77.7;2.0202;7610632991527;0;0;1;;
90032154;63836086;2026-03-04;BGH;Früchte + Gemüse;320;042592;2;;Ds;Knoblauch Original ganz geschält, 1kg;11.01;22.02;0.57252;3700430300004;0;0;7;;
90032154;63836086;2026-03-04;BGH;Früchte + Gemüse;330;044628;1;;kg;Rüebli / Karotten mittel gewaschen, 10 kg;1.82;18.2;0.4732;7613399004202;0;0;1;;
90032154;63836086;2026-03-04;BGH;Früchte + Gemüse;331;000079;1;;St;Ifco LiftLock;3.2;3.2;0;2000007960008;0;0;0;;
90032154;63836086;2026-03-04;BGH;Früchte + Gemüse;340;045882;2;;kg;Zwiebeln gross, 10 kg;1.24;24.8;0.6448;7628072003557;0;1;7;;
90032154;63836086;2026-03-04;BGH;Früchte + Gemüse;341;000079;2;;St;Ifco LiftLock;3.2;6.4;0;2000007960008;0;0;0;;
90032154;63836086;2026-03-04;BGH;Molkerei/Backwaren;350;019481;10;;Be;Galbani Mascarpone, 500 g;7.65;76.5;1.989;8000430171013;0;0;1;;
90032154;63836086;2026-03-04;BGH;Früchte + Gemüse;360;042007;4;;St;Gurken 400 - 500 g / St, 12 St;1.36;65.28;1.69728;7610632995013;0;0;1;;
90032154;63836086;2026-03-04;BGH;Früchte + Gemüse;370;046922;4;;Sc;Blueberries, 500 g;5.93;23.72;0.61672;7610632010297;0;1;1;;
90032154;63836086;2026-03-04;BGH;Früchte + Gemüse;380;047410;4;;Sc;Johannisbeeren, Import, 125 g;5.42;21.68;0.56368;7610632010327;0;0;1;;
90032154;63836086;2026-03-04;BGH;Food;390;349611;1;;Kt;Hardy's Hüppen Topolinos, 300 Stück;33.17;33.17;0.86242;7610666001025;0;0;1;;
90032154;63836086;2026-03-04;BGH;Früchte + Gemüse;400;044720;3;;Bd;Salbei Bund, 80 g;4.18;12.54;0.32604;7610632942598;0;0;1;;
90032154;63836086;2026-03-04;BGH;Früchte + Gemüse;410;044538;1;;Bt;Rosmarin, 250 g;8.72;8.72;0.22672;7610632969816;0;0;1;;
90032154;63836086;2026-03-04;BGH;Früchte + Gemüse;420;045186;4;;Bd;Thymian Bund, 80 g;4.18;16.72;0.43472;7610632942604;0;0;1;;
90032154;63836086;2026-03-04;BGH;Food;430;512330;2;;Bt;Quality Petersilie, 110 g;6.04;12.08;0.31408;7610034520943;0;0;1;;
90032154;63836086;2026-03-04;BGH;Früchte + Gemüse;440;044156;2;;Bt;Petersilie gekraust, gepackt, 500 g;7.31;14.62;0.38012;7610632995082;0;0;1;;
90032154;63836086;2026-03-04;BGH;Früchte + Gemüse;450;040968;2;;kg;Cherry Tomaten Rispen, 3 kg;4.69;28.14;0.73164;7610632949894;0;0;1;;
90032154;63836086;2026-03-04;BGH;Früchte + Gemüse;460;045358;1;;kg;Tomaten mit Rispen Import, 5 kg;2.65;13.25;0.3445;7610632977002;0;0;1;;
90032154;63836086;2026-03-04;BGH;Früchte + Gemüse;470;043598;2;;Bt;Minze, 250 g;8.72;17.44;0.45344;7610632977873;0;0;1;;
90032154;63836086;2026-03-04;BGH;Früchte + Gemüse;480;041241;7;;St;Eichblattsalat rot / grün Schweiz Hydro, gemischt, 8 St;1.78;99.68;2.59168;7613399058038;0;1;7;;
90032154;63836086;2026-03-04;BGH;Früchte + Gemüse;481;000079;7;;St;Ifco LiftLock;3.2;22.4;0;2000007960008;0;0;0;;
90032154;63836086;2026-03-04;BGH;Metzgerei;490;002409;5;7.731;kg;Rinds-Filetspitz Kopf II, ca. 1,5 kg;39.5;305.3745;7.939737;97610100000006;0;0;1;;
90032154;63836086;2026-03-04;BGH;Food;500;396061;2;;Ds;Quality Artischockenherzen geviertelt, 2,5 kg;15.11;30.22;0.78572;7610294203204;0;0;1;;
90032154;63836086;2026-03-04;BGH;Food;510;511501;3;;Ds;Economy Oliven schwarz entsteint, 4,25 kg;13.72;41.16;1.07016;4388040253720;0;0;1;;
90032154;63836086;2026-03-04;BGH;Metzgerei;520;067921;1;;kg;Egli Filet, mit Haut, ca. 20 - 40 g, tiefgekühlt, 5 kg;17.72;88.6;2.3036;7640110310298;0;0;1;;
90032154;63836086;2026-03-04;BGH;Früchte + Gemüse;530;045691;3;2.213;kg;Zucchetti gelb gepackt, ca. 800 g;6.95;15.38035;0.3998891;2961551999992;0;0;1;;
90032154;63836086;2026-03-04;BGH;Food;540;391210;1;;kg;Economy Basmati Reis, Super Kernel, 10 kg;3.33;33.3;0.8658;7610034522084;0;0;1;;
90032154;63836086;2026-03-04;BGH;Metzgerei;550;068576;1;;kg;Zander Filet Royal, mit Haut, ca. 140 - 160 g, tiefgekühlt, 5 kg;24.65;123.25;3.2045;7610162240645;0;0;1;;
90032154;63836086;2026-03-04;BGH;Metzgerei;560;068120;10;;St;ASC Rauchlachs, geschnitten, tiefgekühlt, 10 x 1 kg;18.61;1861;48.386;4778003302792;0;1;1;;
90032154;63836086;2026-03-04;BGH;Metzgerei;570;001977;1;3.616;kg;Quality GGAP Lachs Filet, ohne Haut, deepskin, grätenarm, ca. 1,2 - 1,4 kg;22.47;81.25152;2.11253952;97610162230472;0;0;1;;
90032154;63836086;2026-03-04;BGH;Metzgerei;580;001976;1;4.84;kg;Quality GGAP Lachs Filet, mit Haut, grätenarm, ca. 1,0 - 1,4 kg;20.69;100.1396;2.6036296;97610162230489;0;0;1;;
90032154;63836086;2026-03-04;BGH;Früchte + Gemüse;590;090140;3;;Bt;Frigemo Regiofrites Bärner TK, 4 x 2,5 kg;15.85;190.2;4.9452;7610078043163;0;0;1;;
90032154;63836086;2026-03-04;BGH;Metzgerei;600;068151;10;;kg;Economy ASC Crevetten Black Tiger, geschält, entdarmt, 8/12, tiefgekühlt, 1 kg;20.69;206.9;5.3794;7610034523548;0;0;7;;
90032154;63836086;2026-03-04;BGH;Früchte + Gemüse;610;004160;1;;kg;Ditzler Asia-Mix Gemüsemischung, TK, 2 x 2,5 kg;6.88;34.4;0.8944;7610247606595;0;0;1;;
90032154;63836086;2026-03-04;BGH;Früchte + Gemüse;620;091840;2;;kg;Ditzler Blattspinat Portionen, TK, 2 x 2,5 kg;4.31;43.1;1.1206;7610247110726;0;0;1;;
90032154;63836086;2026-03-04;BGH;Früchte + Gemüse;630;091930;1;;kg;Ditzler Brunoise Gemüse, assortiert, TK, 4 x 1,25 kg;6.1;30.5;0.793;7610247002038;0;0;1;;
90032154;63836086;2026-03-04;BGH;Metzgerei;640;053630;2;;St;Bell Beefsteak Tatar, Portionen, tiefgekühlt, 20 x 70 g;1.97;78.8;2.0488;7610788768554;0;1;1;;
90032154;63836086;2026-03-04;BGH;Food;650;107262;1;;St;Hegnauer Beck Hoteltoast, weiss, 8 x 1 kg;6.33;50.64;1.31664;7610325807500;0;0;1;;
90032154;63836086;2026-03-04;BGH;Früchte + Gemüse;660;093791;3;;Gl;Perlen Balsamico-Essig, 200 g;16.16;48.48;1.26048;3467740093926;0;0;1;;
90032154;63836086;2026-03-04;BGH;Früchte + Gemüse;670;046594;2;;Be;Avocado Purée / Guacamole, 500 g;6.83;13.66;0.35516;8436008521063;0;0;1;;
90032154;63836086;2026-03-04;BGH;Früchte + Gemüse;680;046598;1;;St;Economy Avocados, 18 Stück;1.24;22.32;0.58032;7613399055785;0;0;7;;
90032154;63836086;2026-03-04;BGH;Metzgerei;690;082551;1;0.997;kg;Bell Bündnerfleisch, Unterspälte, 1/2, ca. 1 kg;68.21;68.00537;1.76813962;2961706999990;0;0;1;;
90032154;63836086;2026-03-04;BGH;Früchte + Gemüse;700;048825;1;;kg;Zitronen unbehandelt, 6 kg;2.77;16.62;0.43212;7610632261293;0;0;1;;
90032154;63836086;2026-03-04;BGH;Früchte + Gemüse;701;000079;1;;St;Ifco LiftLock;3.2;3.2;0;2000007960008;0;0;0;;
90032154;63836086;2026-03-04;BGH;Früchte + Gemüse;710;048109;1;;kg;Orangen blond, 7 kg;2;14;0.364;7610632471906;0;0;1;;
90032154;63836086;2026-03-04;BGH;Früchte + Gemüse;711;000079;1;;St;Ifco LiftLock;3.2;3.2;0;2000007960008;0;0;0;;
90032154;63836086;2026-03-04;BGH;Metzgerei;720;001502;3;7.615;kg;Poulet Brust ohne Haut mit Innenfilet, 90-220 g, ca. 2,5 kg;20.69;157.55435;4.0964131;97610011945694;0;0;1;;
90032154;63836086;2026-03-04;BGH;Früchte + Gemüse;730;041777;4;;Sc;Fenchel Mini Gemüse, 8 St;6.59;26.36;0.68536;7610632978672;0;0;1;;
90032154;63836086;2026-03-04;BGH;Food;740;391200;1;;kg;Economy Langkornreis Parboiled, 10 kg;1.5;15;0.39;7610034535756;0;0;1;;
90032154;63836086;2026-03-04;BGH;Früchte + Gemüse;750;000079;2;;St;Ifco LiftLock;3.2;6.4;0;2000007960008;0;0;0;;
90032154;63836086;2026-03-04;BGH;Früchte + Gemüse;760;000079;3;;St;Ifco LiftLock;3.2;9.6;0;2000007960008;0;0;0;;
90032154;63836086;2026-03-04;BGH;Früchte + Gemüse;770;000079;4;;St;Ifco LiftLock;3.2;12.8;0;2000007960008;0;0;0;;
90032154;63824283;2026-02-27;BGH;Früchte + Gemüse;10;000079;-22;;St;Ifco LiftLock;3.2;-70.4;0;2000007960008;0;0;0;;
90032154;63824283;2026-02-27;BGH;Metzgerei;10;002097;1;3.796;kg;Kalbs-Nierstück, lang, ca. 3,5 kg;52.97;201.07412;5.22792712;97610011044090;0;0;1;;
90032154;63824283;2026-02-27;BGH;Früchte + Gemüse;10;046594;2;;Be;Avocado Purée / Guacamole, 500 g;6.83;13.66;0.35516;8436008521063;0;0;1;;
90032154;63824283;2026-02-27;BGH;Früchte + Gemüse;20;046598;1;;St;Economy Avocados, 18 Stück;1.24;22.32;0.58032;7613399055785;0;0;7;;
90032154;63824283;2026-02-27;BGH;Molkerei/Backwaren;30;024440;2;;Tp;Quality Vollrahm 35%, UHT, 12 x 1 l;5.53;132.72;3.45072;7610034505315;0;1;1;;
90032154;63824283;2026-02-27;BGH;Molkerei/Backwaren;40;024801;4;;Ds;Floralp Vollrahm 35%, ohne Zucker, UHT, 250 g;4.68;18.72;0.48672;7612300013494;0;0;1;;
90032154;63824283;2026-02-27;BGH;Früchte + Gemüse;50;044107;3;;kg;Peperoni Tricolor, Import, 5 kg;4.7;70.5;1.833;7610632977132;0;1;1;;
90032154;63824283;2026-02-27;BGH;Früchte + Gemüse;51;000079;3;;St;Ifco LiftLock;3.2;9.6;0;2000007960008;0;0;0;;
90032154;63824283;2026-02-27;BGH;Früchte + Gemüse;60;042592;1;;Ds;Knoblauch Original ganz geschält, 1kg;11.01;11.01;0.28626;3700430300004;0;0;7;;
90032154;63824283;2026-02-27;BGH;Früchte + Gemüse;70;045916;1;;kg;Zwiebeln rot, 5 kg;2.24;11.2;0.2912;7613399003199;0;0;7;;
90032154;63824283;2026-02-27;BGH;Früchte + Gemüse;80;044643;2;;Bt;Quality Rüebli- Karotten Julienne, 1,6 mm, 1 kg;4.7;9.4;0.2444;7610034507050;0;0;1;;
90032154;63824283;2026-02-27;BGH;Früchte + Gemüse;90;044691;1;;kg;Natura Bio Rüebli mittel, 5 kg;3.42;17.1;0.4446;7610632949801;0;0;1;;
90032154;63824283;2026-02-27;BGH;Früchte + Gemüse;91;000079;1;;St;Ifco LiftLock;3.2;3.2;0;2000007960008;0;0;0;;
90032154;63824283;2026-02-27;BGH;Früchte + Gemüse;100;091840;2;;kg;Ditzler Blattspinat Portionen, TK, 2 x 2,5 kg;3.47;34.7;0.9022;7610247110726;0;1;1;;
90032154;63824283;2026-02-27;BGH;Früchte + Gemüse;110;041241;4;;St;Eichblattsalat rot / grün Schweiz Hydro, gemischt, 8 St;2.18;69.76;1.81376;7613399058038;0;0;7;;
90032154;63824283;2026-02-27;BGH;Früchte + Gemüse;111;000079;4;;St;Ifco LiftLock;3.2;12.8;0;2000007960008;0;0;0;;
90032154;63824283;2026-02-27;BGH;Früchte + Gemüse;120;045358;3;;kg;Tomaten mit Rispen Import, 5 kg;2.52;37.8;0.9828;7610632977002;0;1;1;;
90032154;63824283;2026-02-27;BGH;Früchte + Gemüse;130;040968;3;;kg;Cherry Tomaten Rispen, 3 kg;4.59;41.31;1.07406;7610632949894;0;0;1;;
90032154;63824283;2026-02-27;BGH;Früchte + Gemüse;140;044156;2;;Bt;Petersilie gekraust, gepackt, 500 g;7.31;14.62;0.38012;7610632995082;0;0;1;;
90032154;63824283;2026-02-27;BGH;Food;150;512330;2;;Bt;Quality Petersilie, 110 g;6.04;12.08;0.31408;7610034520943;0;0;1;;
90032154;63824283;2026-02-27;BGH;Molkerei/Backwaren;160;095811;3;;kg;Natura Plus Eigelb flüssig Schweiz, 1 kg;10.59;31.77;0.82602;7640104165019;0;0;7;;
90032154;63824283;2026-02-27;BGH;Molkerei/Backwaren;170;013702;2;6.738;kg;Quality Raclette, eckig, 1/2 Laib ca. 3,2 kg;10.84;73.03992;1.89903792;2953272999993;0;1;1;;
90032154;63824283;2026-02-27;BGH;Früchte + Gemüse;180;044540;2;;kg;Rucola / Rauke ungewaschen, 1 kg;12.9;25.8;0.6708;7610514613219;0;0;1;;
90032154;63824283;2026-02-27;BGH;Food;190;564090;2;;Fl;Bosco d'oro Olivenöl mit Trüffelaroma, 250 ml;18.62;37.24;0.96824;8032680690303;0;0;1;;
90032154;63824283;2026-02-27;BGH;Food;200;570732;1;;Pk;Gogi Tempura Mehl, 24 x 150 g;1.49;35.76;0.92976;2057073200002;0;0;1;;
90032154;63824283;2026-02-27;BGH;Früchte + Gemüse;210;047754;1;4.2;kg;Limetten / Limes, 4,2 kg;3.51;14.742;0.383292;2905054999998;0;0;1;;
90032154;63824283;2026-02-27;BGH;Früchte + Gemüse;220;043598;2;;Bt;Minze, 250 g;8.72;17.44;0.45344;7610632977873;0;0;1;;
90032154;63824283;2026-02-27;BGH;Molkerei/Backwaren;230;037560;1;;Bt;Hilcona Gnocchi, 5 x 1 kg;5.48;27.4;0.7124;7610227950205;0;0;1;;
90032154;63824283;2026-02-27;BGH;Früchte + Gemüse;250;049127;5;;Kt;Champignons braun, frisch, 1 kg;7.52;37.6;0.9776;7610473014843;0;1;1;;
90032154;63824283;2026-02-27;BGH;Metzgerei;260;001494;4;10.38;kg;Bell Poulet-Brust ohne Haut ohne Innenfilet, 150-170 g, ca. 2,5 kg;19.3;200.334;5.208684;97610011946196;0;1;1;;
90032154;63824283;2026-02-27;BGH;Molkerei/Backwaren;270;096400;1;;St;Backhefe, Würfel, 24 x 42 g;0.29;6.96;0.18096;7610926000515;0;0;1;;
90032154;63824283;2026-02-27;BGH;Food;280;510671;1;;Ds;Quality Gurken Längsschnitt, 4,2 kg;22.31;22.31;0.58006;7610034513181;0;0;1;;
90032154;63824283;2026-02-27;BGH;Metzgerei;290;081540;3;8.722;kg;Quality Bratspeck ohne Schwarte, ohne Knorpel, 1/1, ca. 3 kg;12.86;112.16492;2.91628792;2945670999996;0;1;1;;
90032154;63824283;2026-02-27;BGH;Früchte + Gemüse;300;092940;2;;kg;Quality Steinpilze ganz, TK, 5 x 1 kg;18.32;183.2;4.7632;7610034505858;0;1;1;;
90032154;63824283;2026-02-27;BGH;Früchte + Gemüse;310;047410;3;;Sc;Johannisbeeren, Import, 125 g;5.53;16.59;0.43134;7610632010327;0;0;1;;
90032154;63824283;2026-02-27;BGH;Früchte + Gemüse;320;046240;1;;St;Ananas Schiff, ca. 1,5 kg;3.51;3.51;0.09126;5425003611179;0;0;1;;
90032154;63824283;2026-02-27;BGH;Molkerei/Backwaren;330;022591;1;;Tp;Oatly Haferdrink Barista, 6 x 1 l;3.39;20.34;0.52884;27394376616505;0;0;1;;
90032154;63824283;2026-02-27;BGH;Molkerei/Backwaren;340;095821;6;;kg;Natura Plus Eiweiss flüssig Schweiz, Freiland, 1 kg;8.32;49.92;1.29792;7640104165002;0;0;7;;
90032154;63824283;2026-02-27;BGH;Metzgerei;350;002409;3;4.61;kg;Rinds-Filetspitz Kopf II, ca. 1,5 kg;39.5;182.095;4.73447;97610100000006;0;0;1;;
90032154;63824283;2026-02-27;BGH;Molkerei/Backwaren;360;019631;1;;Be;Philadelphia, 1,65 kg;19.75;19.75;0.5135;4000339034840;0;0;1;;
90032154;63824283;2026-02-27;BGH;Food;370;160160;1;;Ds;McCormick Chipotle geräuchert, 270 g;14.82;14.82;0.38532;7610071013088;0;0;1;;
90032154;63824283;2026-02-27;BGH;Nearfood;380;975792;3;;Pk;Quality Einweghandschuhe Nitril, Grösse L, schwarz, 100 St;8.81;26.43;2.14083;7610034546639;0;0;2;;
90032154;63824283;2026-02-27;BGH;Nearfood;390;975830;3;;Pk;Quality Einweghandschuhe Vinyl, Grösse L, weiss, 100 St;7.21;21.63;1.75203;7610034544895;0;0;2;;
90032154;63824283;2026-02-27;BGH;Molkerei/Backwaren;400;010201;5;;Bt;Economy Gran Moravia, gerieben, 1 kg;16.52;82.6;2.1476;4388040201158;0;0;7;;
90032154;63824283;2026-02-27;BGH;Molkerei/Backwaren;410;012201;3;;Bt;Economy Gran Moravia, gehobelt, 500 g;9.09;27.27;0.70902;4388040201172;0;0;7;;
90032154;63824283;2026-02-27;BGH;Molkerei/Backwaren;420;006441;1;;St;Hug Kleinbrötchen, assortiert, tiefgekühlt, 100 x 30 g;0.5;50;1.3;7610032026577;0;0;1;;
90032154;63824283;2026-02-27;BGH;Molkerei/Backwaren;430;005010;2;;kg;Quality Joghurt Nature, 3 kg;1.88;11.28;0.29328;7610034534230;0;1;7;;
90032154;63824283;2026-02-27;BGH;Früchte + Gemüse;440;046909;1;;kg;Birchermüesli Extra fixfertig, 3 kg;10.37;31.11;0.80886;7610227917123;0;0;7;;
90032154;63824283;2026-02-27;BGH;Molkerei/Backwaren;450;012971;1;1.056;kg;Nuss Käse, 1/1 Laib ca. 1 kg;24.95;26.3472;0.6850272;2935031999994;0;0;1;;
90032154;63824283;2026-02-27;BGH;Food;460;590170;1;;Kt;Hero Konfitüre Sortiment L, Portionen, 72 x 28,3 g;47.55;47.55;1.2363;7614200832656;0;0;1;;
90032154;63824283;2026-02-27;BGH;Food;470;124000;1;;Gl;Nutella Portionen, 25 g;0.88;56.32;1.46432;8000500217252;0;0;1;;
90032154;63824283;2026-02-27;BGH;Food;480;590949;1;;Kt;Hero Blütenhonig flüssig, Portionen, 72 x 28,3 g;49.6;49.6;1.2896;7614200112093;0;0;1;;
90032154;63824283;2026-02-27;BGH;Metzgerei;490;074190;3;;St;Rinds-Hackbraten, tiefgekühlt, 3 x 1 kg;16.53;148.77;3.86802;7610162316357;0;0;1;;
90032154;63824283;2026-02-27;BGH;Früchte + Gemüse;520;040070;3;;Tt;Kartoffeln, mehligkochend, 2,5 kg;3.83;11.49;0.29874;7613399055013;0;0;1;;
90032154;63824283;2026-02-27;BGH;Food;530;153062;3;;Pk;Thomy Sauce Hollandaise, 1 l;10.15;30.45;0.7917;7610100021190;0;0;1;;
90032154;63824283;2026-02-27;BGH;Metzgerei;540;067921;2;;kg;Egli Filet, mit Haut, ca. 20 - 40 g, tiefgekühlt, 5 kg;15.64;156.4;4.0664;7640110310298;0;1;1;;
90032154;63824283;2026-02-27;BGH;Metzgerei;550;070660;2;7.547;kg;Poulet Brust jaune suprême mit Haut, Frankreich, 5 x 4 x ca. 180 - 220 g;18.02;135.99694;3.53592044;93571322073824;0;0;7;;
90032154;63824283;2026-02-27;BGH;Metzgerei;560;001494;1;2.585;kg;Bell Poulet-Brust ohne Haut ohne Innenfilet, 150-170 g, ca. 2,5 kg;19.3;49.8905;1.297153;97610011946196;0;1;1;;
90032154;63824283;2026-02-27;BGH;Metzgerei;570;070660;3;12.571;kg;Poulet Brust jaune suprême mit Haut, Frankreich, 5 x 4 x ca. 180 - 220 g;18.02;226.52942;5.88976492;93571322073824;0;0;7;;
90032154;63824283;2026-02-27;BGH;Früchte + Gemüse;580;044794;2;7;kg;Blattsalate assortiert spez. 3 Saisonblattsalate, 3,5 kg;6.95;48.65;1.2649;2984134999998;0;0;1;;
90032154;63824283;2026-02-27;BGH;Früchte + Gemüse;581;000079;2;;St;Ifco LiftLock;3.2;6.4;0;2000007960008;0;0;0;;
90032154;63824283;2026-02-27;BGH;Früchte + Gemüse;590;000079;1;;St;Ifco LiftLock;3.2;3.2;0;2000007960008;0;0;0;;
90032154;63824283;2026-02-27;BGH;Früchte + Gemüse;600;000079;2;;St;Ifco LiftLock;3.2;6.4;0;2000007960008;0;0;0;;
90032154;63824283;2026-02-27;BGH;Früchte + Gemüse;610;000079;4;;St;Ifco LiftLock;3.2;12.8;0;2000007960008;0;0;0;;
90032154;63824283;2026-02-27;BGH;Food;660;358281;2;;Fl;Hollinger Lebensmittelfarbe Pistaziengrün, 2,5 dl;8.5;17;0.442;7640108261359;0;0;1;;
90032154;63824283;2026-02-27;BGH;Früchte + Gemüse;710;000079;8;;St;Ifco LiftLock;3.2;25.6;0;2000007960008;0;0;0;;
90032154;63819828;2026-02-25;BGH;Früchte + Gemüse;10;000079;-28;;St;Ifco LiftLock;3.2;-89.6;0;2000007960008;0;0;0;;
90032154;63819828;2026-02-25;BGH;Metzgerei;10;001373;1;0.993;kg;Schweins-Koteletten, 5 x ca. 200 g;17.23;17.10939;0.44484414;97610011717185;0;0;1;;
90032154;63819828;2026-02-25;BGH;Metzgerei;10;054375;1;1.094;kg;Yellowfin Thunfisch Saku Block , Sashimiqualität, ready-to-eat, 4 x ca. 300 g;42.08;46.03552;1.19692352;2805437999990;0;0;7;;
90032154;63819828;2026-02-25;BGH;Food;20;100080;1;;Lt;Quality Rapsöl, 20 l;3.48;69.6;1.8096;7610034515147;0;0;1;;
90032154;63819828;2026-02-25;BGH;Food;30;234790;2;;kg;Carnaroli Risottoreis, 5 kg;4.43;44.3;1.1518;7610815101835;0;0;1;;
90032154;63819828;2026-02-25;BGH;Food;40;564040;4;;Gl;Bosco d'oro Carpaccio, aus Sommertrüffeln, schwarz, 45 g;18.74;74.96;1.94896;8032680690549;0;0;1;;
90032154;63819828;2026-02-25;BGH;Nearfood;50;993320;2;;Rl;Quality Wischtücher Midi, 2-lagig, weiss, 450 Blatt, 6 Rl;6.78;81.36;6.59016;7610034546196;0;0;3;;
90032154;63819828;2026-02-25;BGH;Nonfood;60;989812;7;;Pk;Salatschale Karton rund FSC 750 ml Pack zu 50 Stück;18.9;132.3;10.7163;5901360017286;0;0;3;;
90032154;63819828;2026-02-25;BGH;Nonfood;70;989815;6;;Pk;Deckel rPET zu Salatschale rund Pack zu 50 Stück;10.44;62.64;5.07384;3342690157730;0;0;3;;
90032154;63819828;2026-02-25;BGH;Food;80;399043;1;;Gl;Majestic grüner Pfeffer, 6 x 100 g;3.75;22.5;0.585;7615900012768;0;0;1;;
90032154;63819828;2026-02-25;BGH;Molkerei/Backwaren;90;008700;1;;kg;Quality Vollei flüssig Import, Bodenhaltung, pasteurisiert, 10 kg;6.78;67.8;1.7628;4388040268236;0;0;1;;
90032154;63819828;2026-02-25;BGH;Molkerei/Backwaren;100;022600;1;;Tp;Quality Vollmilch 3,5%, UHT, 12 x 1 l;1.27;15.24;0.39624;7610034507807;0;0;1;;
90032154;63819828;2026-02-25;BGH;Molkerei/Backwaren;110;022591;1;;Tp;Oatly Haferdrink Barista, 6 x 1 l;3.39;20.34;0.52884;27394376616505;0;0;1;;
90032154;63819828;2026-02-25;BGH;Molkerei/Backwaren;120;095210;2;;St;Eier Import, Bodenhaltung, 53g+, 90 Stück;0.29;52.2;1.3572;7640104163138;0;1;1;;
90032154;63819828;2026-02-25;BGH;Molkerei/Backwaren;130;027310;1;;kg;Economy Butter, 10 x 1 kg;13.22;132.2;3.4372;7610034508224;0;0;1;;
90032154;63819828;2026-02-25;BGH;Molkerei/Backwaren;140;010201;6;;Bt;Economy Gran Moravia, gerieben, 1 kg;16.52;99.12;2.57712;4388040201158;0;0;7;;
90032154;63819828;2026-02-25;BGH;Früchte + Gemüse;150;042007;3;;St;Gurken 400 - 500 g / St, 12 St;1.59;57.24;1.48824;7610632995013;0;0;1;;
90032154;63819828;2026-02-25;BGH;Früchte + Gemüse;160;040968;4;;kg;Cherry Tomaten Rispen, 3 kg;4.59;55.08;1.43208;7610632949894;0;0;1;;
90032154;63819828;2026-02-25;BGH;Früchte + Gemüse;170;045358;3;;kg;Tomaten mit Rispen Import, 5 kg;2.52;37.8;0.9828;7610632977002;0;1;1;;
90032154;63819828;2026-02-25;BGH;Molkerei/Backwaren;180;019372;5;;St;Soignon Bûche de chèvre, Weichkäse, 1 kg;13.22;66.1;1.7186;3523237481000;0;1;1;;
90032154;63819828;2026-02-25;BGH;Molkerei/Backwaren;190;018891;3;;Ds;Ömür Hirtenkäse 55%, 800 g;9.76;29.28;0.76128;4002566002449;0;0;1;;
90032154;63819828;2026-02-25;BGH;Molkerei/Backwaren;200;019710;1;;Be;Granarolo Ricotta, 1,5 kg;10.32;10.32;0.26832;80344353;0;0;1;;
90032154;63819828;2026-02-25;BGH;Molkerei/Backwaren;210;012383;2;2.963;kg;Defendi Gorgonzola San Antonio DOP, 1/4 Laib ca. 1,5 kg;10.84;32.11892;0.83509192;2902117999995;0;1;1;;
90032154;63819828;2026-02-25;BGH;Molkerei/Backwaren;220;019481;10;;Be;Galbani Mascarpone, 500 g;7.75;77.5;2.015;8000430171013;0;0;1;;
90032154;63819828;2026-02-25;BGH;Früchte + Gemüse;230;040257;2;;kg;Auberginen, 5 kg;3.06;30.6;0.7956;7610632977958;0;0;1;;
90032154;63819828;2026-02-25;BGH;Früchte + Gemüse;240;045707;1;;kg;Zucchetti, 5 kg;2.65;13.25;0.3445;7610632980545;0;0;1;;
90032154;63819828;2026-02-25;BGH;Früchte + Gemüse;250;044107;1;;kg;Peperoni Tricolor, Import, 5 kg;4.7;23.5;0.611;7610632977132;0;1;1;;
90032154;63819828;2026-02-25;BGH;Früchte + Gemüse;251;000079;1;;St;Ifco LiftLock;3.2;3.2;0;2000007960008;0;0;0;;
90032154;63819828;2026-02-25;BGH;Früchte + Gemüse;260;044139;1;;kg;Peperoni Mini Mix, 3 kg;8.66;25.98;0.67548;7610632970782;0;0;1;;
90032154;63819828;2026-02-25;BGH;Früchte + Gemüse;270;043957;7;;Sc;Patisson Mini Gemüse, ca. 9 St;7.31;51.17;1.33042;7610632991541;0;0;1;;
90032154;63819828;2026-02-25;BGH;Früchte + Gemüse;280;045777;7;;Sc;Zucchetti Mini-Gemüse ohne Blüte, ca. 5 - 6 Stück;7.77;54.39;1.41414;7610632991527;0;0;1;;
90032154;63819828;2026-02-25;BGH;Früchte + Gemüse;290;044667;4;;Sc;Mini Rüebli / Karotten mit Laubansatz, ca. 200 g;7.01;28.04;0.72904;7610632955345;0;0;1;;
90032154;63819828;2026-02-25;BGH;Früchte + Gemüse;300;040329;5;;Bt;Basilikum, 1 kg;23.71;118.55;3.0823;7610632989975;0;1;1;;
90032154;63819828;2026-02-25;BGH;Früchte + Gemüse;310;044720;2;;Bd;Salbei Bund, 80 g;4.18;8.36;0.21736;7610632942598;0;0;1;;
90032154;63819828;2026-02-25;BGH;Früchte + Gemüse;320;041241;5;;St;Eichblattsalat rot / grün Schweiz Hydro, gemischt, 8 St;2.18;87.2;2.2672;7613399058038;0;0;7;;
90032154;63819828;2026-02-25;BGH;Früchte + Gemüse;321;000079;5;;St;Ifco LiftLock;3.2;16;0;2000007960008;0;0;0;;
90032154;63819828;2026-02-25;BGH;Früchte + Gemüse;330;044540;2;;kg;Rucola / Rauke ungewaschen, 1 kg;12.9;25.8;0.6708;7610514613219;0;0;1;;
90032154;63819828;2026-02-25;BGH;Früchte + Gemüse;340;046922;3;;Sc;Blueberries, 500 g;8.01;24.03;0.62478;7610632010297;0;0;1;;
90032154;63819828;2026-02-25;BGH;Früchte + Gemüse;350;047410;4;;Sc;Johannisbeeren, Import, 125 g;5.53;22.12;0.57512;7610632010327;0;0;1;;
90032154;63819828;2026-02-25;BGH;Früchte + Gemüse;360;049127;7;;Kt;Champignons braun, frisch, 1 kg;7.52;52.64;1.36864;7610473014843;0;1;1;;
90032154;63819828;2026-02-25;BGH;Früchte + Gemüse;370;043598;2;;Bt;Minze, 250 g;8.72;17.44;0.45344;7610632977873;0;0;1;;
90032154;63819828;2026-02-25;BGH;Früchte + Gemüse;380;048116;1;;kg;Orangen blond, 15 kg;1.49;22.35;0.5811;7610632442548;0;1;1;;
90032154;63819828;2026-02-25;BGH;Früchte + Gemüse;381;000079;1;;St;Ifco LiftLock;3.2;3.2;0;2000007960008;0;0;0;;
90032154;63819828;2026-02-25;BGH;Früchte + Gemüse;390;048823;1;;kg;Zitronen, 15 kg;2.53;37.95;0.9867;7610632071045;0;0;1;;
90032154;63819828;2026-02-25;BGH;Früchte + Gemüse;391;000079;1;;St;Ifco LiftLock;3.2;3.2;0;2000007960008;0;0;0;;
90032154;63819828;2026-02-25;BGH;Molkerei/Backwaren;400;024440;3;;Tp;Quality Vollrahm 35%, UHT, 12 x 1 l;5.53;199.08;5.17608;7610034505315;0;1;1;;
90032154;63819828;2026-02-25;BGH;Molkerei/Backwaren;410;027581;3;;St;Emmi Kräuterbutter, Stange, 500 g;13.93;41.79;1.08654;7610900154289;0;0;1;;
90032154;63819828;2026-02-25;BGH;Food;420;594210;1;;Ke;Agrano Aromapaste Pistazie palmfrei, 3 kg;214.45;214.45;5.5757;8022736013293;0;0;1;;
90032154;63819828;2026-02-25;BGH;Metzgerei;430;001491;3;7.835;kg;Poulet-Brust ohne Haut ohne Innenfilet, 110-130 g, ca. 2,5 kg;22.28;174.5638;4.5386588;97610011944062;0;0;1;;
90032154;63819828;2026-02-25;BGH;Food;440;410031;6;;kg;Barilla Penne Rigate, n° 73, 5 kg;2.92;87.6;2.2776;8076800035735;0;1;1;;
90032154;63819828;2026-02-25;BGH;Metzgerei;450;002409;5;7.65;kg;Rinds-Filetspitz Kopf II, ca. 1,5 kg;39.5;302.175;7.85655;97610100000006;0;0;1;;
90032154;63819828;2026-02-25;BGH;Metzgerei;460;002099;1;1.963;kg;Kalbs-Hohrücken, ohne Bein, ca. 2 kg;46.43;91.14209;2.36969434;97610011044649;0;0;1;;
90032154;63819828;2026-02-25;BGH;Molkerei/Backwaren;470;030951;6;;Bt;Quality Gnocchi, 1 kg;4.22;25.32;0.65832;7610034506534;0;1;1;;
90032154;63819828;2026-02-25;BGH;Metzgerei;480;068121;6;;St;ASC Rauchlachs, geschnitten, tiefgekühlt, 1 kg;23.36;140.16;3.64416;4778003302785;0;0;1;;
90032154;63819828;2026-02-25;BGH;Metzgerei;490;001977;1;2.784;kg;Quality GGAP Lachs Filet, ohne Haut, deepskin, grätenarm, ca. 1,2 - 1,4 kg;22.47;62.55648;1.62646848;97610162230472;0;0;1;;
90032154;63819828;2026-02-25;BGH;Metzgerei;500;001976;1;3.588;kg;Quality GGAP Lachs Filet, mit Haut, grätenarm, ca. 1,0 - 1,4 kg;20.69;74.23572;1.93012872;97610162230489;0;0;1;;
90032154;63819828;2026-02-25;BGH;Metzgerei;510;001991;1;5.965;kg;Quality GGAP Wolfsbarsch Filet, mit Haut, grätenarm, ca. 90-120 g, ca. 1 kg;27.52;164.1568;4.2680768;97610162283133;0;0;1;;
90032154;63819828;2026-02-25;BGH;Früchte + Gemüse;520;090490;1;;kg;Frigemo Country Cuts, TK, 2 x 2,5 kg;5.3;26.5;0.689;7610078014736;0;1;1;;
90032154;63819828;2026-02-25;BGH;Früchte + Gemüse;530;090140;2;;Bt;Frigemo Regiofrites Bärner TK, 4 x 2,5 kg;15.85;126.8;3.2968;7610078043163;0;0;1;;
90032154;63819828;2026-02-25;BGH;Metzgerei;540;089340;2;;St;Rapelli Rinds-Tatar, tiefgekühlt, 20 x 70 g;2.82;112.8;2.9328;7610352006495;0;0;1;;
90032154;63819828;2026-02-25;BGH;Metzgerei;550;032340;1;;Bt;Pizoler Sauce Steak Tatar, tiefgekühlt, Italien, 6 x 500 g;5.84;35.04;0.91104;7611521933314;0;0;1;;
90032154;63819828;2026-02-25;BGH;Früchte + Gemüse;560;092960;1;;kg;Quality Morcheln, TK, 2 x 1 kg;40.16;80.32;2.08832;7610034505896;0;0;1;;
90032154;63819828;2026-02-25;BGH;Wein;570;639240;1;;Bx;Montagne Belle Allure Vin Rouge, 10 l BiB;21.78;21.78;1.76418;7610593204872;0;0;3;;
90032154;63819828;2026-02-25;BGH;Food;580;514120;1;;Ds;Quality Kurkuma gemahlen, 430 g;7.77;7.77;0.20202;7610034514560;0;0;1;;
90032154;63819828;2026-02-25;BGH;Food;590;512160;1;;Ds;Quality Country Potatoes Würzmischung, 520 g;12.2;12.2;0.3172;7610034520295;0;0;1;;
90032154;63819828;2026-02-25;BGH;Food;600;481651;8;;Ds;Mutti Tomatenmark zweifach konzentriert, 880 g;5.7;45.6;1.1856;8005110020001;0;0;1;;
90032154;63819828;2026-02-25;BGH;Food;610;510320;1;;Lt;Quality Aceto Balsamico di Modena IGP, rot, 5 l;5.73;28.65;0.7449;7610034516953;0;0;1;;
90032154;63819828;2026-02-25;BGH;Metzgerei;620;068151;10;;kg;Economy ASC Crevetten Black Tiger, geschält, entdarmt, 8/12, tiefgekühlt, 1 kg;20.69;206.9;5.3794;7610034523548;0;0;7;;
90032154;63819828;2026-02-25;BGH;Früchte + Gemüse;630;040401;1;;kg;Baked Potatoes, festkochend, 10 kg;1.59;15.9;0.4134;7628072012900;0;0;1;;
90032154;63819828;2026-02-25;BGH;Früchte + Gemüse;631;000079;1;;St;Ifco LiftLock;3.2;3.2;0;2000007960008;0;0;0;;
90032154;63819828;2026-02-25;BGH;Food;640;512530;2;;Ds;Quality Herbes de Provence, 175 g;7.94;15.88;0.41288;7610034518681;0;0;1;;
90032154;63819828;2026-02-25;BGH;Food;650;101610;1;;Fl;Kressi Kräuteressig, 3 x 1 l;3.86;11.58;0.30108;7615200010938;0;0;1;;
90032154;63819828;2026-02-25;BGH;Früchte + Gemüse;680;000079;1;;St;Ifco LiftLock;3.2;3.2;0;2000007960008;0;0;0;;
90032154;63819828;2026-02-25;BGH;Früchte + Gemüse;690;000079;5;;St;Ifco LiftLock;3.2;16;0;2000007960008;0;0;0;;
90032154;63819828;2026-02-25;BGH;Früchte + Gemüse;700;000079;6;;St;Ifco LiftLock;3.2;19.2;0;2000007960008;0;0;0;;
90032154;63812363;2026-02-20;BGH;Früchte + Gemüse;10;000079;-12;;St;Ifco LiftLock;3.2;-38.4;0;2000007960008;0;0;0;;
90032154;63812363;2026-02-20;BGH;Molkerei/Backwaren;10;024440;4;;Tp;Quality Vollrahm 35%, UHT, 12 x 1 l;5.84;280.32;7.28832;7610034505315;0;0;1;;
90032154;63812363;2026-02-20;BGH;Früchte + Gemüse;10;043598;1;;Bt;Minze, 250 g;8.72;8.72;0.22672;7610632977873;0;0;1;;
90032154;63812363;2026-02-20;BGH;Molkerei/Backwaren;20;027310;1;;kg;Economy Butter, 10 x 1 kg;13.22;132.2;3.4372;7610034508224;0;0;1;;
90032154;63812363;2026-02-20;BGH;Früchte + Gemüse;20;046646;1;;kg;Max Havelaar Bananen, Farbe 4, 2 kg;3.77;7.54;0.19604;7613399059851;0;0;7;;
90032154;63812363;2026-02-20;BGH;Früchte + Gemüse;21;000079;1;;St;Ifco LiftLock;3.2;3.2;0;2000007960008;0;0;0;;
90032154;63812363;2026-02-20;BGH;Früchte + Gemüse;30;090140;3;;Bt;Frigemo Regiofrites Bärner TK, 4 x 2,5 kg;15.85;190.2;4.9452;7610078043163;0;0;1;;
90032154;63812363;2026-02-20;BGH;Metzgerei;40;086133;2;3.242;kg;Quality Bündnerfleisch Eckstück, Deutschland/Österreich, 1/2 ca. 1,5 kg;56.93;184.56706;4.79874356;2965474999992;0;0;1;;
90032154;63812363;2026-02-20;BGH;Früchte + Gemüse;50;043598;2;;Bt;Minze, 250 g;8.72;17.44;0.45344;7610632977873;0;0;1;;
90032154;63812363;2026-02-20;BGH;Früchte + Gemüse;60;044107;2;;kg;Peperoni Tricolor, Import, 5 kg;6.25;62.5;1.625;7610632977132;0;0;1;;
90032154;63812363;2026-02-20;BGH;Früchte + Gemüse;61;000079;2;;St;Ifco LiftLock;3.2;6.4;0;2000007960008;0;0;0;;
90032154;63812363;2026-02-20;BGH;Früchte + Gemüse;70;045707;2;;kg;Zucchetti, 5 kg;3.83;38.3;0.9958;7610632980545;0;0;1;;
90032154;63812363;2026-02-20;BGH;Food;80;252870;1;;Sa;Maggi Sauce Demi Glace, 3,5 kg;58.01;58.01;1.50826;9002100007683;0;1;1;;
90032154;63812363;2026-02-20;BGH;Food;90;256710;2;;Ds;Knorr Rindsbouillon Granulat, 240 g;8.86;17.72;0.46072;7611100325882;0;1;1;;
90032154;63812363;2026-02-20;BGH;Früchte + Gemüse;100;093791;3;;Gl;Perlen Balsamico-Essig, 200 g;16.16;48.48;1.26048;3467740093926;0;0;1;;
90032154;63812363;2026-02-20;BGH;Früchte + Gemüse;110;046240;2;;St;Ananas Schiff, ca. 1,5 kg;3.51;7.02;0.18252;5425003611179;0;0;1;;
90032154;63812363;2026-02-20;BGH;Früchte + Gemüse;120;046646;2;;kg;Max Havelaar Bananen, Farbe 4, 2 kg;3.77;15.08;0.39208;7613399059851;0;0;7;;
90032154;63812363;2026-02-20;BGH;Früchte + Gemüse;121;000079;2;;St;Ifco LiftLock;3.2;6.4;0;2000007960008;0;0;0;;
90032154;63812363;2026-02-20;BGH;Früchte + Gemüse;130;041241;3;;St;Eichblattsalat rot / grün Schweiz Hydro, gemischt, 8 St;2.18;52.32;1.36032;7613399058038;0;0;7;;
90032154;63812363;2026-02-20;BGH;Früchte + Gemüse;131;000079;3;;St;Ifco LiftLock;3.2;9.6;0;2000007960008;0;0;0;;
90032154;63812363;2026-02-20;BGH;Früchte + Gemüse;140;040968;3;;kg;Cherry Tomaten Rispen, 3 kg;4.42;39.78;1.03428;7610632949894;0;0;1;;
90032154;63812363;2026-02-20;BGH;Früchte + Gemüse;150;044540;2;;kg;Rucola / Rauke ungewaschen, 1 kg;12.9;25.8;0.6708;7610514613219;0;0;1;;
90032154;63812363;2026-02-20;BGH;Früchte + Gemüse;160;040329;4;;Bt;Basilikum, 1 kg;29.39;117.56;3.05656;7610632989975;0;0;1;;
90032154;63812363;2026-02-20;BGH;Molkerei/Backwaren;170;018891;3;;Ds;Ömür Hirtenkäse 55%, 800 g;9.76;29.28;0.76128;4002566002449;0;0;1;;
90032154;63812363;2026-02-20;BGH;Molkerei/Backwaren;180;024800;1;;Ds;Floralp Vollrahm 35%, ohne Zucker, UHT, 12 x 250 g;3.86;46.32;1.20432;7612300013500;0;1;1;;
90032154;63812363;2026-02-20;BGH;Molkerei/Backwaren;190;019631;1;;Be;Philadelphia, 1,65 kg;19.75;19.75;0.5135;4000339034840;0;0;1;;
90032154;63812363;2026-02-20;BGH;Metzgerei;200;001977;1;2.306;kg;Quality GGAP Lachs Filet, ohne Haut, deepskin, grätenarm, ca. 1,2 - 1,4 kg;19.7;45.4282;1.1811332;97610162230472;0;1;1;;
90032154;63812363;2026-02-20;BGH;Metzgerei;210;001976;1;1.962;kg;Quality GGAP Lachs Filet, mit Haut, grätenarm, ca. 1,0 - 1,4 kg;22.18;43.51716;1.13144616;97610162230489;0;0;1;;
90032154;63812363;2026-02-20;BGH;Molkerei/Backwaren;220;019481;7;;Be;Galbani Mascarpone, 500 g;7.75;54.25;1.4105;8000430171013;0;0;1;;
90032154;63812363;2026-02-20;BGH;Molkerei/Backwaren;230;010201;7;;Bt;Economy Gran Moravia, gerieben, 1 kg;16.52;115.64;3.00664;4388040201158;0;0;7;;
90032154;63812363;2026-02-20;BGH;Molkerei/Backwaren;240;012201;3;;Bt;Economy Gran Moravia, gehobelt, 500 g;9.09;27.27;0.70902;4388040201172;0;0;7;;
90032154;63812363;2026-02-20;BGH;Food;250;564040;3;;Gl;Bosco d'oro Carpaccio, aus Sommertrüffeln, schwarz, 45 g;18.74;56.22;1.46172;8032680690549;0;0;1;;
90032154;63812363;2026-02-20;BGH;Früchte + Gemüse;260;045882;1;;kg;Zwiebeln gross, 10 kg;1.62;16.2;0.4212;7628072003557;0;0;7;;
90032154;63812363;2026-02-20;BGH;Früchte + Gemüse;261;000079;1;;St;Ifco LiftLock;3.2;3.2;0;2000007960008;0;0;0;;
90032154;63812363;2026-02-20;BGH;Früchte + Gemüse;270;045186;3;;Bd;Thymian Bund, 80 g;4.18;12.54;0.32604;7610632942604;0;0;1;;
90032154;63812363;2026-02-20;BGH;Früchte + Gemüse;280;044156;2;;Bt;Petersilie gekraust, gepackt, 500 g;7.31;14.62;0.38012;7610632995082;0;0;1;;
90032154;63812363;2026-02-20;BGH;Food;290;512330;1;;Bt;Quality Petersilie, 110 g;6.04;6.04;0.15704;7610034520943;0;0;1;;
90032154;63812363;2026-02-20;BGH;Früchte + Gemüse;300;092930;2;;kg;Picosa Steinpilze Würfel, 2 x 2 cm, TK, 2 x 1 kg;23.43;93.72;2.43672;7610473071204;0;0;1;;
90032154;63812363;2026-02-20;BGH;Food;310;566330;10;;Fl;Heinz Tomato Ketchup, 800 ml;4.41;44.1;1.1466;87157277;0;1;1;;
90032154;63812363;2026-02-20;BGH;Food;320;512280;1;;Bt;Quality Pfeffer schwarz ganz, 800 g;19.58;19.58;0.50908;7610034518285;0;0;1;;
90032154;63812363;2026-02-20;BGH;Food;330;511501;2;;Ds;Economy Oliven schwarz entsteint, 4,25 kg;13.72;27.44;0.71344;4388040253720;0;0;1;;
90032154;63812363;2026-02-20;BGH;Food;340;502741;1;;Ds;Quality MSC Thon rosé Skipjack, solid, nature, 6 x 4 x 200 g;2.07;49.68;1.29168;7610034526839;0;0;1;;
90032154;63812363;2026-02-20;BGH;Metzgerei;370;001366;6;15.648;kg;Schweins-Nierstück mit Huft, ca. 4 kg;9.89;154.75872;4.02372672;2905237999999;0;1;1;;
90032154;63812363;2026-02-20;BGH;Molkerei/Backwaren;380;005590;2;;kg;Hilcona Gnocchi mit Griess, tiefgekühlt, 2 x 2,5 kg;5.38;53.8;1.3988;7610227427424;0;0;1;;
90032154;63812363;2026-02-20;BGH;Metzgerei;390;002066;2;10.03;kg;Rinds-Entrecote, ca. 5 kg;31.67;317.6501;8.2589026;97610011014680;0;1;1;;
90032154;63812363;2026-02-20;BGH;Früchte + Gemüse;400;555558;1;;St;Ifco LiftLock;3.2;3.2;0;2055555810008;0;0;0;;
90032154;63812363;2026-02-20;BGH;Früchte + Gemüse;410;555558;1;;St;Ifco LiftLock;3.2;3.2;0;2055555810008;0;0;0;;
90032154;63812363;2026-02-20;BGH;Früchte + Gemüse;420;555558;3;;St;Ifco LiftLock;3.2;9.6;0;2055555810008;0;0;0;;
90032154;63807675;2026-02-18;BGH;Früchte + Gemüse;10;000079;-33;;St;Ifco LiftLock;3.2;-105.6;0;2000007960008;0;0;0;;
90032154;63807675;2026-02-18;BGH;Molkerei/Backwaren;10;024440;5;;Tp;Quality Vollrahm 35%, UHT, 12 x 1 l;5.84;350.4;9.1104;7610034505315;0;0;1;;
90032154;63807675;2026-02-18;BGH;Metzgerei;10;081700;1;;Pk;Pulpo Tentakel, gekocht, 6 x 300 g;15.64;93.84;2.43984;7610162407222;0;0;7;;
90032154;63807675;2026-02-18;BGH;Metzgerei;20;002090;1;2.796;kg;Kalbs-Eckstück, ohne Deckel, enthäutet, ca. 2,8 kg;50.39;140.89044;3.66315144;97610011044281;0;0;1;;
90032154;63807675;2026-02-18;BGH;Molkerei/Backwaren;20;022600;3;;Tp;Quality Vollmilch 3,5%, UHT, 12 x 1 l;1.27;45.72;1.18872;7610034507807;0;0;1;;
90032154;63807675;2026-02-18;BGH;Molkerei/Backwaren;30;095210;1;;St;Eier Import, Bodenhaltung, 53g+, 90 Stück;0.4;36;0.936;7640104163138;0;0;1;;
90032154;63807675;2026-02-18;BGH;Molkerei/Backwaren;40;010201;10;;Bt;Economy Gran Moravia, gerieben, 1 kg;16.52;165.2;4.2952;4388040201158;0;0;7;;
90032154;63807675;2026-02-18;BGH;Molkerei/Backwaren;50;012201;4;;Bt;Economy Gran Moravia, gehobelt, 500 g;9.09;36.36;0.94536;4388040201172;0;0;7;;
90032154;63807675;2026-02-18;BGH;Food;60;511501;3;;Ds;Economy Oliven schwarz entsteint, 4,25 kg;13.72;41.16;1.07016;4388040253720;0;0;1;;
90032154;63807675;2026-02-18;BGH;Food;70;564040;5;;Gl;Bosco d'oro Carpaccio, aus Sommertrüffeln, schwarz, 45 g;18.74;93.7;2.4362;8032680690549;0;0;1;;
90032154;63807675;2026-02-18;BGH;Food;80;115081;3;;Lt;Quality Frito 2000 Gold, Frittieröl, 20 l;3.85;231;6.006;7610034515079;0;1;1;;
90032154;63807675;2026-02-18;BGH;Food;90;100080;2;;Lt;Quality Rapsöl, 20 l;3.46;138.4;3.5984;7610034515147;0;1;1;;
90032154;63807675;2026-02-18;BGH;Molkerei/Backwaren;100;008700;2;;kg;Quality Vollei flüssig Import, Bodenhaltung, pasteurisiert, 10 kg;6.78;135.6;3.5256;4388040268236;0;0;1;;
90032154;63807675;2026-02-18;BGH;Früchte + Gemüse;110;045707;2;;kg;Zucchetti, 5 kg;3.83;38.3;0.9958;7610632980545;0;0;1;;
90032154;63807675;2026-02-18;BGH;Früchte + Gemüse;120;040257;1;;kg;Auberginen, 5 kg;3.65;18.25;0.4745;7610632977958;0;0;1;;
90032154;63807675;2026-02-18;BGH;Früchte + Gemüse;130;044139;1;;kg;Peperoni Mini Mix, 3 kg;8.66;25.98;0.67548;7610632970782;0;0;1;;
90032154;63807675;2026-02-18;BGH;Früchte + Gemüse;140;044107;4;;kg;Peperoni Tricolor, Import, 5 kg;6.25;125;3.25;7610632977132;0;0;1;;
90032154;63807675;2026-02-18;BGH;Früchte + Gemüse;141;000079;4;;St;Ifco LiftLock;3.2;12.8;0;2000007960008;0;0;0;;
90032154;63807675;2026-02-18;BGH;Früchte + Gemüse;150;043957;6;;Sc;Patisson Mini Gemüse, ca. 9 St;7.31;43.86;1.14036;7610632991541;0;0;1;;
90032154;63807675;2026-02-18;BGH;Früchte + Gemüse;160;045777;6;;Sc;Zucchetti Mini-Gemüse ohne Blüte, ca. 5 - 6 Stück;7.77;46.62;1.21212;7610632991527;0;0;1;;
90032154;63807675;2026-02-18;BGH;Früchte + Gemüse;170;044667;5;;Sc;Mini Rüebli / Karotten mit Laubansatz, ca. 200 g;7.01;35.05;0.9113;7610632955345;0;0;1;;
90032154;63807675;2026-02-18;BGH;Früchte + Gemüse;180;044155;3;;Bt;Petersilie gekraust,  gepackt, 250 g;4.47;13.41;0.34866;7610632991558;0;0;1;;
90032154;63807675;2026-02-18;BGH;Früchte + Gemüse;190;045186;5;;Bd;Thymian Bund, 80 g;4.18;20.9;0.5434;7610632942604;0;0;1;;
90032154;63807675;2026-02-18;BGH;Früchte + Gemüse;200;044536;4;;Bd;Rosmarin Bund, 80 g;4.18;16.72;0.43472;7610632942581;0;0;1;;
90032154;63807675;2026-02-18;BGH;Früchte + Gemüse;210;044643;4;;Bt;Quality Rüebli- Karotten Julienne, 1,6 mm, 1 kg;4.7;18.8;0.4888;7610034507050;0;0;1;;
90032154;63807675;2026-02-18;BGH;Früchte + Gemüse;220;040100;8;;Tt;Kartoffeln, festkochend, 2,5 kg;3.83;30.64;0.79664;7613399055051;0;0;1;;
90032154;63807675;2026-02-18;BGH;Früchte + Gemüse;230;042007;3;;St;Gurken 400 - 500 g / St, 12 St;1.59;57.24;1.48824;7610632995013;0;0;1;;
90032154;63807675;2026-02-18;BGH;Metzgerei;240;068151;8;;kg;Economy ASC Crevetten Black Tiger, geschält, entdarmt, 8/12, tiefgekühlt, 1 kg;20.69;165.52;4.30352;7610034523548;0;0;7;;
90032154;63807675;2026-02-18;BGH;Metzgerei;250;001977;1;2.192;kg;Quality GGAP Lachs Filet, ohne Haut, deepskin, grätenarm, ca. 1,2 - 1,4 kg;19.7;43.1824;1.1227424;97610162230472;0;1;1;;
90032154;63807675;2026-02-18;BGH;Metzgerei;260;001976;1;3.04;kg;Quality GGAP Lachs Filet, mit Haut, grätenarm, ca. 1,0 - 1,4 kg;22.18;67.4272;1.7531072;97610162230489;0;0;1;;
90032154;63807675;2026-02-18;BGH;Metzgerei;270;068121;4;;St;ASC Rauchlachs, geschnitten, tiefgekühlt, 1 kg;23.36;93.44;2.42944;4778003302785;0;0;1;;
90032154;63807675;2026-02-18;BGH;Früchte + Gemüse;280;042592;2;;Ds;Knoblauch Original ganz geschält, 1kg;11.01;22.02;0.57252;3700430300004;0;0;7;;
90032154;63807675;2026-02-18;BGH;Molkerei/Backwaren;290;096400;1;;St;Backhefe, Würfel, 24 x 42 g;0.29;6.96;0.18096;7610926000515;0;0;1;;
90032154;63807675;2026-02-18;BGH;Molkerei/Backwaren;300;027581;5;;St;Emmi Kräuterbutter, Stange, 500 g;12.33;61.65;1.6029;7610900154289;0;1;1;;
90032154;63807675;2026-02-18;BGH;Food;310;391311;1;;Ds;Economy Kapern Capotes, 4,350 kg;24.06;24.06;0.62556;7610034524064;0;0;1;;
90032154;63807675;2026-02-18;BGH;Food;320;245060;1;;Ds;Hero Golden Sweet Corn - Süssmais, 6 x 2,215 kg;11.63;69.78;1.81428;7614200510134;0;0;1;;
90032154;63807675;2026-02-18;BGH;Metzgerei;330;002409;5;7.721;kg;Rinds-Filetspitz Kopf II, ca. 1,5 kg;39.5;304.9795;7.929467;97610100000006;0;0;1;;
90032154;63807675;2026-02-18;BGH;Metzgerei;350;002097;1;3.43;kg;Kalbs-Nierstück, lang, ca. 3,5 kg;52.97;181.6871;4.7238646;97610011044090;0;0;1;;
90032154;63807675;2026-02-18;BGH;Molkerei/Backwaren;360;027310;1;;kg;Economy Butter, 10 x 1 kg;13.22;132.2;3.4372;7610034508224;0;0;1;;
90032154;63807675;2026-02-18;BGH;Molkerei/Backwaren;370;012383;2;2.97;kg;Defendi Gorgonzola San Antonio DOP, 1/4 Laib ca. 1,5 kg;15.46;45.9162;1.1938212;2902117999995;0;0;1;;
90032154;63807675;2026-02-18;BGH;Molkerei/Backwaren;380;018891;4;;Ds;Ömür Hirtenkäse 55%, 800 g;9.76;39.04;1.01504;4002566002449;0;0;1;;
90032154;63807675;2026-02-18;BGH;Früchte + Gemüse;390;044540;3;;kg;Rucola / Rauke ungewaschen, 1 kg;12.9;38.7;1.0062;7610514613219;0;0;1;;
90032154;63807675;2026-02-18;BGH;Früchte + Gemüse;400;040968;6;;kg;Cherry Tomaten Rispen, 3 kg;4.42;79.56;2.06856;7610632949894;0;0;1;;
90032154;63807675;2026-02-18;BGH;Früchte + Gemüse;410;049135;6;;kg;Champignons weiss, frisch, 1 kg;8.44;50.64;1.31664;7610632995211;0;0;1;;
90032154;63807675;2026-02-18;BGH;Früchte + Gemüse;420;049127;6;;Kt;Champignons braun, frisch, 1 kg;9.13;54.78;1.42428;7610473014843;0;0;1;;
90032154;63807675;2026-02-18;BGH;Früchte + Gemüse;430;048116;1;;kg;Orangen blond, 15 kg;1.79;26.85;0.6981;7610632442548;0;0;1;;
90032154;63807675;2026-02-18;BGH;Früchte + Gemüse;431;000079;1;;St;Ifco LiftLock;3.2;3.2;0;2000007960008;0;0;0;;
90032154;63807675;2026-02-18;BGH;Food;440;349611;1;;Kt;Hardy's Hüppen Topolinos, 300 Stück;33.17;33.17;0.86242;7610666001025;0;0;1;;
90032154;63807675;2026-02-18;BGH;Früchte + Gemüse;450;047410;3;;Sc;Johannisbeeren, Import, 125 g;5.36;16.08;0.41808;7610632010327;0;0;1;;
90032154;63807675;2026-02-18;BGH;Früchte + Gemüse;460;046922;2;;Sc;Blueberries, 500 g;8.01;16.02;0.41652;7610632010297;0;0;1;;
90032154;63807675;2026-02-18;BGH;Früchte + Gemüse;470;041241;5;;St;Eichblattsalat rot / grün Schweiz Hydro, gemischt, 8 St;2.18;87.2;2.2672;7613399058038;0;0;7;;
90032154;63807675;2026-02-18;BGH;Früchte + Gemüse;471;000079;5;;St;Ifco LiftLock;3.2;16;0;2000007960008;0;0;0;;
90032154;63807675;2026-02-18;BGH;Früchte + Gemüse;480;044720;4;;Bd;Salbei Bund, 80 g;4.18;16.72;0.43472;7610632942598;0;0;1;;
90032154;63807675;2026-02-18;BGH;Früchte + Gemüse;490;043598;2;;Bt;Minze, 250 g;8.72;17.44;0.45344;7610632977873;0;0;1;;
90032154;63807675;2026-02-18;BGH;Food;500;234790;2;;kg;Carnaroli Risottoreis, 5 kg;4.43;44.3;1.1518;7610815101835;0;0;1;;
90032154;63807675;2026-02-18;BGH;Metzgerei;520;068576;1;;kg;Zander Filet Royal, mit Haut, ca. 140 - 160 g, tiefgekühlt, 5 kg;24.65;123.25;3.2045;7610162240645;0;0;1;;
90032154;63807675;2026-02-18;BGH;Metzgerei;530;002066;1;5.162;kg;Rinds-Entrecote, ca. 5 kg;31.67;163.48054;4.25049404;97610011014680;0;1;1;;
90032154;63807675;2026-02-18;BGH;Metzgerei;540;001502;3;7.925;kg;Poulet Brust ohne Haut mit Innenfilet, 90-220 g, ca. 2,5 kg;20.69;163.96825;4.2631745;97610011945694;0;0;1;;
90032154;63807675;2026-02-18;BGH;Nearfood;550;975943;8;;Pk;Cotonette Wischtuch, blau, 60 x 38 cm, 50 St;12.14;97.12;7.86672;5425035596079;0;0;3;;
90032154;63807675;2026-02-18;BGH;Nearfood;560;992093;2;;Pk;Quality Toilettenpapier, 4-lagig, weiss, 160 Blatt, 24 Rl;16.37;32.74;2.65194;7610034532120;0;0;3;;
90032154;63807675;2026-02-18;BGH;Nonfood;570;993032;4;;Pk;Quality Besteckset Holz FSC 3 in 1 Pack zu 100 Set;12.91;51.64;4.18284;7610034528123;0;0;3;;
90032154;63807675;2026-02-18;BGH;Früchte + Gemüse;580;047754;2;8.4;kg;Limetten / Limes, 4,2 kg;3.17;26.628;0.692328;2905054999998;0;1;1;;
90032154;63807675;2026-02-18;BGH;Früchte + Gemüse;590;521631;10;;kg;Ponthier Passionsfrucht Pürée, 1 kg;16.37;163.7;4.2562;3228170865404;0;0;1;;
90032154;63807675;2026-02-18;BGH;Früchte + Gemüse;600;555558;2;;St;Ifco LiftLock;3.2;6.4;0;2055555810008;0;0;0;;
90032154;63807675;2026-02-18;BGH;Früchte + Gemüse;610;555558;3;;St;Ifco LiftLock;3.2;9.6;0;2055555810008;0;0;0;;
90032154;63800454;2026-02-13;BGH;Früchte + Gemüse;10;000079;-37;;St;Ifco LiftLock;3.2;-118.4;0;2000007960008;0;0;0;;
90032154;63800454;2026-02-13;BGH;Molkerei/Backwaren;10;024440;3;;Tp;Quality Vollrahm 35%, UHT, 12 x 1 l;5.84;210.24;5.46624;7610034505315;0;0;1;;
90032154;63800454;2026-02-13;BGH;Food;20;100080;1;;Lt;Quality Rapsöl, 20 l;3.48;69.6;1.8096;7610034515147;0;0;1;;
90032154;63800454;2026-02-13;BGH;Molkerei/Backwaren;30;019372;2;;St;Soignon Bûche de chèvre, Weichkäse, 1 kg;16.86;33.72;0.87672;3523237481000;0;0;1;;
90032154;63800454;2026-02-13;BGH;Früchte + Gemüse;40;048823;1;;kg;Zitronen, 15 kg;2.53;37.95;0.9867;7610632071045;0;0;1;;
90032154;63800454;2026-02-13;BGH;Früchte + Gemüse;41;000079;1;;St;Ifco LiftLock;3.2;3.2;0;2000007960008;0;0;0;;
90032154;63800454;2026-02-13;BGH;Früchte + Gemüse;50;040401;1;;kg;Baked Potatoes, festkochend, 10 kg;1.29;12.9;0.3354;7628072012900;0;1;1;;
90032154;63800454;2026-02-13;BGH;Früchte + Gemüse;51;000079;1;;St;Ifco LiftLock;3.2;3.2;0;2000007960008;0;0;0;;
90032154;63800454;2026-02-13;BGH;Food;60;153062;5;;Pk;Thomy Sauce Hollandaise, 1 l;10.15;50.75;1.3195;7610100021190;0;0;1;;
90032154;63800454;2026-02-13;BGH;Früchte + Gemüse;70;045882;1;;kg;Zwiebeln gross, 10 kg;1.62;16.2;0.4212;7628072003557;0;0;7;;
90032154;63800454;2026-02-13;BGH;Früchte + Gemüse;71;000079;1;;St;Ifco LiftLock;3.2;3.2;0;2000007960008;0;0;0;;
90032154;63800454;2026-02-13;BGH;Früchte + Gemüse;80;044156;1;;Bt;Petersilie gekraust, gepackt, 500 g;7.31;7.31;0.19006;7610632995082;0;0;1;;
90032154;63800454;2026-02-13;BGH;Früchte + Gemüse;90;044538;1;;Bt;Rosmarin, 250 g;8.72;8.72;0.22672;7610632969816;0;0;1;;
90032154;63800454;2026-02-13;BGH;Früchte + Gemüse;100;045707;2;;kg;Zucchetti, 5 kg;4.13;41.3;1.0738;7610632980545;0;0;1;;
90032154;63800454;2026-02-13;BGH;Früchte + Gemüse;110;044667;8;;Sc;Mini Rüebli / Karotten mit Laubansatz, ca. 200 g;7.01;56.08;1.45808;7610632955345;0;0;1;;
90032154;63800454;2026-02-13;BGH;Früchte + Gemüse;120;044621;5;;Bt;Karotten Rainbow Mini, 200 g;7.01;35.05;0.9113;7613399057499;0;0;7;;
90032154;63800454;2026-02-13;BGH;Früchte + Gemüse;130;045777;6;;Sc;Zucchetti Mini-Gemüse ohne Blüte, ca. 5 - 6 Stück;7.77;46.62;1.21212;7610632991527;0;0;1;;
90032154;63800454;2026-02-13;BGH;Molkerei/Backwaren;140;022600;1;;Tp;Quality Vollmilch 3,5%, UHT, 12 x 1 l;1.27;15.24;0.39624;7610034507807;0;0;1;;
90032154;63800454;2026-02-13;BGH;Metzgerei;150;032340;1;;Bt;Pizoler Sauce Steak Tatar, tiefgekühlt, Italien, 6 x 500 g;5.84;35.04;0.91104;7611521933314;0;0;1;;
90032154;63800454;2026-02-13;BGH;Früchte + Gemüse;160;047410;5;;Sc;Johannisbeeren, Import, 125 g;5.36;26.8;0.6968;7610632010327;0;0;1;;
90032154;63800454;2026-02-13;BGH;Früchte + Gemüse;170;046922;3;;Sc;Blueberries, 500 g;7.31;21.93;0.57018;7610632010297;0;0;1;;
90032154;63800454;2026-02-13;BGH;Früchte + Gemüse;180;041241;3;;St;Eichblattsalat rot / grün Schweiz Hydro, gemischt, 8 St;2.18;52.32;1.36032;7613399058038;0;0;7;;
90032154;63800454;2026-02-13;BGH;Früchte + Gemüse;181;000079;3;;St;Ifco LiftLock;3.2;9.6;0;2000007960008;0;0;0;;
90032154;63800454;2026-02-13;BGH;Metzgerei;190;002409;5;7.655;kg;Rinds-Filetspitz Kopf II, ca. 1,5 kg;39.5;302.3725;7.861685;97610100000006;0;0;1;;
90032154;63800454;2026-02-13;BGH;Metzgerei;200;068121;3;;St;ASC Rauchlachs, geschnitten, tiefgekühlt, 1 kg;23.36;70.08;1.82208;4778003302785;0;0;1;;
90032154;63800454;2026-02-13;BGH;Food;210;564040;3;;Gl;Bosco d'oro Carpaccio, aus Sommertrüffeln, schwarz, 45 g;18.74;56.22;1.46172;8032680690549;0;0;1;;
90032154;63800454;2026-02-13;BGH;Molkerei/Backwaren;230;008700;1;;kg;Quality Vollei flüssig Import, Bodenhaltung, pasteurisiert, 10 kg;6.78;67.8;1.7628;4388040268236;0;0;1;;
90032154;63800454;2026-02-13;BGH;Molkerei/Backwaren;240;025030;4;;Kt;Emmi Kaffeerahm Portionen, UHT, 200 x 12 g;12.63;50.52;1.31352;7610900113743;0;0;1;;
90032154;63800454;2026-02-13;BGH;Früchte + Gemüse;250;049135;6;;kg;Champignons weiss, frisch, 1 kg;8.44;50.64;1.31664;7610632995211;0;0;1;;
90032154;63800454;2026-02-13;BGH;Metzgerei;260;081522;3;5.976;kg;Quality Speck geräucht 1/2, ca. 1,5 kg;15.44;92.26944;2.39900544;2950432999992;0;0;1;;
90032154;63800454;2026-02-13;BGH;Food;270;512550;1;;Ds;Quality Knoblauch granuliert, 550 g;8.86;8.86;0.23036;7610034518728;0;1;1;;
90032154;63800454;2026-02-13;BGH;Früchte + Gemüse;280;044643;2;;Bt;Quality Rüebli- Karotten Julienne, 1,6 mm, 1 kg;4.7;9.4;0.2444;7610034507050;0;0;1;;
90032154;63800454;2026-02-13;BGH;Food;290;110060;1;;Pk;Feinkristallzucker, 10 x 1 kg;1.36;13.6;0.3536;7610034510661;0;0;1;;
90032154;63800454;2026-02-13;BGH;Metzgerei;300;080300;1;;Bt;Momos vegan, handgemacht, tiefgekühlt, 1 kg;27.71;166.26;4.32276;7649996405333;0;1;7;;
90032154;63800454;2026-02-13;BGH;Metzgerei;310;080290;1;;Bt;Momos mit Rindfleisch, handgemacht, tiefgekühlt, 1 kg;27.71;166.26;4.32276;7649996405302;0;1;7;;
90032154;63800454;2026-02-13;BGH;Food;320;580760;5;;Fl;Lee Kum Kee Hoisin Sauce, 2,45 kg;9.85;49.25;1.2805;078895124873;0;1;1;;
90032154;63800454;2026-02-13;BGH;Metzgerei;330;001508;2;5.19;kg;Poulet Brust Innenfilet, 20-40 g, ca. 2,5 kg;16.82;87.2958;2.2696908;2910412999992;0;1;1;;
90032154;63800454;2026-02-13;BGH;Molkerei/Backwaren;340;024801;5;;Ds;Floralp Vollrahm 35%, ohne Zucker, UHT, 250 g;4.68;23.4;0.6084;7612300013494;0;0;1;;
90032154;63800454;2026-02-13;BGH;Molkerei/Backwaren;350;019481;5;;Be;Galbani Mascarpone, 500 g;7.75;38.75;1.0075;8000430171013;0;0;1;;
90032154;63800454;2026-02-13;BGH;Food;360;410031;5;;kg;Barilla Penne Rigate, n° 73, 5 kg;3.72;93;2.418;8076800035735;0;0;1;;
90032154;63800454;2026-02-13;BGH;Food;370;410411;2;;Pk;Barilla Emiliane Chef Lasagne, 500 g;4.19;50.28;1.30728;08076809024839;0;0;1;;
90032154;63800454;2026-02-13;BGH;Molkerei/Backwaren;380;098061;1;;St;Romer's Butterzöpfli Portion, gebacken, tiefgekühlt, 18 x 90 g;1.53;27.54;0.71604;7611075118724;0;0;1;;
90032154;63800454;2026-02-13;BGH;Früchte + Gemüse;390;091430;1;;kg;Kadi Rösti-Croquettes, TK, 2 x 2,5 kg;7.55;37.75;0.9815;7610314409210;0;0;1;;
90032154;63800454;2026-02-13;BGH;Metzgerei;400;069601;1;;kg;Quality ASC Crevetten Black Tiger, easy peel, entdarmt, 6/8, tiefgekühlt, 1 kg;31.58;31.58;0.82108;7610034506091;0;0;1;;
90032154;63800454;2026-02-13;BGH;Food;410;241560;1;;Pk;Quality Knusper Müesli Waldfrüchte, 1,5 kg;10.84;10.84;0.28184;4388040000096;0;1;1;;
90032154;63800454;2026-02-13;BGH;Food;420;438181;1;;Sc;Picosa Antipasti Tomaten, getrocknet, 2 x 1,9 kg;34.39;68.78;1.78828;7610473178064;0;0;1;;
90032154;63800454;2026-02-13;BGH;Früchte + Gemüse;430;555558;3;;St;Ifco LiftLock;3.2;9.6;0;2055555810008;0;0;0;;
90032154;63800454;2026-02-13;BGH;Früchte + Gemüse;440;555558;4;;St;Ifco LiftLock;3.2;12.8;0;2055555810008;0;0;0;;
90032154;63795229;2026-02-11;BGH;Früchte + Gemüse;10;000079;-21;;St;Ifco LiftLock;3.2;-67.2;0;2000007960008;0;0;0;;
90032154;63795229;2026-02-11;BGH;Nonfood;10;999611;1;;Pk;Thermorolle  80/80/12 mm, 10 Pack zu 5 Rollen;9.31;93.1;7.5411;7612417113186;0;0;2;;
90032154;63795229;2026-02-11;BGH;Nearfood;20;989510;5;;Pk;Duni Servietten, 1/8 Falz, 3-lagig, 40 x 40 cm, weiss, 250 St;13.38;66.9;5.4189;7321012028503;0;0;3;;
90032154;63795229;2026-02-11;BGH;Nearfood;30;815700;2;;Bi;Quality Handseife flüssig, 5 kg;13.52;27.04;2.19024;7610034561809;0;0;2;;
90032154;63795229;2026-02-11;BGH;Nearfood;40;992093;3;;Pk;Quality Toilettenpapier, 4-lagig, weiss, 160 Blatt, 24 Rl;16.37;49.11;3.97791;7610034532120;0;0;3;;
90032154;63795229;2026-02-11;BGH;Nonfood;50;985201;1;;Rl;Kehrichtsack OKS mit Zugband 110L Karton zu 15 Rollen zu 10 Stück;3.64;54.6;4.4226;2098520130008;0;0;2;;
90032154;63795229;2026-02-11;BGH;Food;60;100080;1;;Lt;Quality Rapsöl, 20 l;3.48;69.6;1.8096;7610034515147;0;0;1;;
90032154;63795229;2026-02-11;BGH;Nearfood;70;997630;2;;Kt;Quality Handtuch, Z-Falz, 2-lagig, weiss, 25 x 140 St;39.39;78.78;6.38118;7610034520813;0;0;3;;
90032154;63795229;2026-02-11;BGH;Nearfood;80;993320;2;;Rl;Quality Wischtücher Midi, 2-lagig, weiss, 450 Blatt, 6 Rl;6.78;81.36;6.59016;7610034546196;0;0;3;;
90032154;63795229;2026-02-11;BGH;Food;90;403240;10;;Ds;Mae Ploy, Curry Paste rot, 400 g;2.82;28.2;0.7332;044738102346;0;1;1;;
90032154;63795229;2026-02-11;BGH;Food;100;247372;3;;Bi;Mae Ploy Sweet Chili Sauce, 5,9 kg;13.17;39.51;1.02726;8850367990207;0;1;1;;
90032154;63795229;2026-02-11;BGH;Früchte + Gemüse;110;046577;1;;St;Avocados essreif, 16 St;1.72;27.52;0.71552;7610632001950;0;0;1;;
90032154;63795229;2026-02-11;BGH;Nearfood;120;815179;2;;Bx;Persil Professional Pulver, Universal, 130 WG;66.31;132.62;10.74222;4015200037387;0;0;2;;
90032154;63795229;2026-02-11;BGH;Nearfood;140;818760;9;;Fl;Cif Professional Badreiniger, 750 ml;8.2;73.8;5.9778;7615400106677;0;0;3;;
90032154;63795229;2026-02-11;BGH;Molkerei/Backwaren;150;024440;3;;Tp;Quality Vollrahm 35%, UHT, 12 x 1 l;5.84;210.24;5.46624;7610034505315;0;0;1;;
90032154;63795229;2026-02-11;BGH;Molkerei/Backwaren;160;022600;1;;Tp;Quality Vollmilch 3,5%, UHT, 12 x 1 l;1.27;15.24;0.39624;7610034507807;0;0;1;;
90032154;63795229;2026-02-11;BGH;Food;170;401611;2;;Pk;Chaokoh Kokosnussmilch UHT, 12 x 1 l;4.16;99.84;2.59584;18850813120155;0;1;1;;
90032154;63795229;2026-02-11;BGH;Molkerei/Backwaren;180;095811;7;;kg;Natura Plus Eigelb flüssig Schweiz, 1 kg;10.59;74.13;1.92738;7640104165019;0;0;7;;
90032154;63795229;2026-02-11;BGH;Molkerei/Backwaren;200;012201;5;;Bt;Economy Gran Moravia, gehobelt, 500 g;9.09;45.45;1.1817;4388040201172;0;0;7;;
90032154;63795229;2026-02-11;BGH;Molkerei/Backwaren;210;010201;10;;Bt;Economy Gran Moravia, gerieben, 1 kg;16.52;165.2;4.2952;4388040201158;0;0;7;;
90032154;63795229;2026-02-11;BGH;Molkerei/Backwaren;220;095210;2;;St;Eier Import, Bodenhaltung, 53g+, 90 Stück;0.4;72;1.872;7640104163138;0;0;1;;
90032154;63795229;2026-02-11;BGH;Molkerei/Backwaren;230;019481;6;;Be;Galbani Mascarpone, 500 g;7.75;46.5;1.209;8000430171013;0;0;1;;
90032154;63795229;2026-02-11;BGH;Molkerei/Backwaren;240;019710;2;;Be;Granarolo Ricotta, 1,5 kg;10.32;20.64;0.53664;80344353;0;0;1;;
90032154;63795229;2026-02-11;BGH;Früchte + Gemüse;250;046922;4;;Sc;Blueberries, 500 g;7.31;29.24;0.76024;7610632010297;0;0;1;;
90032154;63795229;2026-02-11;BGH;Früchte + Gemüse;260;047410;6;;Sc;Johannisbeeren, Import, 125 g;5.36;32.16;0.83616;7610632010327;0;0;1;;
90032154;63795229;2026-02-11;BGH;Früchte + Gemüse;270;048116;1;;kg;Orangen blond, 15 kg;1.79;26.85;0.6981;7610632442548;0;0;1;;
90032154;63795229;2026-02-11;BGH;Früchte + Gemüse;271;000079;1;;St;Ifco LiftLock;3.2;3.2;0;2000007960008;0;0;0;;
90032154;63795229;2026-02-11;BGH;Früchte + Gemüse;280;046646;1;;kg;Max Havelaar Bananen, Farbe 4, 2 kg;3.77;7.54;0.19604;7613399059851;0;0;7;;
90032154;63795229;2026-02-11;BGH;Früchte + Gemüse;281;000079;1;;St;Ifco LiftLock;3.2;3.2;0;2000007960008;0;0;0;;
90032154;63795229;2026-02-11;BGH;Früchte + Gemüse;290;046240;2;;St;Ananas Schiff, ca. 1,5 kg;3.51;7.02;0.18252;5425003611179;0;0;1;;
90032154;63795229;2026-02-11;BGH;Früchte + Gemüse;300;046328;1;;kg;Apfel Gala Klasse II, 6 kg;1.77;10.62;0.27612;7610632350737;0;0;1;;
90032154;63795229;2026-02-11;BGH;Früchte + Gemüse;310;044540;2;;kg;Rucola / Rauke ungewaschen, 1 kg;12.9;25.8;0.6708;7610514613219;0;0;1;;
90032154;63795229;2026-02-11;BGH;Früchte + Gemüse;330;044155;2;;Bt;Petersilie gekraust,  gepackt, 250 g;4.47;8.94;0.23244;7610632991558;0;0;1;;
90032154;63795229;2026-02-11;BGH;Früchte + Gemüse;340;045186;4;;Bd;Thymian Bund, 80 g;4.18;16.72;0.43472;7610632942604;0;0;1;;
90032154;63795229;2026-02-11;BGH;Früchte + Gemüse;350;040329;2;;Bt;Basilikum, 1 kg;29.39;58.78;1.52828;7610632989975;0;0;1;;
90032154;63795229;2026-02-11;BGH;Früchte + Gemüse;360;047138;4;;Sc;Erdbeeren Import, 500 g;4.46;17.84;0.46384;7610632070444;0;1;1;;
90032154;63795229;2026-02-11;BGH;Früchte + Gemüse;370;040257;2;;kg;Auberginen, 5 kg;4.42;44.2;1.1492;7610632977958;0;0;1;;
90032154;63795229;2026-02-11;BGH;Früchte + Gemüse;380;045707;3;;kg;Zucchetti, 5 kg;4.13;61.95;1.6107;7610632980545;0;0;1;;
90032154;63795229;2026-02-11;BGH;Früchte + Gemüse;390;044643;5;;Bt;Quality Rüebli- Karotten Julienne, 1,6 mm, 1 kg;4.7;23.5;0.611;7610034507050;0;0;1;;
90032154;63795229;2026-02-11;BGH;Früchte + Gemüse;400;044667;6;;Sc;Mini Rüebli / Karotten mit Laubansatz, ca. 200 g;7.01;42.06;1.09356;7610632955345;0;0;1;;
90032154;63795229;2026-02-11;BGH;Früchte + Gemüse;410;044628;1;;kg;Rüebli / Karotten mittel gewaschen, 10 kg;1.82;18.2;0.4732;7613399004202;0;0;1;;
90032154;63795229;2026-02-11;BGH;Früchte + Gemüse;411;000079;1;;St;Ifco LiftLock;3.2;3.2;0;2000007960008;0;0;0;;
90032154;63795229;2026-02-11;BGH;Früchte + Gemüse;420;045882;1;;kg;Zwiebeln gross, 10 kg;1.62;16.2;0.4212;7628072003557;0;0;7;;
90032154;63795229;2026-02-11;BGH;Früchte + Gemüse;421;000079;1;;St;Ifco LiftLock;3.2;3.2;0;2000007960008;0;0;0;;
90032154;63795229;2026-02-11;BGH;Früchte + Gemüse;430;042007;4;;St;Gurken 400 - 500 g / St, 12 St;1.59;76.32;1.98432;7610632995013;0;0;1;;
90032154;63795229;2026-02-11;BGH;Früchte + Gemüse;440;049135;5;;kg;Champignons weiss, frisch, 1 kg;8.44;42.2;1.0972;7610632995211;0;0;1;;
90032154;63795229;2026-02-11;BGH;Früchte + Gemüse;450;049127;3;;Kt;Champignons braun, frisch, 1 kg;9.13;27.39;0.71214;7610473014843;0;0;1;;
90032154;63795229;2026-02-11;BGH;Food;460;511501;3;;Ds;Economy Oliven schwarz entsteint, 4,25 kg;12.4;37.2;0.9672;4388040253720;0;0;1;;
90032154;63795229;2026-02-11;BGH;Food;470;396540;7;;Ds;Quality Sardellenfilets in Sonnenblumenöl, 794 g;14.8;103.6;2.6936;7610034517332;0;1;1;;
90032154;63795229;2026-02-11;BGH;Food;490;396130;7;;Ds;Raimond Frères MSC Thon rosé in Wasser, 4 x 200 g;1.73;48.44;1.25944;7615900629898;0;1;1;;
90032154;63795229;2026-02-11;BGH;Molkerei/Backwaren;500;096470;1;;St;Klipfel Hefe Würfel, 24 x 42 g;0.21;5.04;0.13104;3266530042027;0;1;1;;
90032154;63795229;2026-02-11;BGH;Food;510;564040;6;;Gl;Bosco d'oro Carpaccio, aus Sommertrüffeln, schwarz, 45 g;18.74;112.44;2.92344;8032680690549;0;0;1;;
90032154;63795229;2026-02-11;BGH;Früchte + Gemüse;520;041241;6;;St;Eichblattsalat rot / grün Schweiz Hydro, gemischt, 8 St;2.18;104.64;2.72064;7613399058038;0;0;7;;
90032154;63795229;2026-02-11;BGH;Früchte + Gemüse;521;000079;6;;St;Ifco LiftLock;3.2;19.2;0;2000007960008;0;0;0;;
90032154;63795229;2026-02-11;BGH;Food;530;512650;2;;Ds;Quality Pfeffer weiss gemahlen, 390 g;10.84;21.68;0.56368;7610034519046;0;1;1;;
90032154;63795229;2026-02-11;BGH;Molkerei/Backwaren;540;018891;2;;Ds;Ömür Hirtenkäse 55%, 800 g;7.92;15.84;0.41184;4002566002449;0;1;1;;
90032154;63795229;2026-02-11;BGH;Früchte + Gemüse;550;044107;1;;kg;Peperoni Tricolor, Import, 5 kg;6.07;30.35;0.7891;7610632977132;0;0;1;;
90032154;63795229;2026-02-11;BGH;Früchte + Gemüse;551;000079;1;;St;Ifco LiftLock;3.2;3.2;0;2000007960008;0;0;0;;
90032154;63795229;2026-02-11;BGH;Früchte + Gemüse;560;044139;1;;kg;Peperoni Mini Mix, 3 kg;8.66;25.98;0.67548;7610632970782;0;0;1;;
90032154;63795229;2026-02-11;BGH;Früchte + Gemüse;570;045777;6;;Sc;Zucchetti Mini-Gemüse ohne Blüte, ca. 5 - 6 Stück;7.77;46.62;1.21212;7610632991527;0;0;1;;
90032154;63795229;2026-02-11;BGH;Früchte + Gemüse;590;040674;1;6;kg;Broccoli, ca. 6 kg;3.12;18.72;0.48672;2903734999993;0;1;1;;
90032154;63795229;2026-02-11;BGH;Früchte + Gemüse;591;000079;1;;St;Ifco LiftLock;3.2;3.2;0;2000007960008;0;0;0;;
90032154;63795229;2026-02-11;BGH;Food;600;564090;2;;Fl;Bosco d'oro Olivenöl mit Trüffelaroma, 250 ml;18.62;37.24;0.96824;8032680690303;0;0;1;;
90032154;63795229;2026-02-11;BGH;Food;610;100070;2;;Lt;Economy Frittieröl, 20 l;4.45;178;4.628;7610034508873;0;0;1;;
90032154;63795229;2026-02-11;BGH;Früchte + Gemüse;620;043598;2;;Bt;Minze, 250 g;8.72;17.44;0.45344;7610632977873;0;0;1;;
90032154;63795229;2026-02-11;BGH;Molkerei/Backwaren;630;027581;2;;St;Emmi Kräuterbutter, Stange, 500 g;13.93;27.86;0.72436;7610900154289;0;0;1;;
90032154;63795229;2026-02-11;BGH;Food;640;512610;2;;Ds;Quality Petersilie, luftgetrocknet, 66 g;4.36;8.72;0.22672;7610034518957;0;1;1;;
90032154;63795229;2026-02-11;BGH;Früchte + Gemüse;650;090140;3;;Bt;Frigemo Regiofrites Bärner TK, 4 x 2,5 kg;15.85;190.2;4.9452;7610078043163;0;0;1;;
90032154;63795229;2026-02-11;BGH;Metzgerei;660;068121;3;;St;ASC Rauchlachs, geschnitten, tiefgekühlt, 1 kg;23.36;70.08;1.82208;4778003302785;0;0;1;;
90032154;63795229;2026-02-11;BGH;Metzgerei;670;001976;1;4.915;kg;Quality GGAP Lachs Filet, mit Haut, grätenarm, ca. 1,0 - 1,4 kg;21.38;105.0827;2.7321502;97610162230489;0;0;1;;
90032154;63795229;2026-02-11;BGH;Metzgerei;680;001502;4;10.48;kg;Poulet Brust ohne Haut mit Innenfilet, 90-220 g, ca. 2,5 kg;20.49;214.7352;5.5831152;97610011945694;0;0;1;;
90032154;63795229;2026-02-11;BGH;Metzgerei;690;068151;5;;kg;Economy ASC Crevetten Black Tiger, geschält, entdarmt, 8/12, tiefgekühlt, 1 kg;20.69;103.45;2.6897;7610034523548;0;0;7;;
90032154;63795229;2026-02-11;BGH;Metzgerei;700;002004;1;;kg;Zander Filet, mit Haut, ca. 70 - 120 g, tiefgekühlt, 5 kg;13.76;68.8;1.7888;2000200460008;0;0;1;;
90032154;63795229;2026-02-11;BGH;Metzgerei;710;002409;4;6.2;kg;Rinds-Filetspitz Kopf II, ca. 1,5 kg;39.5;244.9;6.3674;97610100000006;0;0;1;;
90032154;63795229;2026-02-11;BGH;Nearfood;720;975684;1;;Pk;W-30 Allzwecktuch, blau, 38 x 40 cm, 30 St;14.86;14.86;1.20366;7610588109427;0;0;2;;
90032154;63795229;2026-02-11;BGH;Nonfood;730;989812;4;;Pk;Salatschale Karton rund FSC 750 ml Pack zu 50 Stück;18.9;75.6;6.1236;5901360017286;0;0;3;;
90032154;63795229;2026-02-11;BGH;Nonfood;740;989814;4;;Pk;Deckel PP zu Salatschale rund Pack zu 50 Stück;10.44;41.76;3.38256;4010494919753;0;0;3;;
90032154;63795229;2026-02-11;BGH;Nonfood;750;991230;3;;Rl;Jet-Cut Frischhaltefolie PVC Refill 45 cm x 500 m;31.71;95.13;7.70553;7610222700348;0;0;2;;
90032154;63795229;2026-02-11;BGH;Food;760;565580;1;;Ds;Le Noble grüner Pfeffer, 850 g;10.74;10.74;0.27924;7610107410041;0;0;1;;
90032154;63795229;2026-02-11;BGH;Früchte + Gemüse;770;092960;1;;kg;Quality Morcheln, TK, 2 x 1 kg;40.16;80.32;2.08832;7610034505896;0;0;1;;
90032154;63795229;2026-02-11;BGH;Metzgerei;780;068650;5;;kg;Grüne Muscheln, gekocht, in halber Schale, 30 - 40 St, tiefgekühlt, 1 kg;14.75;73.75;1.9175;9415022241750;0;0;1;;
90032154;63795229;2026-02-11;BGH;Molkerei/Backwaren;790;027310;1;;kg;Economy Butter, 10 x 1 kg;13.22;132.2;3.4372;7610034508224;0;0;1;;
90032154;63795229;2026-02-11;BGH;Früchte + Gemüse;800;040968;4;;kg;Cherry Tomaten Rispen, 3 kg;4.42;53.04;1.37904;7610632949894;0;0;1;;
90032154;63795229;2026-02-11;BGH;Früchte + Gemüse;810;045358;2;;kg;Tomaten mit Rispen Import, 5 kg;3.12;31.2;0.8112;7610632977002;0;0;1;;
90032154;63795229;2026-02-11;BGH;Food;820;481651;8;;Ds;Mutti Tomatenmark zweifach konzentriert, 880 g;5.7;45.6;1.1856;8005110020001;0;0;1;;
90032154;63795229;2026-02-11;BGH;Food;830;570732;1;;Pk;Gogi Tempura Mehl, 24 x 150 g;1.49;35.76;0.92976;2057073200002;0;0;1;;
90032154;63795229;2026-02-11;BGH;Metzgerei;840;054016;1;6.175;kg;Quality Dorsch Filet Royal, ohne Haut, ca. 150 - 300 g, ca. 1 kg;26.24;162.032;4.212832;2947094999996;0;0;7;;
90032154;63795229;2026-02-11;BGH;Food;850;234910;1;;kg;Wildreis Mix, 5 kg;5.17;25.85;0.6721;7610815101811;0;0;1;;
90032154;63795229;2026-02-11;BGH;Food;860;391200;1;;kg;Economy Langkornreis Parboiled, 10 kg;1.5;15;0.39;7610034535756;0;0;1;;
90032154;63795229;2026-02-11;BGH;Nearfood;870;971205;2;;St;Wasserschieber ohne Stiel, 55 cm;11.64;23.28;1.88568;7614600995685;0;0;2;;
90032154;63795229;2026-02-11;BGH;Früchte + Gemüse;880;047866;2;;St;Mango essreif Stück, ca. 420 g;2.03;4.06;0.10556;7610632002612;0;1;1;;
90032154;63795229;2026-02-11;BGH;Früchte + Gemüse;890;047138;1;;Sc;Erdbeeren Import, 500 g;4.46;4.46;0.11596;7610632070444;0;1;1;;
90032154;63795229;2026-02-11;BGH;Früchte + Gemüse;900;048220;2;1;kg;Passionsfrüchte gepackt, ca. 500 g;15.74;15.74;0.40924;2905080999993;0;1;1;;
90032154;63795229;2026-02-11;BGH;Früchte + Gemüse;910;047753;5;5;kg;Limetten / Limes, ca. 1 kg;3.61;18.05;0.4693;2905053999999;0;1;1;;
90032154;63795229;2026-02-11;BGH;Früchte + Gemüse;920;555558;1;;St;Ifco LiftLock;3.2;3.2;0;2055555810008;0;0;0;;
90032154;63795229;2026-02-11;BGH;Früchte + Gemüse;930;555558;4;;St;Ifco LiftLock;3.2;12.8;0;2055555810008;0;0;0;;
90032154;63795229;2026-02-11;BGH;Früchte + Gemüse;940;555558;8;;St;Ifco LiftLock;3.2;25.6;0;2055555810008;0;0;0;;
90032154;63793316;2026-02-10;BGH;Nonfood;10;981140;-6;;Pk;Deckel zu Schale PP 50 ml Pack zu 100 Stück;8.62;-51.72;-4.18932;4010494071741;0;0;2;;
90032154;63788041;2026-02-06;BGH;Früchte + Gemüse;10;041241;6;;St;Eichblattsalat rot / grün Schweiz Hydro, gemischt, 8 St;2.18;104.64;2.72064;7613399058038;0;0;7;;
90032154;63788041;2026-02-06;BGH;Food;10;361912;1;;Fl;Limonina Zitronensaft forte, (grün), 6 x 1 l;9.73;58.38;1.51788;7610032052781;0;1;1;;
90032154;63788041;2026-02-06;BGH;Molkerei/Backwaren;10;508280;1;;St;Chef Gourmet Lütticher Waffeln Butter, tiefgekühlt, 55 x 100 g;1.85;101.75;2.6455;7649989949011;0;0;7;;
90032154;63788041;2026-02-06;BGH;Früchte + Gemüse;11;000079;6;;St;Ifco LiftLock;3.2;19.2;0;2000007960008;0;0;0;;
90032154;63788041;2026-02-06;BGH;Molkerei/Backwaren;20;005010;2;;kg;Quality Joghurt Nature, 3 kg;2.33;13.98;0.36348;7610034534230;0;0;7;;
90032154;63788041;2026-02-06;BGH;Molkerei/Backwaren;20;024440;3;;Tp;Quality Vollrahm 35%, UHT, 12 x 1 l;5.84;210.24;5.46624;7610034505315;0;0;1;;
90032154;63788041;2026-02-06;BGH;Food;20;201530;4;;Fl;Sriracha Hot Chilli Sauce, 815 g;5.34;21.36;0.55536;016229912420;0;0;1;;
90032154;63788041;2026-02-06;BGH;Früchte + Gemüse;30;044540;2;;kg;Rucola / Rauke ungewaschen, 1 kg;12.9;25.8;0.6708;7610514613219;0;0;1;;
90032154;63788041;2026-02-06;BGH;Metzgerei;30;078299;1;1.501;kg;Quality Truten Brust geräucht, gekocht, Frankreich, 1/3, ca. 1,3 kg;19.11;28.68411;0.74578686;2949556999995;0;0;1;;
90032154;63788041;2026-02-06;BGH;Food;30;562000;4;;Fl;Saitaku Hon Mirin, 500 ml;4.53;18.12;1.46772;5060194792223;0;0;8;;
90032154;63788041;2026-02-06;BGH;Molkerei/Backwaren;40;027310;1;;kg;Economy Butter, 10 x 1 kg;13.22;132.2;3.4372;7610034508224;0;0;1;;
90032154;63788041;2026-02-06;BGH;Metzgerei;40;086133;1;1.68;kg;Quality Bündnerfleisch Eckstück, Deutschland/Österreich, 1/2 ca. 1,5 kg;56.93;95.6424;2.4867024;2965474999992;0;0;1;;
90032154;63788041;2026-02-06;BGH;Metzgerei;50;075381;5;12.5;kg;Geflügel Meatballs Curry, gekocht, tiefgekühlt, 2,5 kg;16.73;209.125;5.43725;2999859999994;0;0;7;;
90032154;63788041;2026-02-06;BGH;Molkerei/Backwaren;50;095210;1;;St;Eier Import, Bodenhaltung, 53g+, 90 Stück;0.4;36;0.936;7640104163138;0;0;1;;
90032154;63788041;2026-02-06;BGH;Metzgerei;60;001663;1;3.664;kg;Bell Bauernhamme spezial, ohne Schwarte, 1/1, ca. 3,76 kg;20.39;74.70896;1.94243296;2829471999990;0;0;1;;
90032154;63788041;2026-02-06;BGH;Früchte + Gemüse;60;040968;4;;kg;Cherry Tomaten Rispen, 3 kg;4.42;53.04;1.37904;7610632949894;0;0;1;;
90032154;63788041;2026-02-06;BGH;Molkerei/Backwaren;70;012971;1;1.068;kg;Nuss Käse, 1/1 Laib ca. 1 kg;24.95;26.6466;0.6928116;2935031999994;0;0;1;;
90032154;63788041;2026-02-06;BGH;Food;70;371461;1;;Bt;Economy Pinienkerne, Gastropack, 1 kg;49.16;49.16;1.27816;7610034525979;0;0;1;;
90032154;63788041;2026-02-06;BGH;Metzgerei;80;001491;4;10.33;kg;Poulet-Brust ohne Haut ohne Innenfilet, 110-130 g, ca. 2,5 kg;21.98;227.0534;5.9033884;97610011944062;0;0;1;;
90032154;63788041;2026-02-06;BGH;Molkerei/Backwaren;80;010436;1;1.585;kg;Quality Emmentaler AOP, ca. 1,7 kg;14.36;22.7606;0.5917756;2900196999998;0;0;1;;
90032154;63788041;2026-02-06;BGH;Food;90;410031;5;;kg;Barilla Penne Rigate, n° 73, 5 kg;3.72;93;2.418;8076800035735;0;0;1;;
90032154;63788041;2026-02-06;BGH;Food;90;590170;1;;Kt;Hero Konfitüre Sortiment L, Portionen, 72 x 28,3 g;47.55;47.55;1.2363;7614200832656;0;0;1;;
90032154;63788041;2026-02-06;BGH;Früchte + Gemüse;100;046909;2;;kg;Birchermüesli Extra fixfertig, 3 kg;10.37;62.22;1.61772;7610227917123;0;0;7;;
90032154;63788041;2026-02-06;BGH;Food;100;270370;1;;Pk;Jaus American Bread Toast, 500 g;1.62;1.62;0.04212;8032998900200;0;0;1;;
90032154;63788041;2026-02-06;BGH;Metzgerei;110;001278;3;10.071;kg;Kalbs-Schulter Braten, Gastro, ohne Filet, ca. 3 kg;32.57;328.01247;8.52832422;2904340999995;0;0;1;;
90032154;63788041;2026-02-06;BGH;Früchte + Gemüse;110;555558;1;;St;Ifco LiftLock;3.2;3.2;0;2055555810008;0;0;0;;
90032154;63788041;2026-02-06;BGH;Metzgerei;120;060460;3;;kg;MSC Kabeljau Royal, ca. 140 - 160 g, tiefgekühlt, 5 x 1 kg;16.78;251.7;6.5442;7610162380198;0;0;7;;
90032154;63788041;2026-02-06;BGH;Früchte + Gemüse;130;555558;1;;St;Ifco LiftLock;3.2;3.2;0;2055555810008;0;0;0;;
90032154;63788041;2026-02-06;BGH;Früchte + Gemüse;140;555558;2;;St;Ifco LiftLock;3.2;6.4;0;2055555810008;0;0;0;;
90032154;63783079;2026-02-04;BGH;Früchte + Gemüse;10;000079;-29;;St;Ifco LiftLock;3.2;-92.8;0;2000007960008;0;0;0;;
90032154;63783079;2026-02-04;BGH;Nearfood;10;975943;5;;Pk;Cotonette Wischtuch, blau, 60 x 38 cm, 50 St;9.9;49.5;4.0095;5425035596079;0;1;3;;
90032154;63783079;2026-02-04;BGH;Nearfood;20;992093;2;;Pk;Quality Toilettenpapier, 4-lagig, weiss, 160 Blatt, 24 Rl;16.37;32.74;2.65194;7610034532120;0;0;3;;
90032154;63783079;2026-02-04;BGH;Nearfood;30;992830;2;;Kt;Quality Handtuch W-Falz, 2-lagig, weiss, 15 x 125 St;34.05;68.1;5.5161;7610034509610;0;0;3;;
90032154;63783079;2026-02-04;BGH;Nearfood;40;815700;2;;Bi;Quality Handseife flüssig, 5 kg;13.52;27.04;2.19024;7610034561809;0;0;2;;
90032154;63783079;2026-02-04;BGH;Food;50;512813;1;;Ds;Quality Tandoori mild, 340 g;19.25;19.25;0.5005;7610034514621;0;0;1;;
90032154;63783079;2026-02-04;BGH;Food;60;512360;1;;Ds;Quality Estragon geschnitten, 110 g;10.51;10.51;0.27326;7610034519381;0;0;1;;
90032154;63783079;2026-02-04;BGH;Früchte + Gemüse;70;044155;2;;Bt;Petersilie gekraust,  gepackt, 250 g;4.47;8.94;0.23244;7610632991558;0;0;1;;
90032154;63783079;2026-02-04;BGH;Food;80;512330;2;;Bt;Quality Petersilie, 110 g;6.04;12.08;0.31408;7610034520943;0;0;1;;
90032154;63783079;2026-02-04;BGH;Früchte + Gemüse;90;044538;2;;Bt;Rosmarin, 250 g;8.72;17.44;0.45344;7610632969816;0;0;1;;
90032154;63783079;2026-02-04;BGH;Früchte + Gemüse;100;043598;2;;Bt;Minze, 250 g;8.72;17.44;0.45344;7610632977873;0;0;1;;
90032154;63783079;2026-02-04;BGH;Früchte + Gemüse;110;045186;6;;Bd;Thymian Bund, 80 g;4.18;25.08;0.65208;7610632942604;0;0;1;;
90032154;63783079;2026-02-04;BGH;Food;120;512160;1;;Ds;Quality Country Potatoes Würzmischung, 520 g;12.2;12.2;0.3172;7610034520295;0;0;1;;
90032154;63783079;2026-02-04;BGH;Food;130;512590;2;;Ds;Quality Paprika mild, 380 g;9.51;19.02;0.49452;7610034518919;0;0;1;;
90032154;63783079;2026-02-04;BGH;Food;140;512320;1;;Bt;Quality Salatkräuter, 600 g;13.76;13.76;0.35776;7610034520936;0;0;1;;
90032154;63783079;2026-02-04;BGH;Früchte + Gemüse;150;046240;2;;St;Ananas Schiff, ca. 1,5 kg;3.51;7.02;0.18252;5425003611179;0;0;1;;
90032154;63783079;2026-02-04;BGH;Früchte + Gemüse;160;048116;1;;kg;Orangen blond, 15 kg;1.79;26.85;0.6981;7610632442548;0;0;1;;
90032154;63783079;2026-02-04;BGH;Früchte + Gemüse;161;000079;1;;St;Ifco LiftLock;3.2;3.2;0;2000007960008;0;0;0;;
90032154;63783079;2026-02-04;BGH;Früchte + Gemüse;170;048823;1;;kg;Zitronen, 15 kg;2.3;34.5;0.897;7610632071045;0;0;1;;
90032154;63783079;2026-02-04;BGH;Früchte + Gemüse;171;000079;1;;St;Ifco LiftLock;3.2;3.2;0;2000007960008;0;0;0;;
90032154;63783079;2026-02-04;BGH;Molkerei/Backwaren;180;095821;6;;kg;Natura Plus Eiweiss flüssig Schweiz, Freiland, 1 kg;8.32;49.92;1.29792;7640104165002;0;0;7;;
90032154;63783079;2026-02-04;BGH;Molkerei/Backwaren;190;022591;2;;Tp;Oatly Haferdrink Barista, 6 x 1 l;3.39;40.68;1.05768;27394376616505;0;0;1;;
90032154;63783079;2026-02-04;BGH;Molkerei/Backwaren;200;095210;1;;St;Eier Import, Bodenhaltung, 53g+, 90 Stück;0.4;36;0.936;7640104163138;0;0;1;;
90032154;63783079;2026-02-04;BGH;Früchte + Gemüse;210;047138;3;;Sc;Erdbeeren Import, 500 g;5.31;15.93;0.41418;7610632070444;0;0;1;;
90032154;63783079;2026-02-04;BGH;Molkerei/Backwaren;220;027310;2;;kg;Economy Butter, 10 x 1 kg;13.22;264.4;6.8744;7610034508224;0;0;1;;
90032154;63783079;2026-02-04;BGH;Molkerei/Backwaren;230;008700;2;;kg;Quality Vollei flüssig Import, Bodenhaltung, pasteurisiert, 10 kg;6.78;135.6;3.5256;4388040268236;0;0;1;;
90032154;63783079;2026-02-04;BGH;Molkerei/Backwaren;240;096400;1;;St;Backhefe, Würfel, 24 x 42 g;0.29;6.96;0.18096;7610926000515;0;0;1;;
90032154;63783079;2026-02-04;BGH;Früchte + Gemüse;260;043957;5;;Sc;Patisson Mini Gemüse, ca. 9 St;7.31;36.55;0.9503;7610632991541;0;0;1;;
90032154;63783079;2026-02-04;BGH;Früchte + Gemüse;270;045777;5;;Sc;Zucchetti Mini-Gemüse ohne Blüte, ca. 5 - 6 Stück;7.77;38.85;1.0101;7610632991527;0;0;1;;
90032154;63783079;2026-02-04;BGH;Früchte + Gemüse;280;044667;5;;Sc;Mini Rüebli / Karotten mit Laubansatz, ca. 200 g;7.01;35.05;0.9113;7610632955345;0;0;1;;
90032154;63783079;2026-02-04;BGH;Früchte + Gemüse;290;044139;1;;kg;Peperoni Mini Mix, 3 kg;8.66;25.98;0.67548;7610632970782;0;0;1;;
90032154;63783079;2026-02-04;BGH;Food;300;234790;3;;kg;Carnaroli Risottoreis, 5 kg;4.43;66.45;1.7277;7610815101835;0;0;1;;
90032154;63783079;2026-02-04;BGH;Food;310;115081;2;;Lt;Quality Frito 2000 Gold, Frittieröl, 20 l;4.91;196.4;5.1064;7610034515079;0;0;1;;
90032154;63783079;2026-02-04;BGH;Food;320;100080;1;;Lt;Quality Rapsöl, 20 l;3.48;69.6;1.8096;7610034515147;0;0;1;;
90032154;63783079;2026-02-04;BGH;Früchte + Gemüse;330;042592;2;;Ds;Knoblauch Original ganz geschält, 1kg;8.22;16.44;0.42744;3700430300004;0;1;7;;
90032154;63783079;2026-02-04;BGH;Molkerei/Backwaren;340;010201;10;;Bt;Economy Gran Moravia, gerieben, 1 kg;16.52;165.2;4.2952;4388040201158;0;0;7;;
90032154;63783079;2026-02-04;BGH;Molkerei/Backwaren;360;012383;1;1.418;kg;Defendi Gorgonzola San Antonio DOP, 1/4 Laib ca. 1,5 kg;15.46;21.92228;0.56997928;2902117999995;0;0;1;;
90032154;63783079;2026-02-04;BGH;Molkerei/Backwaren;370;022600;3;;Tp;Quality Vollmilch 3,5%, UHT, 12 x 1 l;1.27;45.72;1.18872;7610034507807;0;0;1;;
90032154;63783079;2026-02-04;BGH;Molkerei/Backwaren;380;024440;4;;Tp;Quality Vollrahm 35%, UHT, 12 x 1 l;5.84;280.32;7.28832;7610034505315;0;0;1;;
90032154;63783079;2026-02-04;BGH;Früchte + Gemüse;390;044540;4;;kg;Rucola / Rauke ungewaschen, 1 kg;12.9;51.6;1.3416;7610514613219;0;0;1;;
90032154;63783079;2026-02-04;BGH;Früchte + Gemüse;400;045707;3;;kg;Zucchetti, 5 kg;5.87;88.05;2.2893;7610632980545;0;0;1;;
90032154;63783079;2026-02-04;BGH;Früchte + Gemüse;410;040257;3;;kg;Auberginen, 5 kg;5.83;87.45;2.2737;7610632977958;0;0;1;;
90032154;63783079;2026-02-04;BGH;Früchte + Gemüse;420;044107;4;;kg;Peperoni Tricolor, Import, 5 kg;5.65;113;2.938;7610632977132;0;0;1;;
90032154;63783079;2026-02-04;BGH;Früchte + Gemüse;421;000079;4;;St;Ifco LiftLock;3.2;12.8;0;2000007960008;0;0;0;;
90032154;63783079;2026-02-04;BGH;Früchte + Gemüse;430;049135;10;;kg;Champignons weiss, frisch, 1 kg;8.44;84.4;2.1944;7610632995211;0;0;1;;
90032154;63783079;2026-02-04;BGH;Nonfood;440;989812;10;;Pk;Salatschale Karton rund FSC 750 ml Pack zu 50 Stück;18.9;189;15.309;5901360017286;0;0;3;;
90032154;63783079;2026-02-04;BGH;Nonfood;450;989814;10;;Pk;Deckel PP zu Salatschale rund Pack zu 50 Stück;10.44;104.4;8.4564;4010494919753;0;0;3;;
90032154;63783079;2026-02-04;BGH;Nonfood;460;981727;4;;Pk;Tragtasche Kraft Uni 22 x 28 cm Pack zu 50 Stück;16.59;66.36;5.37516;4002911871874;0;0;3;;
90032154;63783079;2026-02-04;BGH;Nonfood;470;981153;2;;Pk;Tragtasche Kraft Uni, 27 x 32 x 21,5 cm, Pack zu 25 Stück;12.31;24.62;1.99422;4002911888117;0;0;3;;
90032154;63783079;2026-02-04;BGH;Nonfood;480;963052;6;;Pk;Trinkhalm Papier schwarz 15 cm Ø 8 mm Pack zu 150 Stück;3.85;23.1;1.8711;7610588102466;0;0;3;;
90032154;63783079;2026-02-04;BGH;Nonfood;490;902275;6;;Pk;Trinkhalm Papier, schwarz, 21 cm, Ø 6 mm, Pack zu 150 Stück;4.29;25.74;2.08494;7610588101964;0;0;3;;
90032154;63783079;2026-02-04;BGH;Nonfood;500;963514;6;;St;Kisag Korkenzieher;7.63;45.78;3.70818;7610251101383;0;0;3;;
90032154;63783079;2026-02-04;BGH;Früchte + Gemüse;510;092960;1;;kg;Quality Morcheln, TK, 2 x 1 kg;40.16;80.32;2.08832;7610034505896;0;0;1;;
90032154;63783079;2026-02-04;BGH;Früchte + Gemüse;520;090490;1;;kg;Frigemo Country Cuts, TK, 2 x 2,5 kg;5.84;29.2;0.7592;7610078014736;0;0;1;;
90032154;63783079;2026-02-04;BGH;Metzgerei;530;081540;3;9.077;kg;Quality Bratspeck ohne Schwarte, ohne Knorpel, 1/1, ca. 3 kg;16.73;151.85821;3.94831346;2945670999996;0;0;1;;
90032154;63783079;2026-02-04;BGH;Food;540;258650;1;;kg;Knorr Professional Sauce Demi-Glace, 4 kg;21.04;84.16;2.18816;7611100346320;0;1;1;;
90032154;63783079;2026-02-04;BGH;Food;550;580680;6;;Bt;Le Dragon eingelegter Sushi Ingwer weiss, 1 kg;4.81;28.86;0.75036;7613324126511;0;0;1;;
90032154;63783079;2026-02-04;BGH;Metzgerei;560;068151;15;;kg;Economy ASC Crevetten Black Tiger, geschält, entdarmt, 8/12, tiefgekühlt, 1 kg;20.69;310.35;8.0691;7610034523548;0;0;7;;
90032154;63783079;2026-02-04;BGH;Metzgerei;570;068121;6;;St;ASC Rauchlachs, geschnitten, tiefgekühlt, 1 kg;24.55;147.3;3.8298;4778003302785;0;0;1;;
90032154;63783079;2026-02-04;BGH;Metzgerei;580;053620;2;;St;Bell Beefsteak Tatar, Portionen, tiefgekühlt, 10 x 140 g;4.25;85;2.21;7610011021111;0;0;1;;
90032154;63783079;2026-02-04;BGH;Früchte + Gemüse;590;090140;3;;Bt;Frigemo Regiofrites Bärner TK, 4 x 2,5 kg;15.85;190.2;4.9452;7610078043163;0;0;1;;
90032154;63783079;2026-02-04;BGH;Molkerei/Backwaren;600;027581;4;;St;Emmi Kräuterbutter, Stange, 500 g;13.93;55.72;1.44872;7610900154289;0;0;1;;
90032154;63783079;2026-02-04;BGH;Früchte + Gemüse;610;044718;1;;Bt;Salbei, 250 g;8.72;8.72;0.22672;7610632969779;0;0;1;;
90032154;63783079;2026-02-04;BGH;Nonfood;620;963987;6;;Pk;Lunica Fingerfood Spiesse Bambus 12 cm Pack zu 250 Stück;5.77;34.62;2.80422;7640174810383;0;0;3;;
90032154;63783079;2026-02-04;BGH;Früchte + Gemüse;630;045358;3;;kg;Tomaten mit Rispen Import, 5 kg;2.62;39.3;1.0218;7610632977002;0;1;1;;
90032154;63783079;2026-02-04;BGH;Früchte + Gemüse;640;040968;4;;kg;Cherry Tomaten Rispen, 3 kg;4.42;53.04;1.37904;7610632949894;0;0;1;;
90032154;63783079;2026-02-04;BGH;Früchte + Gemüse;650;041241;7;;St;Eichblattsalat rot / grün Schweiz Hydro, gemischt, 8 St;2.18;122.08;3.17408;7613399058038;0;0;7;;
90032154;63783079;2026-02-04;BGH;Früchte + Gemüse;651;000079;7;;St;Ifco LiftLock;3.2;22.4;0;2000007960008;0;0;0;;
90032154;63783079;2026-02-04;BGH;Früchte + Gemüse;660;042007;4;;St;Gurken 400 - 500 g / St, 12 St;1.19;57.12;1.48512;7610632995013;0;1;1;;
90032154;63783079;2026-02-04;BGH;Früchte + Gemüse;670;044643;3;;Bt;Quality Rüebli- Karotten Julienne, 1,6 mm, 1 kg;4.7;14.1;0.3666;7610034507050;0;0;1;;
90032154;63783079;2026-02-04;BGH;Früchte + Gemüse;680;045902;1;;kg;Zwiebeln mittel, 5 kg;1.88;9.4;0.2444;7613399003090;0;0;1;;
90032154;63783079;2026-02-04;BGH;Food;690;564090;2;;Fl;Bosco d'oro Olivenöl mit Trüffelaroma, 250 ml;18.62;37.24;0.96824;8032680690303;0;0;1;;
90032154;63783079;2026-02-04;BGH;Food;700;560280;2;;kg;JuraSel Speisesalz mit Jod, 25 kg;0.68;34;0.884;7610039000242;0;0;1;;
90032154;63783079;2026-02-04;BGH;Nearfood;710;975792;2;;Pk;Quality Einweghandschuhe Nitril, Grösse L, schwarz, 100 St;8.81;17.62;1.42722;7610034546639;0;0;2;;
90032154;63783079;2026-02-04;BGH;Nearfood;720;811410;2;;Sa;Reosal Regeneriersalz fein, 25 kg;11.92;23.84;1.93104;7610039000204;0;0;2;;
90032154;63783079;2026-02-04;BGH;Früchte + Gemüse;730;046922;3;;Sc;Blueberries, 500 g;5.35;16.05;0.4173;7610632010297;0;1;1;;
90032154;63783079;2026-02-04;BGH;Früchte + Gemüse;740;047410;5;;Sc;Johannisbeeren, Import, 125 g;5.36;26.8;0.6968;7610632010327;0;0;1;;
90032154;63783079;2026-02-04;BGH;Food;750;349611;1;;Kt;Hardy's Hüppen Topolinos, 300 Stück;33.17;33.17;0.86242;7610666001025;0;0;1;;
90032154;63783079;2026-02-04;BGH;Food;760;410641;6;;Pk;Barilla glutenfreie Penne rigate, 400 g;3.56;21.36;0.55536;8076809545457;0;0;1;;
90032154;63783079;2026-02-04;BGH;Metzgerei;770;001502;2;5.11;kg;Poulet Brust ohne Haut mit Innenfilet, 90-220 g, ca. 2,5 kg;20.49;104.7039;2.7223014;97610011945694;0;0;1;;
90032154;63783079;2026-02-04;BGH;Metzgerei;780;001976;1;9.025;kg;Quality GGAP Lachs Filet, mit Haut, grätenarm, ca. 1,0 - 1,4 kg;17.42;157.2155;4.087603;97610162230489;0;1;1;;
90032154;63783079;2026-02-04;BGH;Molkerei/Backwaren;790;024801;6;;Ds;Floralp Vollrahm 35%, ohne Zucker, UHT, 250 g;4.68;28.08;0.73008;7612300013494;0;0;1;;
90032154;63783079;2026-02-04;BGH;Molkerei/Backwaren;800;013702;2;6.98;kg;Quality Raclette, eckig, 1/2 Laib ca. 3,2 kg;11.02;76.9196;1.9999096;2953272999993;0;0;1;;
90032154;63783079;2026-02-04;BGH;Food;810;564040;3;;Gl;Bosco d'oro Carpaccio, aus Sommertrüffeln, schwarz, 45 g;18.74;56.22;1.46172;8032680690549;0;0;1;;
90032154;63783079;2026-02-04;BGH;Früchte + Gemüse;820;044003;1;3;kg;Peperoncini grün, ca. 3 kg;8.89;26.67;0.69342;2904473999992;0;0;1;;
90032154;63783079;2026-02-04;BGH;Früchte + Gemüse;830;043993;1;3;kg;Peperoncini rot, ca. 3 kg;8.13;24.39;0.63414;2960473999998;0;0;1;;
90032154;63783079;2026-02-04;BGH;Metzgerei;840;002098;1;1.934;kg;Kalbs-Nierstück, kurz, ca. 1.6 kg;58.31;112.77154;2.93206004;97610011044199;0;0;1;;
90032154;63783079;2026-02-04;BGH;Nonfood;850;928869;1;;St;Brother TN-243BK schwarz;66.49;66.49;5.38569;4977766787451;0;0;2;;
90032154;63783079;2026-02-04;BGH;Food;860;510480;1;;Ke;Quality Oregano ganz, 800 g;21.82;21.82;0.56732;7610034519930;0;0;1;;
90032154;63783079;2026-02-04;BGH;Molkerei/Backwaren;870;024673;2;;Ke;Quality Crème Fraîche, Sauerrahm 35%, 2,5 kg;24.51;49.02;1.27452;7610034514973;0;0;1;;
90032154;63783079;2026-02-04;BGH;Food;880;510111;1;;Ke;Quality Mayonnaise, 4,75 kg;22.1;22.1;0.5746;7610034512672;0;0;1;;
90032154;63783079;2026-02-04;BGH;Früchte + Gemüse;890;049127;6;;Kt;Champignons braun, frisch, 1 kg;9.13;54.78;1.42428;7610473014843;0;0;1;;
90032154;63783079;2026-02-04;BGH;Food;900;512530;2;;Ds;Quality Herbes de Provence, 175 g;7.94;15.88;0.41288;7610034518681;0;0;1;;
90032154;63783079;2026-02-04;BGH;Molkerei/Backwaren;910;015781;1;;Pk;Quality Cheddar, rot, Scheiben, 88 x 12,3 g;14.75;14.75;0.3835;7610034517592;0;0;1;;
90032154;63783079;2026-02-04;BGH;Molkerei/Backwaren;920;019372;3;;St;Soignon Bûche de chèvre, Weichkäse, 1 kg;16.86;50.58;1.31508;3523237481000;0;0;1;;
90032154;63783079;2026-02-04;BGH;Molkerei/Backwaren;930;039120;1;;kg;Hilcona Pasta Professional Tortellini Ricotta & Spinat, tiefgekühlt, 10 kg;8.59;85.9;2.2334;7610227960402;0;0;1;;
90032154;63783079;2026-02-04;BGH;Metzgerei;940;086133;1;1.586;kg;Quality Bündnerfleisch Eckstück, Deutschland/Österreich, 1/2 ca. 1,5 kg;56.93;90.29098;2.34756548;2965474999992;0;0;1;;
90032154;63783079;2026-02-04;BGH;Metzgerei;950;054924;4;5.372;kg;Bell Kalbs-Cipollata-Spiessli mit Speck, 10 x ca. 140 g;17.33;93.09676;2.42051576;2977111999999;0;0;1;;
90032154;63783079;2026-02-04;BGH;Metzgerei;960;080390;1;;kg;ASC Wolfsbarsch Filet, mit Haut, grätenarm, ca. 90 - 120 g, tiefgekühlt, 5 x 1 kg;19.75;98.75;2.5675;7610034516274;0;0;1;;
90032154;63783079;2026-02-04;BGH;Metzgerei;970;002094;3;5.187;kg;Kalbs-Nuss, ohne Schale, enthäutet, ca. 1,5 kg;47.03;243.94461;6.34255986;97610011044298;0;0;1;;
90032154;63783079;2026-02-04;BGH;Früchte + Gemüse;980;040329;2;;Bt;Basilikum, 1 kg;29.39;58.78;1.52828;7610632989975;0;0;1;;
90032154;63783079;2026-02-04;BGH;Früchte + Gemüse;990;045914;1;;kg;Zwiebeln rot gross, 10 kg;2.12;21.2;0.5512;7613399003366;0;0;1;;
90032154;63783079;2026-02-04;BGH;Früchte + Gemüse;991;000079;1;;St;Ifco LiftLock;3.2;3.2;0;2000007960008;0;0;0;;
90032154;63783079;2026-02-04;BGH;Früchte + Gemüse;1000;047754;1;4.2;kg;Limetten / Limes, 4,2 kg;3.77;15.834;0.411684;2905054999998;0;0;1;;
90032154;63783079;2026-02-04;BGH;Nonfood;1010;985201;1;;Rl;Kehrichtsack OKS mit Zugband 110L Karton zu 15 Rollen zu 10 Stück;3.64;54.6;4.4226;2098520130008;0;0;2;;
90032154;63783079;2026-02-04;BGH;Früchte + Gemüse;1020;521631;6;;kg;Ponthier Passionsfrucht Pürée, 1 kg;16.37;98.22;2.55372;3228170865404;0;0;1;;
90032154;63783079;2026-02-04;BGH;Früchte + Gemüse;1030;048827;1;;kg;Zitronen, 6 kg;2.42;14.52;0.37752;7610632320723;0;0;1;;
90032154;63783079;2026-02-04;BGH;Früchte + Gemüse;1031;000079;1;;St;Ifco LiftLock;3.2;3.2;0;2000007960008;0;0;0;;
90032154;63783079;2026-02-04;BGH;Früchte + Gemüse;1040;555558;2;;St;Ifco LiftLock;3.2;6.4;0;2055555810008;0;0;0;;
90032154;63783079;2026-02-04;BGH;Früchte + Gemüse;1050;555558;7;;St;Ifco LiftLock;3.2;22.4;0;2055555810008;0;0;0;;
90032154;63783079;2026-02-04;BGH;Früchte + Gemüse;1060;555558;9;;St;Ifco LiftLock;3.2;28.8;0;2055555810008;0;0;0;;
90032154;63770921;2026-01-30;BGH;Früchte + Gemüse;10;000079;-25;;St;Ifco LiftLock;3.2;-80;0;2000007960008;0;0;0;;
90032154;63770921;2026-01-30;BGH;Nonfood;10;989815;6;;Pk;Deckel rPET zu Salatschale rund Pack zu 50 Stück;10.55;63.3;5.1273;3342690157730;0;0;3;;
90032154;63770921;2026-01-30;BGH;Nonfood;10;991807;2;;Rl;Dressierbeutel / Spritzsäcke rot, 270 x 630 mm, hitzebeständig bis 110°C, Rolle zu 80 Stück;27.92;55.84;4.52304;7611860025107;0;1;3;;
90032154;63770921;2026-01-30;BGH;Molkerei/Backwaren;20;005010;1;;kg;Quality Joghurt Nature, 3 kg;1.88;5.64;0.14664;7610034534230;0;1;7;;
90032154;63770921;2026-01-30;BGH;Früchte + Gemüse;20;555558;4;;St;Ifco LiftLock;3.2;12.8;0;2055555810008;0;0;0;;
90032154;63770921;2026-01-30;BGH;Food;30;105060;1;;Ds;Hero Herzkirschen ohne Stein rot, 6 x 425 g;4.86;29.16;0.75816;7614200507301;0;0;1;;
90032154;63770921;2026-01-30;BGH;Früchte + Gemüse;40;045037;1;;Bt;Spinat, 500 g;3.95;3.95;0.1027;7610632997857;0;0;1;;
90032154;63770921;2026-01-30;BGH;Früchte + Gemüse;50;047754;2;8.4;kg;Limetten / Limes, 4,2 kg;3.36;28.224;0.733824;2905054999998;0;0;1;;
90032154;63770921;2026-01-30;BGH;Food;60;241560;1;;Pk;Quality Knusper Müesli Waldfrüchte, 1,5 kg;10.84;10.84;0.28184;4388040000096;0;1;1;;
90032154;63770921;2026-01-30;BGH;Früchte + Gemüse;70;046909;1;;kg;Birchermüesli Extra fixfertig, 3 kg;8.29;24.87;0.64662;7610227917123;0;1;7;;
90032154;63770921;2026-01-30;BGH;Food;80;252360;1;;Ds;Maggi Bouillon mit Rind, pastös, 1 kg;27.13;27.13;0.70538;8445291288768;0;0;1;;
90032154;63770921;2026-01-30;BGH;Molkerei/Backwaren;90;010201;8;;Bt;Economy Gran Moravia, gerieben, 1 kg;16.52;132.16;3.43616;4388040201158;0;0;7;;
90032154;63770921;2026-01-30;BGH;Molkerei/Backwaren;100;012201;5;;Bt;Economy Gran Moravia, gehobelt, 500 g;9.09;45.45;1.1817;4388040201172;0;0;7;;
90032154;63770921;2026-01-30;BGH;Food;110;511501;3;;Ds;Economy Oliven schwarz entsteint, 4,25 kg;12.4;37.2;0.9672;4388040253720;0;0;1;;
90032154;63770921;2026-01-30;BGH;Früchte + Gemüse;120;040329;5;;Bt;Basilikum, 1 kg;29.39;146.95;3.8207;7610632989975;0;0;1;;
90032154;63770921;2026-01-30;BGH;Früchte + Gemüse;130;043598;2;;Bt;Minze, 250 g;8.72;17.44;0.45344;7610632977873;0;0;1;;
90032154;63770921;2026-01-30;BGH;Molkerei/Backwaren;140;018891;3;;Ds;Ömür Hirtenkäse 55%, 800 g;9.76;29.28;0.76128;4002566002449;0;0;1;;
90032154;63770921;2026-01-30;BGH;Früchte + Gemüse;150;044107;2;;kg;Peperoni Tricolor, Import, 5 kg;5.59;55.9;1.4534;7610632977132;0;0;1;;
90032154;63770921;2026-01-30;BGH;Früchte + Gemüse;151;000079;2;;St;Ifco LiftLock;3.2;6.4;0;2000007960008;0;0;0;;
90032154;63770921;2026-01-30;BGH;Früchte + Gemüse;160;041241;6;;St;Eichblattsalat rot / grün Schweiz Hydro, gemischt, 8 St;2.18;104.64;2.72064;7613399058038;0;0;7;;
90032154;63770921;2026-01-30;BGH;Früchte + Gemüse;161;000079;6;;St;Ifco LiftLock;3.2;19.2;0;2000007960008;0;0;0;;
90032154;63770921;2026-01-30;BGH;Früchte + Gemüse;170;040968;2;;kg;Cherry Tomaten Rispen, 3 kg;3.61;21.66;0.56316;7610632949894;0;1;1;;
90032154;63770921;2026-01-30;BGH;Früchte + Gemüse;180;045358;1;;kg;Tomaten mit Rispen Import, 5 kg;3;15;0.39;7610632977002;0;0;1;;
90032154;63770921;2026-01-30;BGH;Früchte + Gemüse;190;044540;2;;kg;Rucola / Rauke ungewaschen, 1 kg;12.9;25.8;0.6708;7610514613219;0;0;1;;
90032154;63770921;2026-01-30;BGH;Molkerei/Backwaren;200;024440;3;;Tp;Quality Vollrahm 35%, UHT, 12 x 1 l;5.69;204.84;5.32584;7610034505315;0;1;1;;
90032154;63770921;2026-01-30;BGH;Molkerei/Backwaren;210;024791;2;;Ds;Floralp Vollrahm 35%, ohne Zucker, UHT, 500 g;8.06;16.12;0.41912;7612300013166;0;0;7;;
90032154;63770921;2026-01-30;BGH;Food;220;153062;3;;Pk;Thomy Sauce Hollandaise, 1 l;10.15;30.45;0.7917;7610100021190;0;0;1;;
90032154;63770921;2026-01-30;BGH;Food;230;399043;1;;Gl;Majestic grüner Pfeffer, 6 x 100 g;3.75;22.5;0.585;7615900012768;0;0;1;;
90032154;63770921;2026-01-30;BGH;Metzgerei;240;078256;4;9.165;kg;Quality Hinterschinken Tradition 1/3, ca. 2,4 kg;15.44;141.5076;3.6791976;2946205999993;0;0;1;;
90032154;63770921;2026-01-30;BGH;Food;250;564040;5;;Gl;Bosco d'oro Carpaccio, aus Sommertrüffeln, schwarz, 45 g;18.74;93.7;2.4362;8032680690549;0;0;1;;
90032154;63770921;2026-01-30;BGH;Früchte + Gemüse;260;049135;6;;kg;Champignons weiss, frisch, 1 kg;8.44;50.64;1.31664;7610632995211;0;0;1;;
90032154;63770921;2026-01-30;BGH;Metzgerei;270;081522;3;4.563;kg;Quality Speck geräucht 1/2, ca. 1,5 kg;15.44;70.45272;1.83177072;2950432999992;0;0;1;;
90032154;63770921;2026-01-30;BGH;Metzgerei;280;089340;3;;St;Rapelli Rinds-Tatar, tiefgekühlt, 20 x 70 g;2.82;169.2;4.3992;7610352006495;0;0;1;;
90032154;63770921;2026-01-30;BGH;Food;290;107262;2;;St;Hegnauer Beck Hoteltoast, weiss, 8 x 1 kg;6.33;101.28;2.63328;7610325807500;0;0;1;;
90032154;63770921;2026-01-30;BGH;Früchte + Gemüse;300;092930;2;;kg;Picosa Steinpilze Würfel, 2 x 2 cm, TK, 2 x 1 kg;21.2;84.8;2.2048;7610473071204;0;0;1;;
90032154;63770921;2026-01-30;BGH;Früchte + Gemüse;310;093791;3;;Gl;Perlen Balsamico-Essig, 200 g;16.16;48.48;1.26048;3467740093926;0;0;1;;
90032154;63770921;2026-01-30;BGH;Metzgerei;320;002094;5;7.833;kg;Kalbs-Nuss, ohne Schale, enthäutet, ca. 1,5 kg;48.02;376.14066;9.77965716;97610011044298;0;0;1;;
90032154;63770921;2026-01-30;BGH;Metzgerei;330;054924;4;5.496;kg;Bell Kalbs-Cipollata-Spiessli mit Speck, 10 x ca. 140 g;17.33;95.24568;2.47638768;2977111999999;0;0;1;;
90032154;63770921;2026-01-30;BGH;Metzgerei;340;001992;1;9.941;kg;Quality GGAP Goldbrassen Filet, mit Haut, grätenarm, ca. 90-140 g, ca. 1 kg;26.33;261.74653;6.80540978;97610162283126;0;0;1;;
90032154;63770921;2026-01-30;BGH;Metzgerei;350;080390;2;;kg;ASC Wolfsbarsch Filet, mit Haut, grätenarm, ca. 90 - 120 g, tiefgekühlt, 5 x 1 kg;19.75;197.5;5.135;7610034516274;0;0;1;;
90032154;63770921;2026-01-30;BGH;Früchte + Gemüse;360;555558;6;;St;Ifco LiftLock;3.2;19.2;0;2055555810008;0;0;0;;
90032154;63770921;2026-01-30;BGH;Früchte + Gemüse;370;555558;2;;St;Ifco LiftLock;3.2;6.4;0;2055555810008;0;0;0;;
90032154;63765768;2026-01-28;BGH;Früchte + Gemüse;10;000079;-6;;St;Ifco LiftLock;3.2;-19.2;0;2000007960008;0;0;0;;
90032154;63765768;2026-01-28;BGH;Metzgerei;10;082551;2;2.121;kg;Bell Bündnerfleisch, Unterspälte, 1/2, ca. 1 kg;68.21;144.67341;3.76150866;2961706999990;0;0;1;;
90032154;63765768;2026-01-28;BGH;Nonfood;10;967782;1;;St;Kisag Stabmixer 20 cm;188.64;188.64;15.27984;7610251082200;0;1;2;;
90032154;63765768;2026-01-28;BGH;Metzgerei;20;083419;3;2.856;kg;Chorizo pikant geschält, ca. 950 g;19.79;56.52024;1.46952624;2935691999990;0;1;7;;
90032154;63765768;2026-01-28;BGH;Nonfood;20;990307;1;;St;Trisa Handmixer Mixstar;27.47;27.47;2.22507;7640139994950;0;1;2;;
90032154;63765768;2026-01-28;BGH;Früchte + Gemüse;30;090732;1;;kg;Quality Beerenmischung, TK, 2 x 2,5 kg;7.43;37.15;0.9659;7610034512443;0;1;1;;
90032154;63765768;2026-01-28;BGH;Molkerei/Backwaren;40;024440;5;;Tp;Quality Vollrahm 35%, UHT, 12 x 1 l;5.69;341.4;8.8764;7610034505315;0;1;1;;
90032154;63765768;2026-01-28;BGH;Molkerei/Backwaren;50;012383;2;3.035;kg;Defendi Gorgonzola San Antonio DOP, 1/4 Laib ca. 1,5 kg;15.46;46.9211;1.2199486;2902117999995;0;0;1;;
90032154;63765768;2026-01-28;BGH;Molkerei/Backwaren;50;024791;3;;Ds;Floralp Vollrahm 35%, ohne Zucker, UHT, 500 g;8.06;24.18;0.62868;7612300013166;0;0;7;;
90032154;63765768;2026-01-28;BGH;Molkerei/Backwaren;60;022600;2;;Tp;Quality Vollmilch 3,5%, UHT, 12 x 1 l;1.31;31.44;0.81744;7610034507807;0;0;1;;
90032154;63765768;2026-01-28;BGH;Food;60;400600;1;;Ds;Economy Gurken, längsschnitt, 4 kg;13.37;13.37;0.34762;7610034513204;0;0;1;;
90032154;63765768;2026-01-28;BGH;Molkerei/Backwaren;70;012201;5;;Bt;Economy Gran Moravia, gehobelt, 500 g;9.09;45.45;1.1817;4388040201172;0;0;7;;
90032154;63765768;2026-01-28;BGH;Food;70;570732;1;;Pk;Gogi Tempura Mehl, 24 x 150 g;1.49;35.76;0.92976;2057073200002;0;0;1;;
90032154;63765768;2026-01-28;BGH;Molkerei/Backwaren;80;019481;10;;Be;Galbani Mascarpone, 500 g;7.75;77.5;2.015;8000430171013;0;0;1;;
90032154;63765768;2026-01-28;BGH;Food;80;153062;4;;Pk;Thomy Sauce Hollandaise, 1 l;10.15;40.6;1.0556;7610100021190;0;0;1;;
90032154;63765768;2026-01-28;BGH;Food;90;107910;10;;Pk;Quality Löffelbiskuits, 400 g;2.18;21.8;0.5668;7610034516687;0;1;1;;
90032154;63765768;2026-01-28;BGH;Food;90;401611;1;;Pk;Chaokoh Kokosnussmilch UHT, 12 x 1 l;5.34;64.08;1.66608;18850813120155;0;0;1;;
90032154;63765768;2026-01-28;BGH;Früchte + Gemüse;100;044540;2;;kg;Rucola / Rauke ungewaschen, 1 kg;12.9;25.8;0.6708;7610514613219;0;0;1;;
90032154;63765768;2026-01-28;BGH;Food;100;245060;1;;Ds;Hero Golden Sweet Corn - Süssmais, 6 x 2,215 kg;11.63;69.78;1.81428;7614200510134;0;0;1;;
90032154;63765768;2026-01-28;BGH;Food;110;564040;3;;Gl;Bosco d'oro Carpaccio, aus Sommertrüffeln, schwarz, 45 g;18.74;56.22;1.46172;8032680690549;0;0;1;;
90032154;63765768;2026-01-28;BGH;Früchte + Gemüse;120;044538;2;;Bt;Rosmarin, 250 g;8.72;17.44;0.45344;7610632969816;0;0;1;;
90032154;63765768;2026-01-28;BGH;Früchte + Gemüse;130;045186;5;;Bd;Thymian Bund, 80 g;4.18;20.9;0.5434;7610632942604;0;0;1;;
90032154;63765768;2026-01-28;BGH;Früchte + Gemüse;140;042592;1;;Ds;Knoblauch Original ganz geschält, 1kg;11.01;11.01;0.28626;3700430300004;0;0;7;;
90032154;63765768;2026-01-28;BGH;Früchte + Gemüse;150;045907;1;;kg;Zwiebeln gross, 10 kg;1.19;11.9;0.3094;7613399003151;0;1;7;;
90032154;63765768;2026-01-28;BGH;Metzgerei;160;053637;1;;St;Natura Bio Rinds-Tatar, tiefgekühlt, 20 x 70 g;2.76;55.2;1.4352;7610162388101;0;0;1;;
90032154;63765768;2026-01-28;BGH;Molkerei/Backwaren;170;027581;2;;St;Emmi Kräuterbutter, Stange, 500 g;14.08;28.16;0.73216;7610900154289;0;0;1;;
90032154;63765768;2026-01-28;BGH;Metzgerei;180;068151;10;;kg;Economy ASC Crevetten Black Tiger, geschält, entdarmt, 8/12, tiefgekühlt, 1 kg;20.69;206.9;5.3794;7610034523548;0;0;7;;
90032154;63765768;2026-01-28;BGH;Früchte + Gemüse;180;555558;4;;St;Ifco LiftLock;3.2;12.8;0;2055555810008;0;0;0;;
90032154;63765768;2026-01-28;BGH;Metzgerei;190;068730;5;;kg;Quality Meeresfrüchte Cocktail, gekocht, tiefgekühlt, 6 x 1 kg;10.84;325.2;8.4552;7610034508439;0;1;1;;
90032154;63765768;2026-01-28;BGH;Food;200;100080;1;;Lt;Quality Rapsöl, 20 l;3.48;69.6;1.8096;7610034515147;0;0;1;;
90032154;63765768;2026-01-28;BGH;Food;210;234790;2;;kg;Carnaroli Risottoreis, 5 kg;4.37;43.7;1.1362;7610815101835;0;0;1;;
90032154;63765768;2026-01-28;BGH;Molkerei/Backwaren;220;008700;2;;kg;Quality Vollei flüssig Import, Bodenhaltung, pasteurisiert, 10 kg;5.79;115.8;3.0108;4388040268236;0;1;1;;
90032154;63765768;2026-01-28;BGH;Molkerei/Backwaren;230;095210;1;;St;Eier Import, Bodenhaltung, 53g+, 90 Stück;0.4;36;0.936;7640104163138;0;0;1;;
90032154;63765768;2026-01-28;BGH;Früchte + Gemüse;240;044139;1;;kg;Peperoni Mini Mix, 3 kg;8.66;25.98;0.67548;7610632970782;0;0;1;;
90032154;63765768;2026-01-28;BGH;Früchte + Gemüse;250;043957;4;;Sc;Patisson Mini Gemüse, ca. 9 St;7.31;29.24;0.76024;7610632991541;0;0;1;;
90032154;63765768;2026-01-28;BGH;Früchte + Gemüse;260;044667;5;;Sc;Mini Rüebli / Karotten mit Laubansatz, ca. 200 g;7.01;35.05;0.9113;7610632955345;0;0;1;;
90032154;63765768;2026-01-28;BGH;Früchte + Gemüse;270;045777;5;;Sc;Zucchetti Mini-Gemüse ohne Blüte, ca. 5 - 6 Stück;7.77;38.85;1.0101;7610632991527;0;0;1;;
90032154;63765768;2026-01-28;BGH;Früchte + Gemüse;280;044643;3;;Bt;Quality Rüebli- Karotten Julienne, 1,6 mm, 1 kg;4.7;14.1;0.3666;7610034507050;0;0;1;;
90032154;63765768;2026-01-28;BGH;Molkerei/Backwaren;290;027310;1;;kg;Economy Butter, 10 x 1 kg;13.66;136.6;3.5516;7610034508224;0;0;1;;
90032154;63765768;2026-01-28;BGH;Früchte + Gemüse;300;044107;3;;kg;Peperoni Tricolor, Import, 5 kg;5.59;83.85;2.1801;7610632977132;0;0;1;;
90032154;63765768;2026-01-28;BGH;Früchte + Gemüse;301;000079;3;;St;Ifco LiftLock;3.2;9.6;0;2000007960008;0;0;0;;
90032154;63765768;2026-01-28;BGH;Früchte + Gemüse;310;040257;2;;kg;Auberginen, 5 kg;4.36;43.6;1.1336;7610632977958;0;1;1;;
90032154;63765768;2026-01-28;BGH;Früchte + Gemüse;320;045707;1;;kg;Zucchetti, 5 kg;5.87;29.35;0.7631;7610632980545;0;0;1;;
90032154;63765768;2026-01-28;BGH;Molkerei/Backwaren;330;025030;2;;Kt;Emmi Kaffeerahm Portionen, UHT, 200 x 12 g;12.88;25.76;0.66976;7610900113743;0;0;1;;
90032154;63765768;2026-01-28;BGH;Früchte + Gemüse;340;048116;1;;kg;Orangen blond, 15 kg;1.79;26.85;0.6981;7610632442548;0;0;1;;
90032154;63765768;2026-01-28;BGH;Früchte + Gemüse;341;000079;1;;St;Ifco LiftLock;3.2;3.2;0;2000007960008;0;0;0;;
90032154;63765768;2026-01-28;BGH;Früchte + Gemüse;350;048823;1;;kg;Zitronen, 15 kg;2.3;34.5;0.897;7610632071045;0;0;1;;
90032154;63765768;2026-01-28;BGH;Früchte + Gemüse;351;000079;1;;St;Ifco LiftLock;3.2;3.2;0;2000007960008;0;0;0;;
90032154;63765768;2026-01-28;BGH;Früchte + Gemüse;360;004160;1;;kg;Ditzler Asia-Mix Gemüsemischung, TK, 2 x 2,5 kg;6.88;34.4;0.8944;7610247606595;0;0;1;;
90032154;63765768;2026-01-28;BGH;Metzgerei;370;001494;5;13.145;kg;Bell Poulet-Brust ohne Haut ohne Innenfilet, 150-170 g, ca. 2,5 kg;21.98;288.9271;7.5121046;97610011946196;0;0;1;;
90032154;63765768;2026-01-28;BGH;Metzgerei;380;002098;2;4.482;kg;Kalbs-Nierstück, kurz, ca. 1.6 kg;58.31;261.34542;6.79498092;97610011044199;0;0;1;;
90032154;63765768;2026-01-28;BGH;Früchte + Gemüse;390;046922;3;;Sc;Blueberries, 500 g;6.95;20.85;0.5421;7610632010297;0;0;1;;
90032154;63765768;2026-01-28;BGH;Molkerei/Backwaren;400;018891;3;;Ds;Ömür Hirtenkäse 55%, 800 g;9.76;29.28;0.76128;4002566002449;0;0;1;;
90032154;63765768;2026-01-28;BGH;Früchte + Gemüse;410;049135;5;;kg;Champignons weiss, frisch, 1 kg;8.44;42.2;1.0972;7610632995211;0;0;1;;
90032154;63765768;2026-01-28;BGH;Früchte + Gemüse;420;040968;5;;kg;Cherry Tomaten Rispen, 3 kg;3.61;54.15;1.4079;7610632949894;0;1;1;;
90032154;63765768;2026-01-28;BGH;Food;430;481651;10;;Ds;Mutti Tomatenmark zweifach konzentriert, 880 g;5.7;57;1.482;8005110020001;0;0;1;;
90032154;63765768;2026-01-28;BGH;Früchte + Gemüse;440;042007;2;;St;Gurken 400 - 500 g / St, 12 St;1.53;36.72;0.95472;7610632995013;0;0;1;;
90032154;63765768;2026-01-28;BGH;Früchte + Gemüse;450;041241;4;;St;Eichblattsalat rot / grün Schweiz Hydro, gemischt, 8 St;2.18;69.76;1.81376;7613399058038;0;0;7;;
90032154;63765768;2026-01-28;BGH;Früchte + Gemüse;451;000079;4;;St;Ifco LiftLock;3.2;12.8;0;2000007960008;0;0;0;;
90032154;63765768;2026-01-28;BGH;Molkerei/Backwaren;460;019481;10;;Be;Galbani Mascarpone, 500 g;7.75;77.5;2.015;8000430171013;0;0;1;;
90032154;63765768;2026-01-28;BGH;Molkerei/Backwaren;470;024673;1;;Ke;Quality Crème Fraîche, Sauerrahm 35%, 2,5 kg;21.58;21.58;0.56108;7610034514973;0;1;1;;
90032154;63765768;2026-01-28;BGH;Früchte + Gemüse;480;046646;1;;kg;Max Havelaar Bananen, Farbe 4, 2 kg;3.77;7.54;0.19604;7613399059851;0;0;7;;
90032154;63765768;2026-01-28;BGH;Früchte + Gemüse;481;000079;1;;St;Ifco LiftLock;3.2;3.2;0;2000007960008;0;0;0;;
90032154;63765768;2026-01-28;BGH;Molkerei/Backwaren;490;010201;4;;Bt;Economy Gran Moravia, gerieben, 1 kg;16.52;66.08;1.71808;4388040201158;0;0;7;;
90032154;63765768;2026-01-28;BGH;Food;500;371461;1;;Bt;Economy Pinienkerne, Gastropack, 1 kg;46.88;46.88;1.21888;7610034525979;0;0;1;;
90032154;63765768;2026-01-28;BGH;Früchte + Gemüse;510;044720;2;;Bd;Salbei Bund, 80 g;4.18;8.36;0.21736;7610632942598;0;0;1;;
90032154;63765768;2026-01-28;BGH;Food;520;510520;8;;Fl;Quality Mayonnaise Squeeze, 865 g;5.63;45.04;1.17104;7610034512658;0;1;1;;
90032154;63765768;2026-01-28;BGH;Food;530;270370;4;;Pk;Jaus American Bread Toast, 500 g;1.62;6.48;0.16848;8032998900200;0;0;1;;
90032154;63765768;2026-01-28;BGH;Nonfood;540;981140;6;;Pk;Deckel zu Schale PP 50 ml Pack zu 100 Stück;8.62;51.72;4.18932;4010494071741;0;0;2;;
90032154;63765768;2026-01-28;BGH;Nonfood;550;989812;6;;Pk;Salatschale Karton rund FSC 750 ml Pack zu 50 Stück;18.9;113.4;9.1854;5901360017286;0;0;3;;
90032154;63765768;2026-01-28;BGH;Molkerei/Backwaren;560;016781;5;;Sc;Quality Grana Padano DOP, Flocken, 500 g;9.06;45.3;1.1778;2001678190008;0;1;7;;
90032154;63765768;2026-01-28;BGH;Nearfood;570;989510;3;;Pk;Duni Servietten, 1/8 Falz, 3-lagig, 40 x 40 cm, weiss, 250 St;9.6;28.8;2.3328;7321012028503;0;1;3;;
90032154;63765768;2026-01-28;BGH;Food;580;510020;2;;Ds;Quality Sweet Corn, 6 x 340 g;0.79;9.48;0.24648;7610034533004;0;1;1;;
90032154;63765768;2026-01-28;BGH;Früchte + Gemüse;590;040450;1;0.838;kg;Blumenkohl, gefilmt, ca. 600 g;4.65;3.8967;0.1013142;2903700999996;0;0;1;;
90032154;63765768;2026-01-28;BGH;Metzgerei;600;066681;3;;kg;Economy GGAP Rauchlachs, geschnitten, ohne Haut, 1 kg;24.26;72.78;1.89228;5708056010329;0;0;1;;
90032154;63765768;2026-01-28;BGH;Metzgerei;610;001976;1;6.03;kg;Quality GGAP Lachs Filet, mit Haut, grätenarm, ca. 1,0 - 1,4 kg;19.79;119.3337;3.1026762;97610162230489;0;0;1;;
90032154;63765768;2026-01-28;BGH;Früchte + Gemüse;620;043598;2;;Bt;Minze, 250 g;8.72;17.44;0.45344;7610632977873;0;0;1;;
90032154;63765768;2026-01-28;BGH;Food;630;400600;1;;Ds;Economy Gurken, längsschnitt, 4 kg;13.37;13.37;0.34762;7610034513204;0;0;1;;
90032154;63765768;2026-01-28;BGH;Food;640;502591;1;;Ds;Quality MSC Thon hell Yellowfin, solid, nature, 6 x 4 x 370 g;3.56;85.44;2.22144;7610034527164;0;1;1;;
90032154;63765768;2026-01-28;BGH;Früchte + Gemüse;650;047754;1;4.2;kg;Limetten / Limes, 4,2 kg;3.36;14.112;0.366912;2905054999998;0;0;1;;
90032154;63765768;2026-01-28;BGH;Früchte + Gemüse;660;092930;1;;kg;Picosa Steinpilze Würfel, 2 x 2 cm, TK, 2 x 1 kg;21.2;42.4;1.1024;7610473071204;0;0;1;;
90032154;63765768;2026-01-28;BGH;Früchte + Gemüse;670;555558;1;;St;Ifco LiftLock;3.2;3.2;0;2055555810008;0;0;0;;
90032154;63765768;2026-01-28;BGH;Früchte + Gemüse;680;555558;6;;St;Ifco LiftLock;3.2;19.2;0;2055555810008;0;0;0;;
90032154;63761104;2026-01-26;BGH;Früchte + Gemüse;10;000079;-33;;St;Ifco LiftLock;3.2;-105.6;0;2000007960008;0;0;0;;
90032154;63761104;2026-01-26;BGH;Metzgerei;110;071124;5;;St;Jakobsmuschelschale;1.19;5.95;0.1547;7610818961566;0;0;1;;
90032154;63761104;2026-01-26;BGH;Metzgerei;120;002038;1;;kg;MSC Kammmuscheln, Jakobsnüsse, ohne Rogen, 10/20, 1 kg;43.46;43.46;1.12996;8718626611761;0;0;1;;
90032154;63761104;2026-01-26;BGH;Früchte + Gemüse;130;040189;4;;kg;Baked Potatoes, festkochend, 10 kg;1.48;59.2;1.5392;7613399015512;0;0;1;;
90032154;63761104;2026-01-26;BGH;Metzgerei;140;002409;3;4.505;kg;Rinds-Filetspitz Kopf II, ca. 1,5 kg;39.5;177.9475;4.626635;97610100000006;0;0;1;;
90032154;63761104;2026-01-26;BGH;Früchte + Gemüse;150;040257;1;;kg;Auberginen, 5 kg;4.36;21.8;0.5668;7610632977958;0;1;1;;
90032154;63761104;2026-01-26;BGH;Metzgerei;160;001494;3;7.715;kg;Bell Poulet-Brust ohne Haut ohne Innenfilet, 150-170 g, ca. 2,5 kg;21.98;169.5757;4.4089682;97610011946196;0;0;1;;
90032154;63761104;2026-01-26;BGH;Früchte + Gemüse;170;555558;4;;St;Ifco LiftLock;3.2;12.8;0;2055555810008;0;0;0;;
90032154;63757889;2026-01-23;BGH;Metzgerei;10;074509;1;3.7;kg;Quality Fleischkäse 1/1, ca. 3,5 kg;9.8;36.26;0.94276;2969954999991;0;0;1;;
90032154;63757889;2026-01-23;BGH;Metzgerei;30;078256;4;9.529;kg;Quality Hinterschinken Tradition 1/3, ca. 2,4 kg;15.44;147.12776;3.82532176;2946205999993;0;0;1;;
90032154;63757889;2026-01-23;BGH;Metzgerei;40;072090;1;;kg;Quality Chicken Nuggets, geformt, paniert, frittiert, tiefgekühlt, 3 x 2 kg;10.88;65.28;1.69728;7610162372230;0;1;1;;
90032154;63757889;2026-01-23;BGH;Molkerei/Backwaren;50;024440;3;;Tp;Quality Vollrahm 35%, UHT, 12 x 1 l;6.02;216.72;5.63472;7610034505315;0;0;1;;
90032154;63757889;2026-01-23;BGH;Molkerei/Backwaren;60;024791;2;;Ds;Floralp Vollrahm 35%, ohne Zucker, UHT, 500 g;8.06;16.12;0.41912;7612300013166;0;0;7;;
90032154;63757889;2026-01-23;BGH;Molkerei/Backwaren;70;022600;1;;Tp;Quality Vollmilch 3,5%, UHT, 12 x 1 l;1.23;14.76;0.38376;7610034507807;0;1;1;;
90032154;63757889;2026-01-23;BGH;Molkerei/Backwaren;80;012201;3;;Bt;Economy Gran Moravia, gehobelt, 500 g;9.09;27.27;0.70902;4388040201172;0;0;7;;
90032154;63757889;2026-01-23;BGH;Molkerei/Backwaren;90;016601;10;;kg;Quality Grana Padano DOP, gerieben, 1 kg;15.39;153.9;4.0014;4388040340352;0;1;7;;
90032154;63757889;2026-01-23;BGH;Metzgerei;100;053620;2;;St;Bell Beefsteak Tatar, Portionen, tiefgekühlt, 10 x 140 g;4.25;85;2.21;7610011021111;0;0;1;;
90032154;63757889;2026-01-23;BGH;Früchte + Gemüse;110;044540;3;;kg;Rucola / Rauke ungewaschen, 1 kg;12.9;38.7;1.0062;7610514613219;0;0;1;;
90032154;63757889;2026-01-23;BGH;Früchte + Gemüse;120;040329;5;;Bt;Basilikum, 1 kg;29.39;146.95;3.8207;7610632989975;0;0;1;;
90032154;63757889;2026-01-23;BGH;Früchte + Gemüse;130;044107;4;;kg;Peperoni Tricolor, Import, 5 kg;5.65;113;2.938;7610632977132;0;0;1;;
90032154;63757889;2026-01-23;BGH;Früchte + Gemüse;131;000079;4;;St;Ifco LiftLock;3.2;12.8;0;2000007960008;0;0;0;;
90032154;63757889;2026-01-23;BGH;Früchte + Gemüse;140;045707;3;;kg;Zucchetti, 5 kg;4.95;74.25;1.9305;7610632980545;0;0;1;;
90032154;63757889;2026-01-23;BGH;Molkerei/Backwaren;150;008700;2;;kg;Quality Vollei flüssig Import, Bodenhaltung, pasteurisiert, 10 kg;6.78;135.6;3.5256;4388040268236;0;0;1;;
90032154;63757889;2026-01-23;BGH;Molkerei/Backwaren;160;095811;5;;kg;Natura Plus Eigelb flüssig Schweiz, 1 kg;10.59;52.95;1.3767;7640104165019;0;0;7;;
90032154;63757889;2026-01-23;BGH;Früchte + Gemüse;170;042007;2;;St;Gurken 400 - 500 g / St, 12 St;1.82;43.68;1.13568;7610632995013;0;0;1;;
90032154;63757889;2026-01-23;BGH;Früchte + Gemüse;180;044643;3;;Bt;Quality Rüebli- Karotten Julienne, 1,6 mm, 1 kg;4.7;14.1;0.3666;7610034507050;0;0;1;;
90032154;63757889;2026-01-23;BGH;Früchte + Gemüse;190;044667;5;;Sc;Mini Rüebli / Karotten mit Laubansatz, ca. 200 g;7.01;35.05;0.9113;7610632955345;0;0;1;;
90032154;63757889;2026-01-23;BGH;Früchte + Gemüse;200;045777;5;;Sc;Zucchetti Mini-Gemüse ohne Blüte, ca. 5 - 6 Stück;7.77;38.85;1.0101;7610632991527;0;0;1;;
90032154;63757889;2026-01-23;BGH;Früchte + Gemüse;210;043957;5;;Sc;Patisson Mini Gemüse, ca. 9 St;7.31;36.55;0.9503;7610632991541;0;0;1;;
90032154;63757889;2026-01-23;BGH;Food;230;115081;2;;Lt;Quality Frito 2000 Gold, Frittieröl, 20 l;3.85;154;4.004;7610034515079;0;1;1;;
90032154;63757889;2026-01-23;BGH;Früchte + Gemüse;240;045358;2;;kg;Tomaten mit Rispen Import, 5 kg;3.42;34.2;0.8892;7610632977002;0;0;1;;
90032154;63757889;2026-01-23;BGH;Früchte + Gemüse;250;040968;3;;kg;Cherry Tomaten Rispen, 3 kg;4.24;38.16;0.99216;7610632949894;0;0;1;;
90032154;63757889;2026-01-23;BGH;Food;260;481651;10;;Ds;Mutti Tomatenmark zweifach konzentriert, 880 g;5.7;57;1.482;8005110020001;0;0;1;;
90032154;63757889;2026-01-23;BGH;Food;270;234790;2;;kg;Carnaroli Risottoreis, 5 kg;4.37;43.7;1.1362;7610815101835;0;0;1;;
90032154;63757889;2026-01-23;BGH;Früchte + Gemüse;280;049135;10;;kg;Champignons weiss, frisch, 1 kg;6.83;68.3;1.7758;7610632995211;0;1;1;;
90032154;63757889;2026-01-23;BGH;Früchte + Gemüse;290;044139;1;;kg;Peperoni Mini Mix, 3 kg;8.23;24.69;0.64194;7610632970782;0;0;1;;
90032154;63757889;2026-01-23;BGH;Molkerei/Backwaren;300;095210;1;;St;Eier Import, Bodenhaltung, 53g+, 90 Stück;0.4;36;0.936;7640104163138;0;0;1;;
90032154;63757889;2026-01-23;BGH;Food;310;100080;1;;Lt;Quality Rapsöl, 20 l;3.48;69.6;1.8096;7610034515147;0;0;1;;
90032154;63757889;2026-01-23;BGH;Food;320;401611;1;;Pk;Chaokoh Kokosnussmilch UHT, 12 x 1 l;4.16;49.92;1.29792;18850813120155;0;1;1;;
90032154;63757889;2026-01-23;BGH;Food;330;371081;1;;Bt;Quality Mandeln gehobelt, 1 kg;15.6;15.6;0.4056;7610034530348;0;0;1;;
90032154;63757889;2026-01-23;BGH;Food;340;511501;3;;Ds;Economy Oliven schwarz entsteint, 4,25 kg;12.4;37.2;0.9672;4388040253720;0;0;1;;
90032154;63757889;2026-01-23;BGH;Früchte + Gemüse;350;041241;6;;St;Eichblattsalat rot / grün Schweiz Hydro, gemischt, 8 St;2.18;104.64;2.72064;7613399058038;0;0;7;;
90032154;63757889;2026-01-23;BGH;Früchte + Gemüse;351;000079;6;;St;Ifco LiftLock;3.2;19.2;0;2000007960008;0;0;0;;
90032154;63757889;2026-01-23;BGH;Früchte + Gemüse;360;040348;2;;St;Batavia Salat, 8 St;1.77;28.32;0.73632;7610632994184;0;0;1;;
90032154;63757889;2026-01-23;BGH;Früchte + Gemüse;361;000079;2;;St;Ifco LiftLock;3.2;6.4;0;2000007960008;0;0;0;;
90032154;63757889;2026-01-23;BGH;Früchte + Gemüse;370;042731;1;;St;Kopfsalat Schweiz Hydro, 8 St;1.86;14.88;0.38688;7613399058007;0;0;7;;
90032154;63757889;2026-01-23;BGH;Früchte + Gemüse;371;000079;1;;St;Ifco LiftLock;3.2;3.2;0;2000007960008;0;0;0;;
90032154;63757889;2026-01-23;BGH;Metzgerei;380;002097;1;3.574;kg;Kalbs-Nierstück, lang, ca. 3,5 kg;58.31;208.39994;5.41839844;97610011044090;0;0;1;;
90032154;63757889;2026-01-23;BGH;Molkerei/Backwaren;400;016610;5;;Be;Premium Mozzarella di Bufala Campana DOP, 4 x 125 g;12.14;60.7;1.5782;7610034508248;0;0;1;;
90032154;63757889;2026-01-23;BGH;Molkerei/Backwaren;410;014641;10;;Be;Premium Burrata, 2 x 125 g;5.49;54.9;1.4274;7610034511026;0;0;1;;
90032154;63757889;2026-01-23;BGH;Früchte + Gemüse;420;090140;2;;Bt;Frigemo Regiofrites Bärner TK, 4 x 2,5 kg;15.85;126.8;3.2968;7610078043163;0;0;1;;
90032154;63757889;2026-01-23;BGH;Molkerei/Backwaren;430;018891;2;;Ds;Ömür Hirtenkäse 55%, 800 g;9.76;19.52;0.50752;4002566002449;0;0;1;;
90032154;63757889;2026-01-23;BGH;Früchte + Gemüse;440;046598;1;;St;Economy Avocados, 18 Stück;1.24;22.32;0.58032;7613399055785;0;0;7;;
90032154;63757889;2026-01-23;BGH;Metzgerei;450;001976;1;3.298;kg;Quality GGAP Lachs Filet, mit Haut, grätenarm, ca. 1,0 - 1,4 kg;19.79;65.26742;1.69695292;97610162230489;0;0;1;;
90032154;63757889;2026-01-23;BGH;Nonfood;450;989812;5;;Pk;Salatschale Karton rund FSC 750 ml Pack zu 50 Stück;18.9;94.5;7.6545;5901360017286;0;0;3;;
90032154;63757889;2026-01-23;BGH;Metzgerei;460;002409;11;17.013;kg;Rinds-Filetspitz Kopf II, ca. 1,5 kg;39.5;672.0135;17.472351;97610100000006;0;0;1;;
90032154;63757889;2026-01-23;BGH;Nearfood;470;975792;2;;Pk;Quality Einweghandschuhe Nitril, Grösse L, schwarz, 100 St;6.53;13.06;1.05786;7610034546639;0;1;2;;
90032154;63757889;2026-01-23;BGH;Nearfood;480;993320;3;;Rl;Quality Wischtücher Midi, 2-lagig, weiss, 450 Blatt, 6 Rl;4.75;85.5;6.9255;7610034546196;0;1;3;;
90032154;63757889;2026-01-23;BGH;Molkerei/Backwaren;490;096400;1;;St;Backhefe, Würfel, 24 x 42 g;0.29;6.96;0.18096;7610926000515;0;0;1;;
90032154;63757889;2026-01-23;BGH;Früchte + Gemüse;500;046922;2;;Sc;Blueberries, 500 g;6.95;13.9;0.3614;7610632010297;0;0;1;;
90032154;63757889;2026-01-23;BGH;Früchte + Gemüse;510;047410;5;;Sc;Johannisbeeren, Import, 125 g;5.36;26.8;0.6968;7610632010327;0;0;1;;
90032154;63757889;2026-01-23;BGH;Früchte + Gemüse;520;048825;1;;kg;Zitronen unbehandelt, 6 kg;2.77;16.62;0.43212;7610632261293;0;0;1;;
90032154;63757889;2026-01-23;BGH;Früchte + Gemüse;521;000079;1;;St;Ifco LiftLock;3.2;3.2;0;2000007960008;0;0;0;;
90032154;63757889;2026-01-23;BGH;Früchte + Gemüse;530;043598;2;;Bt;Minze, 250 g;8.72;17.44;0.45344;7610632977873;0;0;1;;
90032154;63757889;2026-01-23;BGH;Food;550;403240;4;;Ds;Mae Ploy, Curry Paste rot, 400 g;3.39;13.56;0.35256;044738102346;0;0;1;;
90032154;63757889;2026-01-23;BGH;Früchte + Gemüse;560;045914;1;;kg;Zwiebeln rot gross, 10 kg;2.12;21.2;0.5512;7613399003366;0;0;1;;
90032154;63757889;2026-01-23;BGH;Früchte + Gemüse;561;000079;1;;St;Ifco LiftLock;3.2;3.2;0;2000007960008;0;0;0;;
90032154;63757889;2026-01-23;BGH;Früchte + Gemüse;570;047255;8;;Be;Premium Granatapfelkerne, 125 g;4.86;38.88;1.01088;7613269906551;0;0;1;;
90032154;63757889;2026-01-23;BGH;Food;580;371291;1;;Bt;Quality Baumnusskerne, gebrochen, hell, 1 kg;12.64;12.64;0.32864;7610034530744;0;0;1;;
90032154;63757889;2026-01-23;BGH;Früchte + Gemüse;590;040189;1;;kg;Baked Potatoes, festkochend, 10 kg;1.48;14.8;0.3848;7613399015512;0;0;1;;
90032154;63757889;2026-01-23;BGH;Früchte + Gemüse;600;092940;2;;kg;Quality Steinpilze ganz, TK, 5 x 1 kg;15.74;157.4;4.0924;7610034505858;0;1;1;;
90032154;63757889;2026-01-23;BGH;Food;610;564040;4;;Gl;Bosco d'oro Carpaccio, aus Sommertrüffeln, schwarz, 45 g;18.74;74.96;1.94896;8032680690549;0;0;1;;
90032154;63757889;2026-01-23;BGH;Nonfood;620;989815;4;;Pk;Deckel rPET zu Salatschale rund Pack zu 50 Stück;10.44;41.76;3.38256;3342690157730;0;0;3;;
90032154;63757889;2026-01-23;BGH;Metzgerei;630;067090;5;;kg;GGAP Lachsforellen Filet, mit Haut, grätenarm, ca. 130 - 160 g, tiefgekühlt, 5 x 1 kg;13.37;334.25;8.6905;8718564925906;0;1;7;;
90032154;63757889;2026-01-23;BGH;Metzgerei;640;002122;4;5.245;kg;Lamm Nierstück, ohne Bein, Australien/Neuseeland, ca. 900 g;33.65;176.49425;4.5888505;92050000178026;0;1;1;;
90032154;63757889;2026-01-23;BGH;Metzgerei;650;001494;4;10.43;kg;Bell Poulet-Brust ohne Haut ohne Innenfilet, 150-170 g, ca. 2,5 kg;21.98;229.2514;5.9605364;97610011946196;0;0;1;;
90032154;63757889;2026-01-23;BGH;Früchte + Gemüse;660;555558;2;;St;Ifco LiftLock;3.2;6.4;0;2055555810008;0;0;0;;
90032154;63757889;2026-01-23;BGH;Früchte + Gemüse;670;555558;13;;St;Ifco LiftLock;3.2;41.6;0;2055555810008;0;0;0;;
90032154;63757889;2026-01-23;BGH;Früchte + Gemüse;780;555558;2;;St;Ifco LiftLock;3.2;6.4;0;2055555810008;0;0;0;;
90032154;63752326;2026-01-21;BGH;Früchte + Gemüse;10;000079;-24;;St;Ifco LiftLock;3.2;-76.8;0;2000007960008;0;0;0;;
90032154;63752326;2026-01-21;BGH;Nearfood;10;815700;3;;Bi;Quality Handseife flüssig, 5 kg;10.1;30.3;2.4543;7610034561809;0;1;2;;
90032154;63752326;2026-01-21;BGH;Nearfood;20;992093;2;;Pk;Quality Toilettenpapier, 4-lagig, weiss, 160 Blatt, 24 Rl;14.45;28.9;2.3409;7610034532120;0;1;3;;
90032154;63752326;2026-01-21;BGH;Nearfood;40;997030;2;;Kt;Quality Handtuch V-Falz, 2-lagig, weiss, 12 x 175 St;24.06;48.12;3.89772;7610034509603;0;1;3;;
90032154;63752326;2026-01-21;BGH;Nonfood;50;985201;2;;Rl;Kehrichtsack OKS mit Zugband 110L Karton zu 15 Rollen zu 10 Stück;3.64;109.2;8.8452;2098520130008;0;0;2;;
90032154;63752326;2026-01-21;BGH;Nearfood;60;989511;1;;Pk;Duni Servietten, 1/8 Falz, 3-lagig, 40 x 40 cm, weiss, 5 x 250 St;13.38;66.9;5.4189;7321032028507;0;0;2;;
90032154;63752326;2026-01-21;BGH;Nonfood;70;981727;10;;Pk;Tragtasche Kraft Uni 22 x 28 cm Pack zu 50 Stück;16.59;165.9;13.4379;4002911871874;0;0;3;;
90032154;63752326;2026-01-21;BGH;Nonfood;80;994068;2;;Pk;Stronghold Essstäbchen Bambus, gehüllt, 24 cm, Pack zu 100 Stück;9.78;19.56;1.58436;7612192087481;0;0;3;;
90032154;63752326;2026-01-21;BGH;Nonfood;90;963932;4;;St;Stronghold Serviertablett Fiberglas Ø 41 cm schwarz;22.41;89.64;7.26084;7612192080819;0;0;2;;
90032154;63752326;2026-01-21;BGH;Früchte + Gemüse;110;094400;2;;kg;Quality Blattspinat-Portionen, TK, 2 x 2,5 kg;3.12;31.2;0.8112;7610034505506;0;1;1;;
90032154;63752326;2026-01-21;BGH;Metzgerei;120;001494;3;7.695;kg;Bell Poulet-Brust ohne Haut ohne Innenfilet, 150-170 g, ca. 2,5 kg;21.98;169.1361;4.3975386;97610011946196;0;0;1;;
90032154;63752326;2026-01-21;BGH;Früchte + Gemüse;130;092930;2;;kg;Picosa Steinpilze Würfel, 2 x 2 cm, TK, 2 x 1 kg;21.2;84.8;2.2048;7610473071204;0;0;1;;
90032154;63752326;2026-01-21;BGH;Food;140;512330;2;;Bt;Quality Petersilie, 110 g;4.9;9.8;0.2548;7610034520943;0;1;1;;
90032154;63752326;2026-01-21;BGH;Molkerei/Backwaren;150;096400;1;;St;Backhefe, Würfel, 24 x 42 g;0.29;6.96;0.18096;7610926000515;0;0;1;;
90032154;63752326;2026-01-21;BGH;Früchte + Gemüse;160;044540;3;;kg;Rucola / Rauke ungewaschen, 1 kg;12.9;38.7;1.0062;7610514613219;0;0;1;;
90032154;63752326;2026-01-21;BGH;Molkerei/Backwaren;170;095210;2;;St;Eier Import, Bodenhaltung, 53g+, 90 Stück;0.4;72;1.872;7640104163138;0;0;1;;
90032154;63752326;2026-01-21;BGH;Früchte + Gemüse;180;049135;8;;kg;Champignons weiss, frisch, 1 kg;6.83;54.64;1.42064;7610632995211;0;1;1;;
90032154;63752326;2026-01-21;BGH;Früchte + Gemüse;190;042592;1;;Ds;Knoblauch Original ganz geschält, 1kg;11.01;11.01;0.28626;3700430300004;0;0;7;;
90032154;63752326;2026-01-21;BGH;Früchte + Gemüse;200;045707;3;;kg;Zucchetti, 5 kg;4.95;74.25;1.9305;7610632980545;0;0;1;;
90032154;63752326;2026-01-21;BGH;Früchte + Gemüse;210;040257;1;;kg;Auberginen, 5 kg;5.07;25.35;0.6591;7610632977958;0;0;1;;
90032154;63752326;2026-01-21;BGH;Früchte + Gemüse;220;042007;2;;St;Gurken 400 - 500 g / St, 12 St;1.82;43.68;1.13568;7610632995013;0;0;1;;
90032154;63752326;2026-01-21;BGH;Food;230;564040;4;;Gl;Bosco d'oro Carpaccio, aus Sommertrüffeln, schwarz, 45 g;18.74;74.96;1.94896;8032680690549;0;0;1;;
90032154;63752326;2026-01-21;BGH;Food;240;395370;1;;Ds;Bonduelle Sweet Corn, Goldmais, 6 x 600 g;4.2;25.2;0.6552;3083680485999;0;0;1;;
90032154;63752326;2026-01-21;BGH;Früchte + Gemüse;250;045186;4;;Bd;Thymian Bund, 80 g;4.18;16.72;0.43472;7610632942604;0;0;1;;
90032154;63752326;2026-01-21;BGH;Früchte + Gemüse;260;044720;1;;Bd;Salbei Bund, 80 g;4.18;4.18;0.10868;7610632942598;0;0;1;;
90032154;63752326;2026-01-21;BGH;Molkerei/Backwaren;270;027310;1;;kg;Economy Butter, 10 x 1 kg;13.66;136.6;3.5516;7610034508224;0;0;1;;
90032154;63752326;2026-01-21;BGH;Molkerei/Backwaren;280;010201;10;;Bt;Economy Gran Moravia, gerieben, 1 kg;16.52;165.2;4.2952;4388040201158;0;0;7;;
90032154;63752326;2026-01-21;BGH;Metzgerei;290;078254;3;7.85;kg;Quality Hinterschinken ohne Schwarte 1/2, ca. 2,5 kg;18.41;144.5185;3.757481;2950461999994;0;0;1;;
90032154;63752326;2026-01-21;BGH;Früchte + Gemüse;300;041241;4;;St;Eichblattsalat rot / grün Schweiz Hydro, gemischt, 8 St;2.18;69.76;1.81376;7613399058038;0;0;7;;
90032154;63752326;2026-01-21;BGH;Früchte + Gemüse;301;000079;4;;St;Ifco LiftLock;3.2;12.8;0;2000007960008;0;0;0;;
90032154;63752326;2026-01-21;BGH;Früchte + Gemüse;310;040348;2;;St;Batavia Salat, 8 St;1.71;27.36;0.71136;7610632994184;0;0;1;;
90032154;63752326;2026-01-21;BGH;Früchte + Gemüse;311;000079;2;;St;Ifco LiftLock;3.2;6.4;0;2000007960008;0;0;0;;
90032154;63752326;2026-01-21;BGH;Metzgerei;320;053620;1;;St;Bell Beefsteak Tatar, Portionen, tiefgekühlt, 10 x 140 g;4.25;42.5;1.105;7610011021111;0;0;1;;
90032154;63752326;2026-01-21;BGH;Molkerei/Backwaren;330;022600;1;;Tp;Quality Vollmilch 3,5%, UHT, 12 x 1 l;1.23;14.76;0.38376;7610034507807;0;1;1;;
90032154;63752326;2026-01-21;BGH;Molkerei/Backwaren;340;024440;3;;Tp;Quality Vollrahm 35%, UHT, 12 x 1 l;6.02;216.72;5.63472;7610034505315;0;0;1;;
90032154;63752326;2026-01-21;BGH;Früchte + Gemüse;350;047410;3;;Sc;Johannisbeeren, Import, 125 g;5.36;16.08;0.41808;7610632010327;0;0;1;;
90032154;63752326;2026-01-21;BGH;Früchte + Gemüse;360;046922;1;;Sc;Blueberries, 500 g;6.95;6.95;0.1807;7610632010297;0;0;1;;
90032154;63752326;2026-01-21;BGH;Molkerei/Backwaren;370;015781;2;;Pk;Quality Cheddar, rot, Scheiben, 88 x 12,3 g;10.94;21.88;0.56888;7610034517592;0;1;1;;
90032154;63752326;2026-01-21;BGH;Früchte + Gemüse;380;044107;2;;kg;Peperoni Tricolor, Import, 5 kg;5.65;56.5;1.469;7610632977132;0;0;1;;
90032154;63752326;2026-01-21;BGH;Früchte + Gemüse;381;000079;2;;St;Ifco LiftLock;3.2;6.4;0;2000007960008;0;0;0;;
90032154;63752326;2026-01-21;BGH;Früchte + Gemüse;390;045777;3;;Sc;Zucchetti Mini-Gemüse ohne Blüte, ca. 5 - 6 Stück;7.77;23.31;0.60606;7610632991527;0;0;1;;
90032154;63752326;2026-01-21;BGH;Früchte + Gemüse;400;043957;4;;Sc;Patisson Mini Gemüse, ca. 9 St;7.31;29.24;0.76024;7610632991541;0;0;1;;
90032154;63752326;2026-01-21;BGH;Food;410;560053;3;;Pk;JuraSel Speisesalz grün, mit Jod und Fluor, 1 kg;1.06;31.8;0.8268;7610039000099;0;0;1;;
90032154;63752326;2026-01-21;BGH;Molkerei/Backwaren;420;019481;8;;Be;Galbani Mascarpone, 500 g;7.75;62;1.612;8000430171013;0;0;1;;
90032154;63752326;2026-01-21;BGH;Molkerei/Backwaren;430;022591;1;;Tp;Oatly Haferdrink Barista, 6 x 1 l;3.39;20.34;0.52884;27394376616505;0;0;1;;
90032154;63752326;2026-01-21;BGH;Nonfood;440;989812;4;;Pk;Salatschale Karton rund FSC 750 ml Pack zu 50 Stück;18.9;75.6;6.1236;5901360017286;0;0;3;;
90032154;63752326;2026-01-21;BGH;Früchte + Gemüse;470;094918;4;;kg;Ponthier exotische Früchte Purée, 1 kg;12.72;50.88;1.32288;3228170851407;0;0;1;;
90032154;63752326;2026-01-21;BGH;Früchte + Gemüse;490;040968;3;;kg;Cherry Tomaten Rispen, 3 kg;4.24;38.16;0.99216;7610632949894;0;0;1;;
90032154;63752326;2026-01-21;BGH;Food;500;396061;1;;Ds;Quality Artischockenherzen geviertelt, 2,5 kg;12.82;12.82;0.33332;7610294203204;0;1;1;;
90032154;63752326;2026-01-21;BGH;Food;510;100070;1;;Lt;Economy Frittieröl, 20 l;4.45;89;2.314;7610034508873;0;0;1;;
90032154;63752326;2026-01-21;BGH;Molkerei/Backwaren;520;019611;4;;Be;Philadelphia, 200 g;3.11;12.44;0.32344;4000339035229;0;0;1;;
90032154;63752326;2026-01-21;BGH;Metzgerei;530;068121;5;;St;ASC Rauchlachs, geschnitten, tiefgekühlt, 1 kg;24.55;122.75;3.1915;4778003302785;0;0;1;;
90032154;63752326;2026-01-21;BGH;Metzgerei;540;001977;1;5.17;kg;Quality GGAP Lachs Filet, ohne Haut, deepskin, grätenarm, ca. 1,2 - 1,4 kg;19.79;102.3143;2.6601718;97610162230472;0;1;1;;
90032154;63752326;2026-01-21;BGH;Food;550;270370;6;;Pk;Jaus American Bread Toast, 500 g;1.62;9.72;0.25272;8032998900200;0;0;1;;
90032154;63752326;2026-01-21;BGH;Früchte + Gemüse;560;045907;1;;kg;Zwiebeln gross, 10 kg;1.5;15;0.39;7613399003151;0;0;7;;
90032154;63752326;2026-01-21;BGH;Früchte + Gemüse;570;040999;4;;Bt;Chilischoten rot, 250 g;8.19;32.76;0.85176;7640138831874;0;0;1;;
90032154;63752326;2026-01-21;BGH;Früchte + Gemüse;580;045358;1;;kg;Tomaten mit Rispen Import, 5 kg;3.42;17.1;0.4446;7610632977002;0;0;1;;
90032154;63752326;2026-01-21;BGH;Food;590;234790;1;;kg;Carnaroli Risottoreis, 5 kg;4.37;21.85;0.5681;7610815101835;0;0;1;;
90032154;63752326;2026-01-21;BGH;Metzgerei;600;068151;6;;kg;Economy ASC Crevetten Black Tiger, geschält, entdarmt, 8/12, tiefgekühlt, 1 kg;20.69;124.14;3.22764;7610034523548;0;0;7;;
90032154;63752326;2026-01-21;BGH;Metzgerei;610;081540;3;7.871;kg;Quality Bratspeck ohne Schwarte, ohne Knorpel, 1/1, ca. 3 kg;16.73;131.68183;3.42372758;2945670999996;0;0;1;;
90032154;63752326;2026-01-21;BGH;Molkerei/Backwaren;620;005504;1;;kg;Hilcona Cannelloni Ricotta e Spinaci, tiefgekühlt, 5 kg;13.8;69;1.794;7610227435986;0;0;1;;
90032154;63752326;2026-01-21;BGH;Früchte + Gemüse;630;044643;3;;Bt;Quality Rüebli- Karotten Julienne, 1,6 mm, 1 kg;4.7;14.1;0.3666;7610034507050;0;0;1;;
90032154;63752326;2026-01-21;BGH;Molkerei/Backwaren;640;006436;1;;St;Margo Kraftkorn Malz Bagel, tiefgekühlt, 44 x 100 g;0.9;39.6;1.0296;4017040016621;0;0;1;;
90032154;63752326;2026-01-21;BGH;Molkerei/Backwaren;650;099230;1;;St;Romer's Schraubenbrot dunkel, vorgebacken, tiefgekühlt, 10 x 350 g;2.33;23.3;0.6058;7611075109593;0;0;1;;
90032154;63752326;2026-01-21;BGH;Molkerei/Backwaren;660;097851;1;;St;Romer's Wellnessbrötli gemischt, vorgebacken, tiefgekühlt, 24 x 80 g;0.97;23.28;0.60528;7611075114306;0;0;1;;
90032154;63752326;2026-01-21;BGH;Molkerei/Backwaren;670;523297;1;;St;CdP Lütticher Waffeln, 13 x 9 cm, tiefgekühlt, 30 x 105 g;1.08;32.4;0.8424;5425023621011;0;0;1;;
90032154;63752326;2026-01-21;BGH;Früchte + Gemüse;680;043598;1;;Bt;Minze, 250 g;8.72;8.72;0.22672;7610632977873;0;0;1;;
90032154;63752326;2026-01-21;BGH;Früchte + Gemüse;690;046577;1;;St;Avocados essreif, 16 St;1.65;26.4;0.6864;7610632001950;0;0;1;;
90032154;63752326;2026-01-21;BGH;Früchte + Gemüse;700;521630;1;;kg;Ponthier Passionsfrucht Pürée, 6 x 1 kg;16.26;97.56;2.53656;13228170865401;0;0;1;;
90032154;63752326;2026-01-21;BGH;Früchte + Gemüse;710;048116;1;;kg;Orangen blond, 15 kg;1.49;22.35;0.5811;7610632442548;0;1;1;;
90032154;63752326;2026-01-21;BGH;Früchte + Gemüse;711;000079;1;;St;Ifco LiftLock;3.2;3.2;0;2000007960008;0;0;0;;
90032154;63752326;2026-01-21;BGH;Früchte + Gemüse;720;046240;2;;St;Ananas Schiff, ca. 1,5 kg;3.51;7.02;0.18252;5425003611179;0;0;1;;
90032154;63752326;2026-01-21;BGH;Früchte + Gemüse;730;047754;1;4.2;kg;Limetten / Limes, 4,2 kg;2.83;11.886;0.309036;2905054999998;0;0;1;;
90032154;63752326;2026-01-21;BGH;Molkerei/Backwaren;740;015981;5;;Sc;Emmi Tête de Moine AOP, Rosetten, 120 g;5.93;29.65;0.7709;7610900095919;0;0;1;;
90032154;63752326;2026-01-21;BGH;Früchte + Gemüse;750;555558;2;;St;Ifco LiftLock;3.2;6.4;0;2055555810008;0;0;0;;
90032154;63752326;2026-01-21;BGH;Früchte + Gemüse;760;555558;5;;St;Ifco LiftLock;3.2;16;0;2055555810008;0;0;0;;
90032154;63752326;2026-01-21;BGH;Früchte + Gemüse;770;555558;4;;St;Ifco LiftLock;3.2;12.8;0;2055555810008;0;0;0;;
90032154;63744319;2026-01-16;BGH;Früchte + Gemüse;10;000079;-12;;St;Ifco LiftLock;3.2;-38.4;0;2000007960008;0;0;0;;
90032154;63744319;2026-01-16;BGH;Food;10;349961;2;;kg;Swiss Confisa Fairtrade, Max Havelaar, Napolitains, Schweizer Kreuz, 3 kg;24.38;146.28;3.80328;7610815023137;0;0;1;;
90032154;63744319;2026-01-16;BGH;Food;10;580760;2;;Fl;Lee Kum Kee Hoisin Sauce, 2,45 kg;12.57;25.14;0.65364;078895124873;0;0;1;;
90032154;63744319;2026-01-16;BGH;Früchte + Gemüse;20;045707;3;;kg;Zucchetti, 5 kg;3.65;54.75;1.4235;7610632980545;0;0;1;;
90032154;63744319;2026-01-16;BGH;Food;20;234790;3;;kg;Carnaroli Risottoreis, 5 kg;4.37;65.55;1.7043;7610815101835;0;0;1;;
90032154;63744319;2026-01-16;BGH;Früchte + Gemüse;30;040257;1;;kg;Auberginen, 5 kg;4.89;24.45;0.6357;7610632977958;0;0;1;;
90032154;63744319;2026-01-16;BGH;Früchte + Gemüse;30;090140;2;;Bt;Frigemo Regiofrites Bärner TK, 4 x 2,5 kg;15.85;126.8;3.2968;7610078043163;0;0;1;;
90032154;63744319;2026-01-16;BGH;Früchte + Gemüse;40;044139;1;;kg;Peperoni Mini Mix, 3 kg;8.23;24.69;0.64194;7610632970782;0;0;1;;
90032154;63744319;2026-01-16;BGH;Früchte + Gemüse;40;091930;1;;kg;Ditzler Brunoise Gemüse, assortiert, TK, 4 x 1,25 kg;5.1;25.5;0.663;7610247002038;0;1;1;;
90032154;63744319;2026-01-16;BGH;Früchte + Gemüse;50;004160;2;;kg;Ditzler Asia-Mix Gemüsemischung, TK, 2 x 2,5 kg;6.88;68.8;1.7888;7610247606595;0;0;1;;
90032154;63744319;2026-01-16;BGH;Früchte + Gemüse;60;044107;3;;kg;Peperoni Tricolor, Import, 5 kg;3.95;59.25;1.5405;7610632977132;0;1;1;;
90032154;63744319;2026-01-16;BGH;Food;60;564040;4;;Gl;Bosco d'oro Carpaccio, aus Sommertrüffeln, schwarz, 45 g;18.74;74.96;1.94896;8032680690549;0;0;1;;
90032154;63744319;2026-01-16;BGH;Früchte + Gemüse;61;000079;3;;St;Ifco LiftLock;3.2;9.6;0;2000007960008;0;0;0;;
90032154;63744319;2026-01-16;BGH;Molkerei/Backwaren;70;022600;2;;Tp;Quality Vollmilch 3,5%, UHT, 12 x 1 l;1.31;31.44;0.81744;7610034507807;0;0;1;;
90032154;63744319;2026-01-16;BGH;Früchte + Gemüse;80;044643;3;;Bt;Quality Rüebli- Karotten Julienne, 1,6 mm, 1 kg;4.7;14.1;0.3666;7610034507050;0;0;1;;
90032154;63744319;2026-01-16;BGH;Food;80;247372;1;;Bi;Mae Ploy Sweet Chili Sauce, 5,9 kg;16.71;16.71;0.43446;8850367990207;0;0;1;;
90032154;63744319;2026-01-16;BGH;Molkerei/Backwaren;90;024440;3;;Tp;Quality Vollrahm 35%, UHT, 12 x 1 l;6.02;216.72;5.63472;7610034505315;0;0;1;;
90032154;63744319;2026-01-16;BGH;Molkerei/Backwaren;90;027581;2;;St;Emmi Kräuterbutter, Stange, 500 g;14.08;28.16;0.73216;7610900154289;0;0;1;;
90032154;63744319;2026-01-16;BGH;Molkerei/Backwaren;100;024791;3;;Ds;Floralp Vollrahm 35%, ohne Zucker, UHT, 500 g;6.58;19.74;0.51324;7612300013166;0;1;7;;
90032154;63744319;2026-01-16;BGH;Food;100;511501;3;;Ds;Economy Oliven schwarz entsteint, 4,25 kg;12.4;37.2;0.9672;4388040253720;0;0;1;;
90032154;63744319;2026-01-16;BGH;Molkerei/Backwaren;110;012201;4;;Bt;Economy Gran Moravia, gehobelt, 500 g;9.09;36.36;0.94536;4388040201172;0;0;7;;
90032154;63744319;2026-01-16;BGH;Früchte + Gemüse;110;092930;2;;kg;Picosa Steinpilze Würfel, 2 x 2 cm, TK, 2 x 1 kg;21.2;84.8;2.2048;7610473071204;0;0;1;;
90032154;63744319;2026-01-16;BGH;Metzgerei;120;001976;1;3.824;kg;Quality GGAP Lachs Filet, mit Haut, grätenarm, ca. 1,0 - 1,4 kg;21.19;81.03056;2.10679456;97610162230489;0;0;1;;
90032154;63744319;2026-01-16;BGH;Molkerei/Backwaren;120;010201;6;;Bt;Economy Gran Moravia, gerieben, 1 kg;16.52;99.12;2.57712;4388040201158;0;0;7;;
90032154;63744319;2026-01-16;BGH;Früchte + Gemüse;130;040968;5;;kg;Cherry Tomaten Rispen, 3 kg;4.47;67.05;1.7433;7610632949894;0;0;1;;
90032154;63744319;2026-01-16;BGH;Food;130;371461;1;;Bt;Economy Pinienkerne, Gastropack, 1 kg;46.88;46.88;1.21888;7610034525979;0;0;1;;
90032154;63744319;2026-01-16;BGH;Molkerei/Backwaren;140;027310;1;;kg;Economy Butter, 10 x 1 kg;13.66;136.6;3.5516;7610034508224;0;0;1;;
90032154;63744319;2026-01-16;BGH;Food;140;590111;1;;Lt;Quality Sonnenblumenöl, 20 l;4.41;88.2;2.2932;7610034515024;0;0;1;;
90032154;63744319;2026-01-16;BGH;Metzgerei;150;001493;3;7.765;kg;Poulet-Brust ohne Haut ohne Innenfilet, 130-150 g, ca. 2,5 kg;21.98;170.6747;4.4375422;97610011945809;0;0;1;;
90032154;63744319;2026-01-16;BGH;Früchte + Gemüse;150;044540;2;;kg;Rucola / Rauke ungewaschen, 1 kg;12.9;25.8;0.6708;7610514613219;0;0;1;;
90032154;63744319;2026-01-16;BGH;Metzgerei;160;032340;2;;Bt;Pizoler Sauce Steak Tatar, tiefgekühlt, Italien, 6 x 500 g;5.84;70.08;1.82208;7611521933314;0;0;1;;
90032154;63744319;2026-01-16;BGH;Früchte + Gemüse;160;049135;4;;kg;Champignons weiss, frisch, 1 kg;8.44;33.76;0.87776;7610632995211;0;0;1;;
90032154;63744319;2026-01-16;BGH;Früchte + Gemüse;170;049127;3;;Kt;Champignons braun, frisch, 1 kg;9.13;27.39;0.71214;7610473014843;0;0;1;;
90032154;63744319;2026-01-16;BGH;Metzgerei;170;068121;3;;St;ASC Rauchlachs, geschnitten, tiefgekühlt, 1 kg;24.55;73.65;1.9149;4778003302785;0;0;1;;
90032154;63744319;2026-01-16;BGH;Früchte + Gemüse;180;047410;3;;Sc;Johannisbeeren, Import, 125 g;5.36;16.08;0.41808;7610632010327;0;0;1;;
90032154;63744319;2026-01-16;BGH;Metzgerei;180;074509;2;6.752;kg;Quality Fleischkäse 1/1, ca. 3,5 kg;9.8;66.1696;1.7204096;2969954999991;0;0;1;;
90032154;63744319;2026-01-16;BGH;Früchte + Gemüse;190;046922;2;;Sc;Blueberries, 500 g;6.95;13.9;0.3614;7610632010297;0;0;1;;
90032154;63744319;2026-01-16;BGH;Metzgerei;190;067955;1;;kg;Egli Filet, im Bierteig, ca. 20 - 30 g, tiefgekühlt, 5 kg;25.64;128.2;3.3332;7610602026204;0;0;1;;
90032154;63744319;2026-01-16;BGH;Metzgerei;200;052168;3;7.221;kg;Swiss Quality Beef Hohrücken spezial, ca. 2,2 kg;47.42;342.41982;8.90291532;2906328999997;0;0;1;;
90032154;63744319;2026-01-16;BGH;Nonfood;200;985200;5;;Rl;Kehrichtsack OKS mit Zugband 110L Rolle zu 10 Stück;2.72;13.6;1.1016;7649997895287;0;1;2;;
90032154;63744319;2026-01-16;BGH;Früchte + Gemüse;210;040189;2;;kg;Baked Potatoes, festkochend, 10 kg;1.48;29.6;0.7696;7613399015512;0;0;1;;
90032154;63744319;2026-01-16;BGH;Nearfood;210;993320;2;;Rl;Quality Wischtücher Midi, 2-lagig, weiss, 450 Blatt, 6 Rl;6.78;81.36;6.59016;7610034546196;0;0;3;;
90032154;63744319;2026-01-16;BGH;Molkerei/Backwaren;220;019372;4;;St;Soignon Bûche de chèvre, Weichkäse, 1 kg;16.86;67.44;1.75344;3523237481000;0;0;1;;
90032154;63744319;2026-01-16;BGH;Food;220;153062;2;;Pk;Thomy Sauce Hollandaise, 1 l;10.15;20.3;0.5278;7610100021190;0;0;1;;
90032154;63744319;2026-01-16;BGH;Metzgerei;230;002098;3;6.565;kg;Kalbs-Nierstück, kurz, ca. 1.6 kg;54.44;357.3986;9.2923636;97610011044199;0;1;1;;
90032154;63744319;2026-01-16;BGH;Molkerei/Backwaren;230;095811;4;;kg;Natura Plus Eigelb flüssig Schweiz, 1 kg;10.59;42.36;1.10136;7640104165019;0;0;7;;
90032154;63744319;2026-01-16;BGH;Metzgerei;240;002409;3;4.625;kg;Rinds-Filetspitz Kopf II, ca. 1,5 kg;39.5;182.6875;4.749875;97610100000006;0;0;1;;
90032154;63744319;2026-01-16;BGH;Früchte + Gemüse;240;040329;5;;Bt;Basilikum, 1 kg;29.39;146.95;3.8207;7610632989975;0;0;1;;
90032154;63744319;2026-01-16;BGH;Früchte + Gemüse;250;045186;5;;Bd;Thymian Bund, 80 g;4.18;20.9;0.5434;7610632942604;0;0;1;;
90032154;63744319;2026-01-16;BGH;Metzgerei;250;078256;3;6.634;kg;Quality Hinterschinken Tradition 1/3, ca. 2,4 kg;13.85;91.8809;2.3889034;2946205999993;0;1;1;;
90032154;63744319;2026-01-16;BGH;Früchte + Gemüse;260;044720;2;;Bd;Salbei Bund, 80 g;4.18;8.36;0.21736;7610632942598;0;0;1;;
90032154;63744319;2026-01-16;BGH;Früchte + Gemüse;260;555558;2;;St;Ifco LiftLock;3.2;6.4;0;2055555810008;0;0;0;;
90032154;63744319;2026-01-16;BGH;Früchte + Gemüse;270;044156;1;;Bt;Petersilie gekraust, gepackt, 500 g;7.31;7.31;0.19006;7610632995082;0;0;1;;
90032154;63744319;2026-01-16;BGH;Früchte + Gemüse;280;040999;4;;Bt;Chilischoten rot, 250 g;8.19;32.76;0.85176;7640138831874;0;0;1;;
90032154;63744319;2026-01-16;BGH;Früchte + Gemüse;290;045358;1;;kg;Tomaten mit Rispen Import, 5 kg;3.71;18.55;0.4823;7610632977002;0;0;1;;
90032154;63744319;2026-01-16;BGH;Food;300;100080;1;;Lt;Quality Rapsöl, 20 l;3.48;69.6;1.8096;7610034515147;0;0;1;;
90032154;63744319;2026-01-16;BGH;Food;310;399043;1;;Gl;Majestic grüner Pfeffer, 6 x 100 g;3.75;22.5;0.585;7615900012768;0;0;1;;
90032154;63744319;2026-01-16;BGH;Food;320;566330;8;;Fl;Heinz Tomato Ketchup, 800 ml;5.53;44.24;1.15024;87157277;0;0;1;;
90032154;63744319;2026-01-16;BGH;Früchte + Gemüse;330;045907;1;;kg;Zwiebeln gross, 10 kg;1.5;15;0.39;7613399003151;0;0;7;;
90032154;63744319;2026-01-16;BGH;Früchte + Gemüse;340;041241;3;;St;Eichblattsalat rot / grün Schweiz Hydro, gemischt, 8 St;2.18;52.32;1.36032;7613399058038;0;0;7;;
90032154;63744319;2026-01-16;BGH;Früchte + Gemüse;341;000079;3;;St;Ifco LiftLock;3.2;9.6;0;2000007960008;0;0;0;;
90032154;63744319;2026-01-16;BGH;Früchte + Gemüse;350;043447;1;;kg;Lollo Salat rot, 3 kg;5.53;16.59;0.43134;7610632995136;0;0;1;;
90032154;63744319;2026-01-16;BGH;Früchte + Gemüse;351;000079;1;;St;Ifco LiftLock;3.2;3.2;0;2000007960008;0;0;0;;
90032154;63744319;2026-01-16;BGH;Früchte + Gemüse;360;041251;1;;St;Eichblattsalat grün Schweiz Hydro, 8 St;2.06;16.48;0.42848;7613399058014;0;0;7;;
90032154;63744319;2026-01-16;BGH;Früchte + Gemüse;361;000079;1;;St;Ifco LiftLock;3.2;3.2;0;2000007960008;0;0;0;;
90032154;63744319;2026-01-16;BGH;Food;370;564090;2;;Fl;Bosco d'oro Olivenöl mit Trüffelaroma, 250 ml;18.62;37.24;0.96824;8032680690303;0;0;1;;
90032154;63744319;2026-01-16;BGH;Früchte + Gemüse;380;555558;1;;St;Ifco LiftLock;3.2;3.2;0;2055555810008;0;0;0;;
90032154;63744319;2026-01-16;BGH;Früchte + Gemüse;390;555558;4;;St;Ifco LiftLock;3.2;12.8;0;2055555810008;0;0;0;;
90032154;63744319;2026-01-16;BGH;Früchte + Gemüse;400;555558;6;;St;Ifco LiftLock;3.2;19.2;0;2055555810008;0;0;0;;
90032154;63739154;2026-01-14;BGH;Früchte + Gemüse;10;000079;-15;;St;Ifco LiftLock;3.2;-48;0;2000007960008;0;0;0;;
90032154;63739154;2026-01-14;BGH;Metzgerei;10;002004;2;;kg;Zander Filet, mit Haut, ca. 70 - 120 g, tiefgekühlt, 5 kg;13.76;137.6;3.5776;2000200460008;0;0;1;;
90032154;63739154;2026-01-14;BGH;Food;10;481651;10;;Ds;Mutti Tomatenmark zweifach konzentriert, 880 g;4.5;45;1.17;8005110020001;0;1;1;;
90032154;63739154;2026-01-14;BGH;Früchte + Gemüse;20;044540;1;;kg;Rucola / Rauke ungewaschen, 1 kg;12.9;12.9;0.3354;7610514613219;0;0;1;;
90032154;63739154;2026-01-14;BGH;Food;20;513820;3;;Ds;Himalaya Salz, 900 g;8.89;26.67;0.69342;7617600004012;0;0;1;;
90032154;63739154;2026-01-14;BGH;Früchte + Gemüse;30;043957;3;;Sc;Patisson Mini Gemüse, ca. 9 St;7.31;21.93;0.57018;7610632991541;0;0;1;;
90032154;63739154;2026-01-14;BGH;Food;30;247372;1;;Bi;Mae Ploy Sweet Chili Sauce, 5,9 kg;16.71;16.71;0.43446;8850367990207;0;0;1;;
90032154;63739154;2026-01-14;BGH;Früchte + Gemüse;40;045777;3;;Sc;Zucchetti Mini-Gemüse ohne Blüte, ca. 5 - 6 Stück;7.77;23.31;0.60606;7610632991527;0;0;1;;
90032154;63739154;2026-01-14;BGH;Food;40;428170;1;;Bt;Nectaflor Pistazien grün, gehackt , 750 g;67.02;67.02;1.74252;7610184040902;0;1;1;;
90032154;63739154;2026-01-14;BGH;Früchte + Gemüse;50;044667;3;;Sc;Mini Rüebli / Karotten mit Laubansatz, ca. 200 g;7.01;21.03;0.54678;7610632955345;0;0;1;;
90032154;63739154;2026-01-14;BGH;Nonfood;50;996668;4;;St;Edding Permanent-Marker 3000 schwarz;3.85;15.4;1.2474;4004764100798;0;0;2;;
90032154;63739154;2026-01-14;BGH;Metzgerei;60;032340;1;;Bt;Pizoler Sauce Steak Tatar, tiefgekühlt, Italien, 6 x 500 g;5.84;35.04;0.91104;7611521933314;0;0;1;;
90032154;63739154;2026-01-14;BGH;Früchte + Gemüse;60;555558;1;;St;Ifco LiftLock;3.2;3.2;0;2055555810008;0;0;0;;
90032154;63739154;2026-01-14;BGH;Metzgerei;70;053620;1;;St;Bell Beefsteak Tatar, Portionen, tiefgekühlt, 10 x 140 g;4.25;42.5;1.105;7610011021111;0;0;1;;
90032154;63739154;2026-01-14;BGH;Früchte + Gemüse;70;555558;2;;St;Ifco LiftLock;3.2;6.4;0;2055555810008;0;0;0;;
90032154;63739154;2026-01-14;BGH;Früchte + Gemüse;80;046922;2;;Sc;Blueberries, 500 g;6.95;13.9;0.3614;7610632010297;0;0;1;;
90032154;63739154;2026-01-14;BGH;Früchte + Gemüse;90;048823;1;;kg;Zitronen, 15 kg;2.3;34.5;0.897;7610632071045;0;0;1;;
90032154;63739154;2026-01-14;BGH;Früchte + Gemüse;91;000079;1;;St;Ifco LiftLock;3.2;3.2;0;2000007960008;0;0;0;;
90032154;63739154;2026-01-14;BGH;Früchte + Gemüse;100;048109;1;;kg;Orangen blond, 7 kg;1.94;13.58;0.35308;7610632471906;0;0;1;;
90032154;63739154;2026-01-14;BGH;Früchte + Gemüse;101;000079;1;;St;Ifco LiftLock;3.2;3.2;0;2000007960008;0;0;0;;
90032154;63739154;2026-01-14;BGH;Nonfood;110;989812;4;;Pk;Salatschale Karton rund FSC 750 ml Pack zu 50 Stück;18.9;75.6;6.1236;5901360017286;0;0;3;;
90032154;63739154;2026-01-14;BGH;Nonfood;120;989815;2;;Pk;Deckel rPET zu Salatschale rund Pack zu 50 Stück;10.44;20.88;1.69128;3342690157730;0;0;3;;
90032154;63739154;2026-01-14;BGH;Früchte + Gemüse;130;045707;1;;kg;Zucchetti, 5 kg;3.65;18.25;0.4745;7610632980545;0;0;1;;
90032154;63739154;2026-01-14;BGH;Früchte + Gemüse;140;042016;1;;St;Natura Bio Gurken, 12 x 300 - 400 g;2.48;29.76;0.77376;8053806390563;0;0;1;;
90032154;63739154;2026-01-14;BGH;Früchte + Gemüse;150;044106;2;;kg;Peperoni gemischt, 2 kg;4.46;17.84;0.46384;7613399054559;0;1;1;;
90032154;63739154;2026-01-14;BGH;Früchte + Gemüse;160;040257;1;;kg;Auberginen, 5 kg;4.89;24.45;0.6357;7610632977958;0;0;1;;
90032154;63739154;2026-01-14;BGH;Früchte + Gemüse;170;091930;2;;kg;Ditzler Brunoise Gemüse, assortiert, TK, 4 x 1,25 kg;5.1;51;1.326;7610247002038;0;1;1;;
90032154;63739154;2026-01-14;BGH;Früchte + Gemüse;180;045777;2;;Sc;Zucchetti Mini-Gemüse ohne Blüte, ca. 5 - 6 Stück;7.77;15.54;0.40404;7610632991527;0;0;1;;
90032154;63739154;2026-01-14;BGH;Früchte + Gemüse;190;041777;2;;Sc;Fenchel Mini Gemüse, 8 St;6.59;13.18;0.34268;7610632978672;0;0;1;;
90032154;63739154;2026-01-14;BGH;Früchte + Gemüse;200;040329;3;;Bt;Basilikum, 1 kg;29.39;88.17;2.29242;7610632989975;0;0;1;;
90032154;63739154;2026-01-14;BGH;Früchte + Gemüse;210;046961;2;4;kg;Blutorangen Tarocco, ca. 2 kg;2.57;10.28;0.26728;2901821999994;0;1;1;;
90032154;63739154;2026-01-14;BGH;Früchte + Gemüse;220;048827;1;;kg;Zitronen, 6 kg;2.42;14.52;0.37752;7610632320723;0;0;1;;
90032154;63739154;2026-01-14;BGH;Früchte + Gemüse;221;000079;1;;St;Ifco LiftLock;3.2;3.2;0;2000007960008;0;0;0;;
90032154;63739154;2026-01-14;BGH;Molkerei/Backwaren;230;024440;1;;Tp;Quality Vollrahm 35%, UHT, 12 x 1 l;6.02;72.24;1.87824;7610034505315;0;0;1;;
90032154;63739154;2026-01-14;BGH;Metzgerei;240;002409;2;3.3;kg;Rinds-Filetspitz Kopf II, ca. 1,5 kg;39.5;130.35;3.3891;97610100000006;0;0;1;;
90032154;63739154;2026-01-14;BGH;Früchte + Gemüse;250;555558;5;;St;Ifco LiftLock;3.2;16;0;2055555810008;0;0;0;;
90032154;63739154;2026-01-14;BGH;Früchte + Gemüse;260;555558;4;;St;Ifco LiftLock;3.2;12.8;0;2055555810008;0;0;0;;
90032154;63733995;2026-01-12;BGH;Früchte + Gemüse;10;000079;-9;;St;Ifco LiftLock;3.2;-28.8;0;2000007960008;0;0;0;;
90032154;63733995;2026-01-12;BGH;Molkerei/Backwaren;10;015471;1;;Be;Emmi Mozzarella, Mini, ca. 150 Stück, 1 kg;11.73;11.73;0.30498;7610900115693;0;1;1;;
90032154;63733995;2026-01-12;BGH;Molkerei/Backwaren;20;099551;3;;Kt;Deliciel Mini Dessert, assortiert, tiefgekühlt, 40 Stück;43.79;131.37;3.41562;7640113612184;0;0;1;;
90032154;63733995;2026-01-12;BGH;Metzgerei;30;068140;1;;kg;Economy ASC Crevetten Black Tiger, easy peel, entdarmt, 8/12, tiefgekühlt, 10 x 1 kg;17.72;177.2;4.6072;7610034523531;0;0;7;;
90032154;63733995;2026-01-12;BGH;Molkerei/Backwaren;40;038180;1;;St;Hug Mini Chüechli Party assortiert, vorgebacken, tiefgekühlt, 96 x 16 g;0.48;46.08;1.19808;7610032027147;0;0;1;;
90032154;63733995;2026-01-12;BGH;Metzgerei;50;086133;3;4.746;kg;Quality Bündnerfleisch Eckstück, Deutschland/Österreich, 1/2 ca. 1,5 kg;56.93;270.18978;7.02493428;2965474999992;0;0;1;;
90032154;63733995;2026-01-12;BGH;Metzgerei;60;078299;2;3.018;kg;Quality Truten Brust geräucht, gekocht, Frankreich, 1/3, ca. 1,3 kg;19.11;57.67398;1.49952348;2949556999995;0;0;1;;
90032154;63733995;2026-01-12;BGH;Metzgerei;70;083551;3;2.397;kg;Rauchsalami 100% Rindfleisch, ca. 800g;24.26;58.15122;1.51193172;2945321999993;0;0;1;;
90032154;63733995;2026-01-12;BGH;Molkerei/Backwaren;80;012971;2;2.113;kg;Nuss Käse, 1/1 Laib ca. 1 kg;24.95;52.71935;1.3707031;2935031999994;0;0;1;;
90032154;63733995;2026-01-12;BGH;Food;90;512801;1;;Gl;Peppadew Wilde Paprika gefüllt mit Frischkäse, 2 x 1,5 kg;33.56;67.12;1.74512;16007788003293;0;1;1;;
90032154;63733995;2026-01-12;BGH;Molkerei/Backwaren;100;011283;1;1.114;kg;Origine Bündner Bergkäse Bio, extra, 1/4 Laib ca. 1,2 kg;25.72;28.65208;0.74495408;2993004999990;0;0;1;;
90032154;63733995;2026-01-12;BGH;Früchte + Gemüse;110;093851;5;;Sc;Oliven Provençale, 400 g;12.18;60.9;1.5834;5413588602064;0;0;1;;
90032154;63733995;2026-01-12;BGH;Food;120;412740;2;;Gl;Natura Bio Artischockenherzen, geviertelt, gegrillt, 970 g;14.81;29.62;0.77012;9010054140943;0;0;7;;
90032154;63733995;2026-01-12;BGH;Food;140;412860;2;;Gl;Natura Bio Tomaten, getrocknet, in Öl, 970 g;14.87;29.74;0.77324;9010054140929;0;0;7;;
90032154;63733995;2026-01-12;BGH;Molkerei/Backwaren;150;010884;2;3.396;kg;Appenzeller, Mild-Würzig, 1/4 Laib ca. 1,6 kg;18.79;63.81084;1.65908184;2920043999995;0;0;7;;
90032154;63733995;2026-01-12;BGH;Molkerei/Backwaren;160;010455;1;2.053;kg;Cremo Greyerzer AOP, classic, ca. 2 kg;16.74;34.36722;0.89354772;2987945999997;0;0;1;;
90032154;63733995;2026-01-12;BGH;Food;170;348521;8;;Pk;Kambly Twist Käse, 100 g;3.35;26.8;0.6968;7610216121081;0;0;1;;
90032154;63733995;2026-01-12;BGH;Molkerei/Backwaren;180;015981;1;;Sc;Emmi Tête de Moine AOP, Rosetten, 120 g;5.93;5.93;0.15418;7610900095919;0;0;1;;
90032154;63733995;2026-01-12;BGH;Molkerei/Backwaren;190;010803;1;1.14;kg;Tilsiter rot, 1/4 Laib ca. 1 kg;18.02;20.5428;0.5341128;2900613999990;0;0;7;;
90032154;63733995;2026-01-12;BGH;Metzgerei;200;073335;4;;St;Quality Gastro-Bratwurst, 10 x 160 g;1.18;47.2;1.2272;7610092784820;0;1;1;;
90032154;63733995;2026-01-12;BGH;Molkerei/Backwaren;210;010405;1;1.29;kg;Emmentaler AOP mild, ca. 1,2 kg;13.56;17.4924;0.4548024;2900125999990;0;1;1;;
90032154;63733995;2026-01-12;BGH;Molkerei/Backwaren;220;020121;4;;St;Ziegenfrischkäse IP-SUISSE, 4 x 90 g;2.94;47.04;1.22304;7640174550012;0;0;1;;
90032154;63733995;2026-01-12;BGH;Molkerei/Backwaren;230;018891;3;;Ds;Ömür Hirtenkäse 55%, 800 g;9.76;29.28;0.76128;4002566002449;0;0;1;;
90032154;63733995;2026-01-12;BGH;Molkerei/Backwaren;240;019321;4;;St;Chavroux Ziegenkäse Tomme, 150 g;4.54;18.16;0.47216;3161711002985;0;0;7;;
90032154;63733995;2026-01-12;BGH;Molkerei/Backwaren;250;010131;2;;Pk;Berner Alphobelkäse AOP, gerollt, 600 g;27.67;55.34;1.43884;7600400001121;0;0;1;;
90032154;63733995;2026-01-12;BGH;Molkerei/Backwaren;260;038060;5;;St;Hug Mini Pizza mit Champignons & Peperoni, vorgebacken, tiefgekühlt, 20 x 60 g;1.43;143;3.718;7610032014031;0;0;1;;
90032154;63733995;2026-01-12;BGH;Früchte + Gemüse;270;046664;1;;kg;Natura Bio Bananen, Farbe 3 - 4, 6 kg;3.83;22.98;0.59748;7610632946305;0;0;1;;
90032154;63733995;2026-01-12;BGH;Früchte + Gemüse;271;000079;1;;St;Ifco LiftLock;3.2;3.2;0;2000007960008;0;0;0;;
90032154;63733995;2026-01-12;BGH;Früchte + Gemüse;280;048787;1;;kg;Trauben gemischt weiss / blau, 5 kg;6.13;30.65;0.7969;7610632261217;0;0;1;;
90032154;63733995;2026-01-12;BGH;Früchte + Gemüse;290;046922;1;;Sc;Blueberries, 500 g;6.95;6.95;0.1807;7610632010297;0;0;1;;
90032154;63733995;2026-01-12;BGH;Früchte + Gemüse;300;046240;2;;St;Ananas Schiff, ca. 1,5 kg;3.51;7.02;0.18252;5425003611179;0;0;1;;
90032154;63733995;2026-01-12;BGH;Früchte + Gemüse;310;046576;2;;St;Avocado essreif Stück, ca. 280 g;1.77;3.54;0.09204;7610632002001;0;0;1;;
90032154;63733995;2026-01-12;BGH;Früchte + Gemüse;320;047866;2;;St;Mango essreif Stück, ca. 420 g;2.24;4.48;0.11648;7610632002612;0;0;1;;
90032154;63733995;2026-01-12;BGH;Früchte + Gemüse;330;047643;1;;St;Kiwi essreif NZ, 26 St;1.16;30.16;0.78416;7610632953686;0;0;1;;
90032154;63733995;2026-01-12;BGH;Früchte + Gemüse;340;555558;1;;St;Ifco LiftLock;3.2;3.2;0;2055555810008;0;0;0;;
90032154;63733995;2026-01-12;BGH;Früchte + Gemüse;350;555558;3;;St;Ifco LiftLock;3.2;9.6;0;2055555810008;0;0;0;;
90032154;63731078;2026-01-09;BGH;Früchte + Gemüse;10;000079;-16;;St;Ifco LiftLock;3.2;-51.2;0;2000007960008;0;0;0;;
90032154;63731078;2026-01-09;BGH;Metzgerei;10;078299;1;1.537;kg;Quality Truten Brust geräucht, gekocht, Frankreich, 1/3, ca. 1,3 kg;19.11;29.37207;0.76367382;2949556999995;0;0;1;;
90032154;63731078;2026-01-09;BGH;Metzgerei;20;083551;2;1.602;kg;Rauchsalami 100% Rindfleisch, ca. 800g;24.26;38.86452;1.01047752;2945321999993;0;0;1;;
90032154;63731078;2026-01-09;BGH;Molkerei/Backwaren;30;010131;1;;Pk;Berner Alphobelkäse AOP, gerollt, 600 g;27.67;27.67;0.71942;7600400001121;0;0;1;;
90032154;63731078;2026-01-09;BGH;Molkerei/Backwaren;40;010884;1;1.642;kg;Appenzeller, Mild-Würzig, 1/4 Laib ca. 1,6 kg;18.79;30.85318;0.80218268;2920043999995;0;0;7;;
90032154;63731078;2026-01-09;BGH;Nonfood;50;902275;7;;Pk;Trinkhalm Papier, schwarz, 21 cm, Ø 6 mm, Pack zu 150 Stück;4.29;30.03;2.43243;7610588101964;0;0;3;;
90032154;63731078;2026-01-09;BGH;Nearfood;70;992093;3;;Pk;Quality Toilettenpapier, 4-lagig, weiss, 160 Blatt, 24 Rl;16.37;49.11;3.97791;7610034532120;0;0;3;;
90032154;63731078;2026-01-09;BGH;Nearfood;80;997030;2;;Kt;Quality Handtuch V-Falz, 2-lagig, weiss, 12 x 175 St;30.11;60.22;4.87782;7610034509603;0;0;3;;
90032154;63731078;2026-01-09;BGH;Nearfood;100;975943;6;;Pk;Cotonette Wischtuch, blau, 60 x 38 cm, 50 St;12.14;72.84;5.90004;5425035596079;0;0;3;;
90032154;63731078;2026-01-09;BGH;Nearfood;110;975483;2;;Pk;Scotch-Brite Geschirrschwamm gelb, 10 x 2 St;21.62;43.24;3.50244;7612246280080;0;0;2;;
90032154;63731078;2026-01-09;BGH;Früchte + Gemüse;120;048220;1;0.5;kg;Passionsfrüchte gepackt, ca. 500 g;22.74;11.37;0.29562;2905080999993;0;0;1;;
90032154;63731078;2026-01-09;BGH;Früchte + Gemüse;130;046240;1;;St;Ananas Schiff, ca. 1,5 kg;3.51;3.51;0.09126;5425003611179;0;0;1;;
90032154;63731078;2026-01-09;BGH;Früchte + Gemüse;140;043598;1;;Bt;Minze, 250 g;8.72;8.72;0.22672;7610632977873;0;0;1;;
90032154;63731078;2026-01-09;BGH;Früchte + Gemüse;150;045037;1;;Bt;Spinat, 500 g;3.77;3.77;0.09802;7610632997857;0;0;1;;
90032154;63731078;2026-01-09;BGH;Früchte + Gemüse;160;046646;1;;kg;Max Havelaar Bananen, Farbe 4, 2 kg;3.77;7.54;0.19604;7613399059851;0;0;7;;
90032154;63731078;2026-01-09;BGH;Früchte + Gemüse;161;000079;1;;St;Ifco LiftLock;3.2;3.2;0;2000007960008;0;0;0;;
90032154;63731078;2026-01-09;BGH;Food;170;117800;1;;Kt;Caotina original, Portionen, 100 x 15 g;36.38;36.38;0.94588;7612100905944;0;0;1;;
90032154;63731078;2026-01-09;BGH;Früchte + Gemüse;180;047754;1;4.2;kg;Limetten / Limes, 4,2 kg;2.52;10.584;0.275184;2905054999998;0;1;1;;
90032154;63731078;2026-01-09;BGH;Molkerei/Backwaren;190;022591;1;;Tp;Oatly Haferdrink Barista, 6 x 1 l;3.39;20.34;0.52884;27394376616505;0;0;1;;
90032154;63731078;2026-01-09;BGH;Früchte + Gemüse;200;555558;3;;St;Ifco LiftLock;3.2;9.6;0;2055555810008;0;0;0;;
90032154;63731078;2026-01-09;BGH;Früchte + Gemüse;210;555558;1;;St;Ifco LiftLock;3.2;3.2;0;2055555810008;0;0;0;;
90032154;63726180;2026-01-07;BGH;Früchte + Gemüse;10;000079;-28;;St;Ifco LiftLock;3.2;-89.6;0;2000007960008;0;0;0;;
90032154;63726180;2026-01-07;BGH;Metzgerei;10;001502;2;5.33;kg;Poulet Brust ohne Haut mit Innenfilet, 90-220 g, ca. 2,5 kg;20.49;109.2117;2.8395042;97610011945694;0;0;1;;
90032154;63726180;2026-01-07;BGH;Metzgerei;10;001633;1;;St;Bell Merguez roh, Europa, 20 x 35 g;0.84;16.8;0.4368;7610162311512;0;0;1;;
90032154;63726180;2026-01-07;BGH;Molkerei/Backwaren;10;024440;5;;Tp;Quality Vollrahm 35%, UHT, 12 x 1 l;6.02;361.2;9.3912;7610034505315;0;0;1;;
90032154;63726180;2026-01-07;BGH;Metzgerei;20;001992;1;4.85;kg;Quality GGAP Goldbrassen Filet, mit Haut, grätenarm, ca. 90-140 g, ca. 1 kg;21.73;105.3905;2.740153;97610162283126;0;1;1;;
90032154;63726180;2026-01-07;BGH;Molkerei/Backwaren;20;008700;2;;kg;Quality Vollei flüssig Import, Bodenhaltung, pasteurisiert, 10 kg;6.78;135.6;3.5256;4388040268236;0;0;1;;
90032154;63726180;2026-01-07;BGH;Molkerei/Backwaren;30;022600;2;;Tp;Quality Vollmilch 3,5%, UHT, 12 x 1 l;1.31;31.44;0.81744;7610034507807;0;0;1;;
90032154;63726180;2026-01-07;BGH;Molkerei/Backwaren;40;012201;5;;Bt;Economy Gran Moravia, gehobelt, 500 g;9.09;45.45;1.1817;4388040201172;0;0;7;;
90032154;63726180;2026-01-07;BGH;Molkerei/Backwaren;50;010201;12;;Bt;Economy Gran Moravia, gerieben, 1 kg;16.52;198.24;5.15424;4388040201158;0;0;7;;
90032154;63726180;2026-01-07;BGH;Molkerei/Backwaren;60;019372;5;;St;Soignon Bûche de chèvre, Weichkäse, 1 kg;16.86;84.3;2.1918;3523237481000;0;0;1;;
90032154;63726180;2026-01-07;BGH;Früchte + Gemüse;70;045907;1;;kg;Zwiebeln gross, 10 kg;1.5;15;0.39;7613399003151;0;0;7;;
90032154;63726180;2026-01-07;BGH;Früchte + Gemüse;80;044643;4;;Bt;Quality Rüebli- Karotten Julienne, 1,6 mm, 1 kg;3.71;14.84;0.38584;7610034507050;0;1;1;;
90032154;63726180;2026-01-07;BGH;Früchte + Gemüse;90;048827;1;;kg;Zitronen, 6 kg;2.13;12.78;0.33228;7610632320723;0;1;1;;
90032154;63726180;2026-01-07;BGH;Früchte + Gemüse;91;000079;1;;St;Ifco LiftLock;3.2;3.2;0;2000007960008;0;0;0;;
90032154;63726180;2026-01-07;BGH;Früchte + Gemüse;100;048109;1;;kg;Orangen blond, 7 kg;1.94;13.58;0.35308;7610632471906;0;0;1;;
90032154;63726180;2026-01-07;BGH;Früchte + Gemüse;101;000079;1;;St;Ifco LiftLock;3.2;3.2;0;2000007960008;0;0;0;;
90032154;63726180;2026-01-07;BGH;Früchte + Gemüse;110;044540;4;;kg;Rucola / Rauke ungewaschen, 1 kg;12.9;51.6;1.3416;7610514613219;0;0;1;;
90032154;63726180;2026-01-07;BGH;Früchte + Gemüse;120;049135;4;;kg;Champignons weiss, frisch, 1 kg;8.44;33.76;0.87776;7610632995211;0;0;1;;
90032154;63726180;2026-01-07;BGH;Früchte + Gemüse;130;049127;5;;Kt;Champignons braun, frisch, 1 kg;7.52;37.6;0.9776;7610473014843;0;1;1;;
90032154;63726180;2026-01-07;BGH;Früchte + Gemüse;140;090140;3;;Bt;Frigemo Regiofrites Bärner TK, 4 x 2,5 kg;15.85;190.2;4.9452;7610078043163;0;0;1;;
90032154;63726180;2026-01-07;BGH;Metzgerei;150;072091;2;;kg;Quality Chicken Nuggets, geformt, paniert, frittiert, tiefgekühlt, 2 kg;13.37;53.48;1.39048;7610162372681;0;0;1;;
90032154;63726180;2026-01-07;BGH;Molkerei/Backwaren;160;012383;2;3.046;kg;Defendi Gorgonzola San Antonio DOP, 1/4 Laib ca. 1,5 kg;10.94;33.32324;0.86640424;2902117999995;0;1;1;;
90032154;63726180;2026-01-07;BGH;Metzgerei;170;053620;2;;St;Bell Beefsteak Tatar, Portionen, tiefgekühlt, 10 x 140 g;4.25;85;2.21;7610011021111;0;0;1;;
90032154;63726180;2026-01-07;BGH;Früchte + Gemüse;180;042592;2;;Ds;Knoblauch Original ganz geschält, 1kg;11.01;22.02;0.57252;3700430300004;0;0;7;;
90032154;63726180;2026-01-07;BGH;Früchte + Gemüse;190;040329;4;;Bt;Basilikum, 1 kg;29.39;117.56;3.05656;7610632989975;0;0;1;;
90032154;63726180;2026-01-07;BGH;Früchte + Gemüse;200;043598;2;;Bt;Minze, 250 g;8.72;17.44;0.45344;7610632977873;0;0;1;;
90032154;63726180;2026-01-07;BGH;Früchte + Gemüse;210;045186;6;;Bd;Thymian Bund, 80 g;4.18;25.08;0.65208;7610632942604;0;0;1;;
90032154;63726180;2026-01-07;BGH;Früchte + Gemüse;220;040999;2;;Bt;Chilischoten rot, 250 g;8.19;16.38;0.42588;7640138831874;0;0;1;;
90032154;63726180;2026-01-07;BGH;Früchte + Gemüse;230;043993;1;3;kg;Peperoncini rot, ca. 3 kg;8.6;25.8;0.6708;2960473999998;0;0;1;;
90032154;63726180;2026-01-07;BGH;Früchte + Gemüse;240;044006;5;;Sc;Peperoncini grün, 500 g;4.59;22.95;0.5967;7610632961308;0;0;1;;
90032154;63726180;2026-01-07;BGH;Food;250;570732;1;;Pk;Gogi Tempura Mehl, 24 x 150 g;1.49;35.76;0.92976;2057073200002;0;0;1;;
90032154;63726180;2026-01-07;BGH;Früchte + Gemüse;270;040968;6;;kg;Cherry Tomaten Rispen, 3 kg;4.47;80.46;2.09196;7610632949894;0;0;1;;
90032154;63726180;2026-01-07;BGH;Früchte + Gemüse;280;045358;1;;kg;Tomaten mit Rispen Import, 5 kg;3.36;16.8;0.4368;7610632977002;0;0;1;;
90032154;63726180;2026-01-07;BGH;Molkerei/Backwaren;290;095210;2;;St;Eier Import, Bodenhaltung, 53g+, 90 Stück;0.4;72;1.872;7640104163138;0;0;1;;
90032154;63726180;2026-01-07;BGH;Früchte + Gemüse;300;042007;3;;St;Gurken 400 - 500 g / St, 12 St;1.77;63.72;1.65672;7610632995013;0;0;1;;
90032154;63726180;2026-01-07;BGH;Food;310;100070;1;;Lt;Economy Frittieröl, 20 l;4.45;89;2.314;7610034508873;0;0;1;;
90032154;63726180;2026-01-07;BGH;Food;320;100080;1;;Lt;Quality Rapsöl, 20 l;3.48;69.6;1.8096;7610034515147;0;0;1;;
90032154;63726180;2026-01-07;BGH;Molkerei/Backwaren;330;018891;3;;Ds;Ömür Hirtenkäse 55%, 800 g;9.76;29.28;0.76128;4002566002449;0;0;1;;
90032154;63726180;2026-01-07;BGH;Molkerei/Backwaren;340;027310;1;;kg;Economy Butter, 10 x 1 kg;13.66;136.6;3.5516;7610034508224;0;0;1;;
90032154;63726180;2026-01-07;BGH;Früchte + Gemüse;360;044794;6;21;kg;Blattsalate assortiert spez. 3 Saisonblattsalate, 3,5 kg;6.95;145.95;3.7947;2984134999998;0;0;1;;
90032154;63726180;2026-01-07;BGH;Früchte + Gemüse;361;000079;6;;St;Ifco LiftLock;3.2;19.2;0;2000007960008;0;0;0;;
90032154;63726180;2026-01-07;BGH;Früchte + Gemüse;370;040391;2;;St;Batavia Salat Schweiz Hydro, 8 St;1.88;30.08;0.78208;7613399057994;0;0;7;;
90032154;63726180;2026-01-07;BGH;Früchte + Gemüse;371;000079;2;;St;Ifco LiftLock;3.2;6.4;0;2000007960008;0;0;0;;
90032154;63726180;2026-01-07;BGH;Früchte + Gemüse;390;040189;2;;kg;Baked Potatoes, festkochend, 10 kg;1.19;23.8;0.6188;7613399015512;0;1;1;;
90032154;63726180;2026-01-07;BGH;Metzgerei;400;060461;8;;kg;MSC Kabeljau Royal, ca. 140 - 160 g, tiefgekühlt, 1 kg;18.41;147.28;3.82928;7610162380181;0;0;7;;
90032154;63726180;2026-01-07;BGH;Food;410;400600;1;;Ds;Economy Gurken, längsschnitt, 4 kg;13.37;13.37;0.34762;7610034513204;0;0;1;;
90032154;63726180;2026-01-07;BGH;Food;420;391311;1;;Ds;Economy Kapern Capotes, 4,350 kg;24.06;24.06;0.62556;7610034524064;0;0;1;;
90032154;63726180;2026-01-07;BGH;Nearfood;430;975792;2;;Pk;Quality Einweghandschuhe Nitril, Grösse L, schwarz, 100 St;8.81;17.62;1.42722;7610034546639;0;0;2;;
90032154;63726180;2026-01-07;BGH;Früchte + Gemüse;450;094400;2;;kg;Quality Blattspinat-Portionen, TK, 2 x 2,5 kg;3.75;37.5;0.975;7610034505506;0;0;1;;
90032154;63726180;2026-01-07;BGH;Früchte + Gemüse;460;041226;2;;Bd;Dill Bund, 80 g;4.18;8.36;0.21736;7610632941904;0;0;1;;
90032154;63726180;2026-01-07;BGH;Früchte + Gemüse;470;044720;2;;Bd;Salbei Bund, 80 g;4.18;8.36;0.21736;7610632942598;0;0;1;;
90032154;63726180;2026-01-07;BGH;Metzgerei;490;001250;2;3.964;kg;Kalbs-Nierstück, kurz, ohne Zapfen, ca. 1.5 kg;68.21;270.38444;7.02999544;97610011902475;0;0;1;;
90032154;63726180;2026-01-07;BGH;Früchte + Gemüse;500;045707;2;;kg;Zucchetti, 5 kg;2.77;27.7;0.7202;7610632980545;0;0;1;;
90032154;63726180;2026-01-07;BGH;Früchte + Gemüse;510;040257;1;;kg;Auberginen, 5 kg;4.47;22.35;0.5811;7610632977958;0;0;1;;
90032154;63726180;2026-01-07;BGH;Früchte + Gemüse;520;045777;5;;Sc;Zucchetti Mini-Gemüse ohne Blüte, ca. 5 - 6 Stück;7.77;38.85;1.0101;7610632991527;0;0;1;;
90032154;63726180;2026-01-07;BGH;Früchte + Gemüse;530;043957;5;;Sc;Patisson Mini Gemüse, ca. 9 St;7.31;36.55;0.9503;7610632991541;0;0;1;;
90032154;63726180;2026-01-07;BGH;Früchte + Gemüse;540;044139;1;;kg;Peperoni Mini Mix, 3 kg;8.23;24.69;0.64194;7610632970782;0;0;1;;
90032154;63726180;2026-01-07;BGH;Früchte + Gemüse;550;044667;5;;Sc;Mini Rüebli / Karotten mit Laubansatz, ca. 200 g;7.01;35.05;0.9113;7610632955345;0;0;1;;
90032154;63726180;2026-01-07;BGH;Früchte + Gemüse;560;047754;1;4.2;kg;Limetten / Limes, 4,2 kg;2.52;10.584;0.275184;2905054999998;0;1;1;;
90032154;63726180;2026-01-07;BGH;Früchte + Gemüse;570;093791;3;;Gl;Perlen Balsamico-Essig, 200 g;16.02;48.06;1.24956;3467740093926;0;0;1;;
90032154;63726180;2026-01-07;BGH;Metzgerei;580;001976;1;7.105;kg;Quality GGAP Lachs Filet, mit Haut, grätenarm, ca. 1,0 - 1,4 kg;23.56;167.3938;4.3522388;97610162230489;0;0;1;;
90032154;63726180;2026-01-07;BGH;Nonfood;590;989811;5;;Pk;Salatschale Karton rund FSC 500 ml Pack zu 50 Stück;18.62;93.1;7.5411;5901360017279;0;0;3;;
90032154;63726180;2026-01-07;BGH;Nonfood;600;989815;5;;Pk;Deckel rPET zu Salatschale rund Pack zu 50 Stück;10.44;52.2;4.2282;3342690157730;0;0;3;;
90032154;63726180;2026-01-07;BGH;Food;610;401611;1;;Pk;Chaokoh Kokosnussmilch UHT, 12 x 1 l;4.88;58.56;1.52256;18850813120155;0;0;1;;
90032154;63726180;2026-01-07;BGH;Food;620;564040;3;;Gl;Bosco d'oro Carpaccio, aus Sommertrüffeln, schwarz, 45 g;18.74;56.22;1.46172;8032680690549;0;0;1;;
90032154;63726180;2026-01-07;BGH;Food;630;512560;1;;Ds;Quality Lorbeerblätter, 30 g;4.75;4.75;0.1235;7610034518742;0;0;1;;
90032154;63726180;2026-01-07;BGH;Food;640;560053;2;;Pk;JuraSel Speisesalz grün, mit Jod und Fluor, 1 kg;1.06;21.2;0.5512;7610039000099;0;0;1;;
90032154;63726180;2026-01-07;BGH;Früchte + Gemüse;650;041241;4;;St;Eichblattsalat rot / grün Schweiz Hydro, gemischt, 8 St;2.18;69.76;1.81376;7613399058038;0;0;7;;
90032154;63726180;2026-01-07;BGH;Früchte + Gemüse;651;000079;4;;St;Ifco LiftLock;3.2;12.8;0;2000007960008;0;0;0;;
90032154;63726180;2026-01-07;BGH;Metzgerei;660;068121;3;;St;ASC Rauchlachs, geschnitten, tiefgekühlt, 1 kg;19.7;59.1;1.5366;4778003302785;0;1;1;;
90032154;63726180;2026-01-07;BGH;Molkerei/Backwaren;670;024801;4;;Ds;Floralp Vollrahm 35%, ohne Zucker, UHT, 250 g;4.73;18.92;0.49192;7612300013494;0;0;1;;
90032154;63726180;2026-01-07;BGH;Früchte + Gemüse;680;044058;1;;kg;Peperoni rot, Import, 5 kg;4.89;24.45;0.6357;7610632977224;0;0;1;;
90032154;63726180;2026-01-07;BGH;Metzgerei;690;081540;2;6.572;kg;Quality Bratspeck ohne Schwarte, ohne Knorpel, 1/1, ca. 3 kg;17.52;115.14144;2.99367744;2945670999996;0;0;1;;
90032154;63726180;2026-01-07;BGH;Food;700;396540;6;;Ds;Quality Sardellenfilets in Sonnenblumenöl, 794 g;18.96;113.76;2.95776;7610034517332;0;0;1;;
90032154;63726180;2026-01-07;BGH;Food;710;566330;8;;Fl;Heinz Tomato Ketchup, 800 ml;5.53;44.24;1.15024;87157277;0;0;1;;
90032154;63726180;2026-01-07;BGH;Nearfood;720;989510;3;;Pk;Duni Servietten, 1/8 Falz, 3-lagig, 40 x 40 cm, weiss, 250 St;13.38;40.14;3.25134;7321012028503;0;0;3;;
90032154;63726180;2026-01-07;BGH;Nonfood;730;991230;4;;Rl;Jet-Cut Frischhaltefolie PVC Refill 45 cm x 500 m;23.81;95.24;7.71444;7610222700348;0;1;2;;
90032154;63726180;2026-01-07;BGH;Früchte + Gemüse;740;044538;1;;Bt;Rosmarin, 250 g;8.72;8.72;0.22672;7610632969816;0;0;1;;
90032154;63726180;2026-01-07;BGH;Früchte + Gemüse;750;044155;3;;Bt;Petersilie gekraust,  gepackt, 250 g;4.47;13.41;0.34866;7610632991558;0;0;1;;
90032154;63726180;2026-01-07;BGH;Food;760;110060;2;;Pk;Feinkristallzucker, 10 x 1 kg;0.97;19.4;0.5044;7610034510661;0;1;1;;
90032154;63726180;2026-01-07;BGH;Nonfood;770;991240;1;;Pk;Backstar Backpapier Profi Box 50 cm x 100 m;25.11;25.11;2.03391;7610222002800;0;0;2;;
90032154;63726180;2026-01-07;BGH;Food;780;124000;1;;Gl;Nutella Portionen, 25 g;0.88;56.32;1.46432;8000500217252;0;0;1;;
90032154;63726180;2026-01-07;BGH;Nearfood;790;815602;1;;Bi;Quality Fettlöser Standard, 5 l;37.14;37.14;3.00834;7610034561045;0;0;2;;
90032154;63726180;2026-01-07;BGH;Molkerei/Backwaren;800;024673;1;;Ke;Quality Crème Fraîche, Sauerrahm 35%, 2,5 kg;25.06;25.06;0.65156;7610034514973;0;0;1;;
90032154;63726180;2026-01-07;BGH;Molkerei/Backwaren;810;019710;1;;Be;Granarolo Ricotta, 1,5 kg;10.32;10.32;0.26832;80344353;0;0;1;;
90032154;63726180;2026-01-07;BGH;Molkerei/Backwaren;820;019481;7;;Be;Galbani Mascarpone, 500 g;7.75;54.25;1.4105;8000430171013;0;0;1;;
90032154;63726180;2026-01-07;BGH;Früchte + Gemüse;830;046664;1;;kg;Natura Bio Bananen, Farbe 3 - 4, 6 kg;3.83;22.98;0.59748;7610632946305;0;0;1;;
90032154;63726180;2026-01-07;BGH;Früchte + Gemüse;831;000079;1;;St;Ifco LiftLock;3.2;3.2;0;2000007960008;0;0;0;;
90032154;63726180;2026-01-07;BGH;Früchte + Gemüse;840;555558;2;;St;Ifco LiftLock;3.2;6.4;0;2055555810008;0;0;0;;
90032154;63726180;2026-01-07;BGH;Früchte + Gemüse;850;555558;7;;St;Ifco LiftLock;3.2;22.4;0;2055555810008;0;0;0;;
90032154;63726180;2026-01-07;BGH;Früchte + Gemüse;860;555558;10;;St;Ifco LiftLock;3.2;32;0;2055555810008;0;0;0;;
90032154;472;2026-05-23;Bern;Nonfood;;902229;48;;Pk;Trinkbecher Verive rPET, 3 dl geeicht, Pack zu 50 Stück;6.9;331.2;26.8272;8719093119958;0;0;3;0;
90032154;314;2026-06-12;Bern;Nearfood;;882291;2;;Ds;Syoss Haar-Spray Max Hold, 400 ml;4.89;9.78;0.79218;4015100817867;0;1;2;0;
90032154;312;2026-06-12;Bern;Früchte + Gemüse;;000079;1;;St;Ifco LiftLock;3.2;3.2;0;2000007960008;0;0;0;0;
90032154;312;2026-06-12;Bern;Molkerei/Backwaren;;015992;2;;Sc;Emmi Tête de Moine AOP, Rosetten, 350 g;11.95;23.9;0.6214;7610900267538;0;1;1;0;
90032154;312;2026-06-12;Bern;Molkerei/Backwaren;;019710;1;;Be;Granarolo Ricotta, 1,5 kg;9.3;4.65;0.1209;80344353;0;0;1;0;
90032154;312;2026-06-12;Bern;Molkerei/Backwaren;;024321;3;;Tp;Quality Vollrahm 35% UHT, 1 l;5.6;16.8;0.4368;7610034525825;0;1;1;0;
90032154;312;2026-06-12;Bern;Molkerei/Backwaren;;024441;2;;Tp;Quality Vollrahm 35%, UHT, 1 l;5.6;11.2;0.2912;7610034505308;0;1;1;0;
90032154;312;2026-06-12;Bern;Früchte + Gemüse;;044717;2;;Bt;Salbei, Beutel zu 50 g netto;2.99;5.98;0.15548;7610632994511;0;0;1;0;
90032154;312;2026-06-12;Bern;Metzgerei;;066871;2;;St;ASC Rauchlachs geschnitten 200g;5.5;11;0.286;8720681423524;0;0;7;0;
90032154;312;2026-06-12;Bern;Molkerei/Backwaren;;098181;8;;St;Romer's Baguettes française, vorgebacken, tiefgekühlt, 58 cm, 8 x 260 g;1.85;14.8;0.3848;7611075119684;0;0;1;0;
90032154;312;2026-06-12;Bern;Food;;343650;1;;Pk;Dar-Vida extra fin Thym-Sel, 4 x 46 g;3.35;3.35;0.0871;7610032065040;0;0;1;0;
90032154;312;2026-06-12;Bern;Spirituosen;;645431;1;;Fl;Grappa Elisi Distilleria Berta 43%, 50 cl;35.9;35.9;2.9079;8033028700104;0;0;2;0;
90032154;312;2026-06-12;Bern;Nonfood;;903002;1;;St;Steakmesser grün, 6er Set;34.95;34.95;2.83095;7640126973647;0;0;8;0;
90032154;312;2026-06-12;Bern;Nonfood;;903507;2;;St;Klötzli Econo Santokumesser, mit Kullen, mit Kunststoffgriff, 17 cm;19.99;39.98;3.23838;7640126972381;0;1;3;0;
90032154;256;2026-06-24;Bern;Getränke;;694560;60;;Fl;Eptinger Still 50 cl Mehrweg;0.72;43.2;1.1232;7614400006024;0;0;1;0;
90032154;256;2026-06-24;Bern;Getränke;;698340;-60;;St;Eptinger Blau/Rot/Grün MW 50cl;0.3;-18;0;69834060;0;0;0;0;
90032154;256;2026-06-24;Bern;Getränke;;698340;60;;St;Eptinger Blau/Rot/Grün MW 50cl;0.3;18;0;;0;0;0;0;
90032154;256;2026-06-24;Bern;Getränke;;698343;3;;St;Eptinger Harasse leer;5;15;0;;0;0;0;0;
90032154;256;2026-06-24;Bern;Getränke;;698343;-3;;St;Eptinger Harasse leer;5;-15;0;69834370;0;0;0;0;
90032154;254;2026-06-18;Moosseedorf;Früchte + Gemüse;;000079;1;;St;Ifco LiftLock;3.2;3.2;0;2000007960008;0;0;0;0;
90032154;254;2026-06-18;Moosseedorf;Metzgerei;;068151;3;;kg;Economy ASC Crevetten Black Tiger, geschält, entdarmt, 8/12, tiefgekühlt, 1 kg;19.6;58.8;1.5288;7610034523548;0;0;7;0;
90032154;254;2026-06-18;Moosseedorf;Nonfood;;930305;2;;St;Doppler Sonnenschirm Alu Wood Ultra, natur, Ø 350 cm, Gestell aus Aluminium, mit Kurbel, LSF 50+;199;398;32.238;9003034288025;0;0;3;0;
90032154;254;2026-06-18;Moosseedorf;Nonfood;;989812;1;;Pk;Salatschale Karton rund FSC 750 ml Pack zu 50 Stück;17.2;8.6;0.6966;5901360017286;0;0;3;0;
90032154;254;2026-06-18;Moosseedorf;Nonfood;;989812;1;;Pk;Salatschale Karton rund FSC 750 ml Pack zu 50 Stück;17.2;8.6;0.6966;5901360017286;0;0;3;0;
90032154;254;2026-06-18;Moosseedorf;Nonfood;;989814;1;;Pk;Deckel PP zu Salatschale rund Pack zu 50 Stück;9.5;4.75;0.38475;4010494919753;0;0;3;0;
90032154;254;2026-06-18;Moosseedorf;Nonfood;;989814;1;;Pk;Deckel PP zu Salatschale rund Pack zu 50 Stück;9.5;4.75;0.38475;4010494919753;0;0;3;0;
90032154;254;2026-06-18;Moosseedorf;Nonfood;;989814;1;;Pk;Deckel PP zu Salatschale rund Pack zu 50 Stück;9.5;4.75;0.38475;4010494919753;0;0;3;0;
90032154;254;2026-06-18;Moosseedorf;Nonfood;;989814;1;;Pk;Deckel PP zu Salatschale rund Pack zu 50 Stück;9.5;4.75;0.38475;4010494919753;0;0;3;0;
90032154;254;2026-06-18;Moosseedorf;Nonfood;;989814;1;;Pk;Deckel PP zu Salatschale rund Pack zu 50 Stück;9.5;4.75;0.38475;4010494919753;0;0;3;0;
90032154;254;2026-06-18;Moosseedorf;Nonfood;;993330;2;;Pk;Quality Deckel PP zu Salatschale rund 750 ml, Pack zu 50 Stück;7.95;15.9;1.2879;7610034537125;0;0;8;0;
90032154;254;2026-06-18;Moosseedorf;Nonfood;;993330;2;;Pk;Quality Deckel PP zu Salatschale rund 750 ml, Pack zu 50 Stück;7.95;15.9;1.2879;7610034537125;0;0;8;0;
90032154;254;2026-06-18;Moosseedorf;Nonfood;;993331;6;;Pk;Quality Deckel PP zu Salatschale rund 750 ml, Karton zu 6 x 50 Stück;7.95;47.7;3.8637;7610034537132;0;0;8;0;
90032154;253;2026-03-25;Bern;Früchte + Gemüse;;000079;2;;St;Ifco LiftLock;3.2;6.4;0;2000007960008;0;0;0;0;
90032154;253;2026-03-25;Bern;Früchte + Gemüse;;040318;2;;Bt;Bärlauch, 250 g;5.5;11;0.286;7610632979914;0;0;1;0;
90032154;253;2026-03-25;Bern;Metzgerei;;054070;1;3.352;kg;Rinds-Entrecote II, ca. 3 kg;27.99;93.8225;2.439385;2906981033526;0;1;1;0;
90032154;253;2026-03-25;Bern;Metzgerei;;087180;1;1.918;kg;Ferrarini Bresaola Punta d'anca 1/2, ca. 1,6 kg;53.7;102.9966;2.6779116;2914867019182;0;0;1;0;
90032154;253;2026-03-25;Bern;Früchte + Gemüse;;093351;3;;Bt;Findus Gemüsemix THAI, TK, 600 g;6.4;19.2;0.4992;7613035748736;0;0;1;0;
90032154;253;2026-03-25;Bern;Food;;347030;4;;Pk;Wernli Petit Beurre, 2 x 300 g;3.39;13.56;0.35256;7610062087180;0;0;1;0;
90032154;253;2026-03-25;Bern;Food;;401610;2;;Pk;Chaokoh Kokosnussmilch UHT, 1 l;4.65;9.3;0.2418;8850367100026;0;0;1;0;
90032154;253;2026-03-25;Bern;Food;;512750;1;;Ds;Quality Wacholderbeeren, 270 g;8.1;8.1;0.2106;7610034519848;0;0;1;0;
90032154;253;2026-03-25;Bern;Food;;564040;1;;Gl;Bosco d'oro Carpaccio, aus Sommertrüffeln, schwarz, 45 g;16.75;16.75;0.4355;8032680690549;0;0;1;0;
90032154;253;2026-03-25;Bern;Nonfood;;986400;12;;St;Luminarc Cosmos Schale, Ø 20 cm;4.25;51;4.131;026102006481;0;0;2;0;
90032154;253;2026-03-25;Bern;Nonfood;;990307;1;;St;Trisa Handmixer Mixstar;26.95;26.95;2.18295;7640139994950;0;1;2;0;
90032154;246;2026-05-07;Bern;Früchte + Gemüse;;000079;3;;St;Ifco LiftLock;3.2;9.6;0;2000007960008;0;0;0;0;
90032154;246;2026-05-07;Bern;Molkerei/Backwaren;;019990;2;;Pk;Galbani Gorgonzola DOP Cremoso, 200 g;4.25;8.5;0.221;8000430058864;0;0;1;0;
90032154;246;2026-05-07;Bern;Molkerei/Backwaren;;037561;3;;Bt;Hilcona Gnocchi, 1 kg;5.15;15.45;0.4017;7610227896268;0;0;1;0;
90032154;246;2026-05-07;Bern;Früchte + Gemüse;;040173;6;;kg;Kartoffeln ganz, roh, geschält, festkochend, 2 kg;3.15;18.9;0.4914;7613399037224;0;0;1;0;
90032154;246;2026-05-07;Bern;Früchte + Gemüse;;041557;5;;kg;Eschalotten, 5 kg;2.9;7.25;0.1885;7610632974957;0;0;1;0;
90032154;246;2026-05-07;Bern;Früchte + Gemüse;;043598;1;;Bt;Minze, 250 g;7.4;7.4;0.1924;7610632977873;0;0;1;0;
90032154;246;2026-05-07;Bern;Früchte + Gemüse;;045037;5;;Bt;Spinat, 500 g;3.1;15.5;0.403;7610632997857;0;0;1;0;
90032154;246;2026-05-07;Bern;Food;;342024;12;;Pk;Kambly Bretzeli, 115 g;2.99;32.292;0.839592;7614800120009;0;0;1;0;
90032154;246;2026-05-07;Bern;Food;;591087;1;;Gl;Wiberg Vanille Gourmet gemahlen, mit Vanillemark, 100 g;70.7;70.7;1.8382;9002540815404;0;0;1;0;
90032154;246;2026-05-07;Bern;Nonfood;;904003;2;;St;Schneidbrett GN 1/1, 20 mm, grün;43.75;87.5;7.0875;7640122429124;0;0;2;0;
90032154;246;2026-05-07;Bern;Nonfood;;986293;16;;St;Rocco Bormioli Flasche mit Bügelverschluss, 1 l;4.2;67.2;5.4432;8004360049404;0;0;2;0;
90032154;246;2026-05-07;Bern;Nonfood;;996149;2;;St;Vin Bouquet Eiskübel, Edelstahl;15.95;31.9;2.5839;99614940;0;0;8;0;
90032154;246;2026-05-07;Bern;Nonfood;;998035;5;;St;ProChef Flaschenkühler doppelwandig aus Chronmickelstahl 18/8 0.75 l;18.95;94.75;7.67475;7611602094316;0;0;3;0;
90032154;220;2026-03-23;Bern;Früchte + Gemüse;;000079;1;;St;Ifco LiftLock;3.2;3.2;0;2000007960008;0;0;0;0;
90032154;220;2026-03-23;Bern;Food;;334910;1;;Ds;Vahiné Karamellisierte Splitter, 540 g;15.95;15.95;0.4147;3275925149203;0;0;1;0;
90032154;220;2026-03-23;Bern;Food;;340340;1;;Ke;Quality Bunte Kakaolinsen mini, 900 g;11.9;11.9;0.3094;9010054124530;0;1;1;0;
90032154;220;2026-03-23;Bern;Food;;343640;4;;Pk;Hug Mini Meringues, 4 cm, 25 Stück, 4 x 100 g;3.95;15.8;0.4108;7610032055881;0;0;1;0;
90032154;220;2026-03-23;Bern;Food;;349611;1;;Kt;Hardy's Hüppen Topolinos, 300 Stück;24.95;24.95;0.6487;7610666001025;0;1;1;0;
90032154;220;2026-03-23;Bern;Food;;650800;1;;Ds;Quality Vanilleschoten, 150 g;40.5;40.5;1.053;7610034536456;0;0;7;0;
90032154;220;2026-03-23;Bern;Food;;681681;1;;Fl;Hero Topping Caramel, 1 kg;6.5;6.5;0.169;7614200101769;0;1;1;0;
90032154;220;2026-03-23;Bern;Nearfood;;742891;1;;St;Cricket Fireturbo assortiert;5.1;5.1;0.4131;8710732233523;0;0;3;0;
90032154;220;2026-03-23;Bern;Nonfood;;967360;2;;St;Stronghold Springform Ø 28 cm;17.8;35.6;2.8836;7612192087009;0;0;2;0;
90032154;220;2026-03-23;Bern;Nonfood;;967777;1;;St;Kisag Siliconpinsel 20 cm;8.25;8.25;0.66825;7610251306801;0;0;2;0;
90032154;220;2026-03-23;Bern;Nonfood;;970920;4;;St;Stronghold Annabella Bratpfanne Ø 16 cm;9.95;39.8;3.2238;7612192086002;0;0;3;0;
90032154;220;2026-03-23;Bern;Nonfood;;986104;18;;St;Arcoroc Jazzed Coupe Glas, 41 cl, Pack zu 6 Stück;8.95;161.1;13.0491;883314088922;0;0;2;0;
90032154;220;2026-03-23;Bern;Nonfood;;987150;6;;St;Rocco Bormioli Italienische Massflasche, 1 l geeicht;6.5;39;3.159;011381000626;0;0;2;0;
90032154;219;2026-01-29;Bern;Früchte + Gemüse;;000079;8;;St;Ifco LiftLock;3.2;25.6;0;;0;0;0;;
90032154;219;2026-01-29;Bern;Früchte + Gemüse;;000079;3;;St;Ifco LiftLock;3.2;9.6;0;2000007960008;0;0;0;0;
90032154;219;2026-01-29;Bern;Molkerei/Backwaren;;006491;4;;kg;Hilcona Raviolo Fina Ricotta und Spinat, tiefgekühlt, 2 kg;13.8;55.2;1.4352;7610227954166;0;0;7;0;
90032154;219;2026-01-29;Bern;Molkerei/Backwaren;;016781;4;;Sc;Quality Grana Padano DOP, Flocken, 500 g;8.2;32.8;0.8528;4388040340345;0;1;7;0;
90032154;219;2026-01-29;Bern;Molkerei/Backwaren;;024320;24;;Tp;Quality Vollrahm 35% UHT, 12 x 1 l;5.2;124.8;3.2448;7610034525832;0;1;1;0;
90032154;219;2026-01-29;Bern;Molkerei/Backwaren;;027210;1;;Kt;Emmi Premium Butterportionen, Becher, 96 x 10 g;20.45;20.45;0.5317;7610900146291;0;0;1;0;
90032154;219;2026-01-29;Bern;Molkerei/Backwaren;;037341;6;;Bt;Hilcona Ravioli Spinat Mascarpone, 1 kg;8.7;52.2;1.3572;7610227896190;0;1;1;0;
90032154;219;2026-01-29;Bern;Früchte + Gemüse;;040015;5;;kg;Bratkartoffeln, 5 kg;1.6;8;0.208;7613399016359;0;1;1;0;
90032154;219;2026-01-29;Bern;Früchte + Gemüse;;040071;10;;kg;Kartoffeln, mehligkochend, 10 kg;1.2;12;0.312;7613399054993;0;0;1;0;
90032154;219;2026-01-29;Bern;Früchte + Gemüse;;040454;1;7.7;kg;Blumenkohl, ca. 7,5 kg;3.2;24.64;0.64064;2903704077003;0;0;1;0;
90032154;219;2026-01-29;Bern;Früchte + Gemüse;;040673;1;3.125;kg;Broccoli, ca. 3,5kg;3.65;11.4063;0.2965638;2903733031250;0;0;1;0;
90032154;219;2026-01-29;Bern;Früchte + Gemüse;;040673;1;3.07;kg;Broccoli, ca. 3,5kg;3.65;11.2055;0.291343;2903733030703;0;0;1;0;
90032154;219;2026-01-29;Bern;Früchte + Gemüse;;041251;8;;St;Eichblattsalat grün Schweiz Hydro, 8 St;1.75;14;0.364;7613399058014;0;0;7;0;
90032154;219;2026-01-29;Bern;Früchte + Gemüse;;041328;12;;St;Eisberg Salat, 12 St;1.15;13.8;0.3588;7610632995181;0;0;1;0;
90032154;219;2026-01-29;Bern;Früchte + Gemüse;;044107;5;;kg;Peperoni Tricolor, Import, 5 kg;4.75;23.75;0.6175;7610632977132;0;0;1;0;
90032154;219;2026-01-29;Bern;Früchte + Gemüse;;044626;2;;Bt;Rüebli / Karotten mittel gewaschen, gepackt, 1 kg;1.7;3.4;0.0884;7610632999882;0;0;1;0;
90032154;219;2026-01-29;Bern;Früchte + Gemüse;;044658;4;;Bt;Bundkarotte / Karotten mit Laub, 10 St;5.8;23.2;0.6032;7610632981009;0;0;1;0;
90032154;219;2026-01-29;Bern;Früchte + Gemüse;;044715;16;;St;Salanova Multiblatt assortiert, 8 St;1.65;26.4;0.6864;7610632963678;0;1;1;0;
90032154;219;2026-01-29;Bern;Früchte + Gemüse;;044794;1;3.5;kg;Blattsalate assortiert spez. 3 Saisonblattsalate, 3,5 kg;5.9;20.65;0.5369;2984134035009;0;0;1;0;
90032154;219;2026-01-29;Bern;Früchte + Gemüse;;048824;2;;kg;Zitronen, 2 kg;2.2;4.4;0.1144;7613399029083;0;0;7;0;
90032154;219;2026-01-29;Bern;Früchte + Gemüse;;048850;1;;Ne;Natura Bio Zitronen, 500 g;1.95;1.95;0.0507;8053806390389;0;0;1;0;
90032154;219;2026-01-29;Bern;Früchte + Gemüse;;049135;6;;kg;Champignons weiss, frisch, 1 kg;7.35;44.1;1.1466;7610632995211;0;0;1;0;
90032154;219;2026-01-29;Bern;Metzgerei;;051931;1;4.5;kg;Rio Black Rinds-Entrecote, Argentinien, ca. 5 kg;35.99;161.955;4.21083;2924966045005;0;1;1;0;
90032154;219;2026-01-29;Bern;Metzgerei;;055620;1;1.131;kg;Kalbs-Huft enthäutet, ca. 900 g;43.99;49.7527;1.2935702;2907621011317;0;1;1;0;
90032154;219;2026-01-29;Bern;Metzgerei;;055620;1;1.115;kg;Kalbs-Huft enthäutet, ca. 900 g;43.99;49.0489;1.2752714;2907621011157;0;1;1;0;
90032154;219;2026-01-29;Bern;Metzgerei;;055620;1;1.174;kg;Kalbs-Huft enthäutet, ca. 900 g;43.99;51.6443;1.3427518;2907621011744;0;1;1;0;
90032154;219;2026-01-29;Bern;Metzgerei;;055620;1;1.175;kg;Kalbs-Huft enthäutet, ca. 900 g;43.99;51.6883;1.3438958;2907621011751;0;1;1;0;
90032154;219;2026-01-29;Bern;Food;;371461;1;;Bt;Economy Pinienkerne, Gastropack, 1 kg;41.9;41.9;1.0894;7610034525979;0;0;1;0;
90032154;215;2026-07-06;Bern;Molkerei/Backwaren;;013702;1;3.495;kg;Quality Raclette, eckig, 1/2 Laib ca. 3,2 kg;10.9;38.0955;0.990483;2953272034953;0;0;1;0;
90032154;215;2026-07-06;Bern;Molkerei/Backwaren;;019372;3;;St;Soignon Bûche de chèvre, Weichkäse, 1 kg;16.2;48.6;1.2636;3523230038584;0;0;1;0;
90032154;215;2026-07-06;Bern;Früchte + Gemüse;;047139;10;;Sc;Erdbeeren Import, 10 x 500 g;4.75;47.5;1.235;7610632320631;0;0;1;0;
90032154;215;2026-07-06;Bern;Food;;565922;1;;Fl;Lea & Perrins Worcester Sauce, 568 ml;8.2;8.2;0.2132;5000111018111;0;0;1;0;
90032154;215;2026-07-06;Bern;Food;;565950;3;;Fl;Mc Ilhenny Tabasco Pepper Sauce, 3 x 60 ml;2.65;7.95;0.2067;7610107051480;0;0;1;0;
90032154;200;2026-06-10;Bern;Molkerei/Backwaren;;019372;3;;St;Soignon Bûche de chèvre, Weichkäse, 1 kg;16.2;48.6;1.2636;3523230038584;0;0;1;0;
90032154;200;2026-06-10;Bern;Nonfood;;904002;1;;St;Schneidbrett GN 1/1, 20 mm, braun;43.75;43.75;3.54375;7640122429100;0;0;2;0;
90032154;200;2026-06-10;Bern;Nonfood;;904006;1;;St;Schneidbrett GN 1/1, 20 mm, gelb;43.75;43.75;3.54375;7640122429148;0;0;2;0;
90032154;200;2026-06-10;Bern;Nonfood;;970834;1;;St;Weis Gaze-Spitzsieb, 25cm, 0.5 Maschenweite;79.95;79.95;6.47595;4010411179246;0;0;2;0;
90032154;193;2026-04-21;Bern;Getränke;;694560;80;;Fl;Eptinger Still 50 cl Mehrweg;0.72;52;1.352;7614400006024;0;0;1;0;
90032154;193;2026-04-21;Bern;Getränke;;698340;80;;St;Eptinger Blau/Rot/Grün MW 50cl;0.3;24;0;;0;0;0;0;
90032154;193;2026-04-21;Bern;Getränke;;698343;4;;St;Eptinger Harasse leer;5;20;0;;0;0;0;0;
90032154;192;2026-04-21;Bern;Früchte + Gemüse;;000079;2;;St;Ifco LiftLock;3.2;6.4;0;2000007960008;0;0;0;0;
90032154;192;2026-04-21;Bern;Früchte + Gemüse;;000079;2;;St;Ifco LiftLock;3.2;6.4;0;;0;0;0;0;
90032154;192;2026-04-21;Bern;Molkerei/Backwaren;;024673;1;;Ke;Quality Crème Fraîche, Sauerrahm 35%, 2,5 kg;22.05;22.05;0.5733;7610034514973;0;0;1;0;
90032154;192;2026-04-21;Bern;Molkerei/Backwaren;;027971;3;;Tp;Knorr Garde d'Or Sauce Hollandaise, 1 l;10.45;31.35;0.8151;8720182983480;0;0;1;0;
90032154;192;2026-04-21;Bern;Früchte + Gemüse;;040015;5;;kg;Bratkartoffeln, 5 kg;1.95;9.75;0.2535;7613399016359;0;0;1;0;
90032154;192;2026-04-21;Bern;Früchte + Gemüse;;040400;10;;kg;Baked Potatoes, festkochend, 10 kg;1.25;12.5;0.325;7613399015512;0;0;1;0;
90032154;192;2026-04-21;Bern;Früchte + Gemüse;;040673;1;3.205;kg;Broccoli, ca. 3,5kg;4.6;14.743;0.383318;2903733032059;0;0;1;0;
90032154;192;2026-04-21;Bern;Früchte + Gemüse;;041217;4;;Bd;Cipollotte / Bundzwiebeln, gepackt, 2 Bund, ca. 3 St;1.55;6.2;0.1612;7610632974995;0;1;1;0;
90032154;192;2026-04-21;Bern;Früchte + Gemüse;;041557;5;;kg;Eschalotten, 5 kg;2.9;14.5;0.377;7610632974957;0;0;1;0;
90032154;192;2026-04-21;Bern;Früchte + Gemüse;;042020;4;;St;Gurken 400 - 500 g / St, 4 St;1.15;4.6;0.1196;7610632994153;0;0;1;0;
90032154;192;2026-04-21;Bern;Früchte + Gemüse;;044919;10;;kg;Premium Spargeln weiss Donau 22+, 5 kg;15.4;154;4.004;7610632967720;0;0;1;0;
90032154;192;2026-04-21;Bern;Früchte + Gemüse;;044981;12;;Bd;Spargeln grün Bund, Europa, 6 x 1 kg;8.15;97.8;2.5428;7610632975497;0;0;1;0;
90032154;192;2026-04-21;Bern;Früchte + Gemüse;;045870;10;;kg;Zwiebeln gross, 5 kg;1.15;11.5;0.299;7613399003113;0;1;7;0;
90032154;192;2026-04-21;Bern;Früchte + Gemüse;;047118;2;;kg;Erdbeeren Extra, 1 kg;5.3;10.6;0.2756;8400050335084;0;0;1;0;
90032154;192;2026-04-21;Bern;Früchte + Gemüse;;047290;8;;St;Grapefruits rot 4 St, ca. 1,5 kg;1.45;11.6;0.3016;7610632000687;0;0;1;0;
90032154;192;2026-04-21;Bern;Früchte + Gemüse;;047753;1;1;kg;Limetten / Limes, ca. 1 kg;3.1;3.1;0.0806;2905053010007;0;0;1;0;
90032154;192;2026-04-21;Bern;Früchte + Gemüse;;047753;1;1;kg;Limetten / Limes, ca. 1 kg;3.1;3.1;0.0806;2905053010007;0;0;1;0;
90032154;192;2026-04-21;Bern;Früchte + Gemüse;;048109;7;;kg;Orangen blond, 7 kg;1.75;12.25;0.3185;04810900;0;0;1;0;
90032154;192;2026-04-21;Bern;Metzgerei;;086133;1;1.089;kg;Quality Bündnerfleisch Eckstück, Deutschland/Österreich, 1/2 ca. 1,5 kg;56.5;61.5285;1.599741;2965474010895;0;0;1;0;
90032154;192;2026-04-21;Bern;Metzgerei;;086133;1;1.224;kg;Quality Bündnerfleisch Eckstück, Deutschland/Österreich, 1/2 ca. 1,5 kg;56.5;69.156;1.798056;2965474012240;0;0;1;0;
90032154;192;2026-04-21;Bern;Metzgerei;;086713;1;2.216;kg;Bell Schwarzwald Rohschinken 1/2 ca. 1,5 kg;14.99;33.2178;0.8636628;2992423022166;0;1;1;0;
90032154;192;2026-04-21;Bern;Metzgerei;;086713;1;1.926;kg;Bell Schwarzwald Rohschinken 1/2 ca. 1,5 kg;14.99;28.8707;0.7506382;2992423019265;0;1;1;0;
90032154;192;2026-04-21;Bern;Metzgerei;;087443;1;0.561;kg;Appenzeller Mostbröckli 1/2, IGP, ca. 450 g;61.9;34.7259;0.9028734;2976861005615;0;0;1;0;
90032154;192;2026-04-21;Bern;Molkerei/Backwaren;;096261;2;;Pk;Quality Vollei flüssig Import, Bodenhaltung, pasteurisiert, 1 kg;7.3;14.6;0.3796;7610034507609;0;0;1;0;
90032154;192;2026-04-21;Bern;Food;;347030;8;;Pk;Wernli Petit Beurre, 2 x 300 g;3.39;27.12;0.70512;7610062087180;0;0;1;0;
90032154;192;2026-04-21;Bern;Food;;391220;2;;Ds;Economy Birnenhälften, in Sirup, 4,2 kg;9.4;18.8;0.4888;7610034513310;0;0;1;0;
90032154;192;2026-04-21;Bern;Food;;399030;1;;Gl;Pommery Senf Meaux, 500 g;10.45;10.45;0.2717;3158697781010;0;0;1;0;
90032154;192;2026-04-21;Bern;Wein;;639240;1;;Bx;Montagne Belle Allure Vin Rouge, 10 l BiB;19.8;19.8;1.6038;7610593204872;0;0;3;0;
90032154;192;2026-04-21;Bern;Food;;681661;1;;Fl;Hero Topping Schokoladen-Sauce, 1 kg;11.25;11.25;0.2925;7614200101905;0;0;1;0;
90032154;184;2026-04-02;Bern;Molkerei/Backwaren;;025040;1;;Kt;Quality Kaffeerahm Portionen 15%, UHT, 200 x 12 g;8.65;8.65;0.2249;7610034505124;0;1;1;0;
90032154;184;2026-04-02;Bern;Früchte + Gemüse;;045037;3;;Bt;Spinat, 500 g;3.4;10.2;0.2652;7610632997857;0;0;1;0;
90032154;184;2026-04-02;Bern;Früchte + Gemüse;;046951;1;2;kg;Blutorangen Sanguinelli, gepackt, ca. 2 kg;2.8;5.6;0.1456;2901801020007;0;0;1;0;
90032154;184;2026-04-02;Bern;Früchte + Gemüse;;046951;1;2;kg;Blutorangen Sanguinelli, gepackt, ca. 2 kg;2.8;5.6;0.1456;2901801020007;0;0;1;0;
90032154;184;2026-04-02;Bern;Molkerei/Backwaren;;095700;90;;St;Ostereier Import, Bodenhaltung, 53 g+, 90 Stück;0.44;39.6;1.0296;7640104163145;0;1;1;0;
90032154;177;2026-03-10;Bern;Metzgerei;;052090;1;2.407;kg;Rinds-Huft, ca. 2,4 kg;29.99;72.1859;1.8768334;2906131024077;0;1;1;0;
90032154;177;2026-03-10;Bern;Metzgerei;;052090;1;2.416;kg;Rinds-Huft, ca. 2,4 kg;29.99;72.4558;1.8838508;2906131024169;0;1;1;0;
90032154;177;2026-03-10;Bern;Metzgerei;;052090;1;2.605;kg;Rinds-Huft, ca. 2,4 kg;29.99;78.124;2.031224;2906131026057;0;1;1;0;
90032154;177;2026-03-10;Bern;Metzgerei;;052090;1;2.827;kg;Rinds-Huft, ca. 2,4 kg;29.99;84.7817;2.2043242;2906131028273;0;1;1;0;
90032154;177;2026-03-10;Bern;Metzgerei;;067510;5;;kg;ASC Lachs Medaillon, ohne Haut, grätenarm, ca. 140 - 160 g, tiefgekühlt, 5 kg;20.9;104.5;2.717;7613983509410;0;0;1;0;
90032154;174;2026-06-03;Bern;Früchte + Gemüse;;000079;1;;St;Ifco LiftLock;3.2;3.2;0;2000007960008;0;0;0;0;
90032154;174;2026-06-03;Bern;Früchte + Gemüse;;000079;2;;St;Ifco LiftLock;3.2;6.4;0;;0;0;0;0;
90032154;174;2026-06-03;Bern;Früchte + Gemüse;;000079;1;;St;Ifco LiftLock;3.2;3.2;0;00007960;0;0;0;0;
90032154;174;2026-06-03;Bern;Früchte + Gemüse;;040673;1;2.625;kg;Broccoli, ca. 3,5kg;3.98;10.4475;0.271635;2903733026256;0;1;1;0;
90032154;174;2026-06-03;Bern;Früchte + Gemüse;;040673;1;3.085;kg;Broccoli, ca. 3,5kg;3.98;12.2783;0.3192358;2903733030857;0;1;1;0;
90032154;174;2026-06-03;Bern;Früchte + Gemüse;;042587;1;;Ne;Knoblauch gepackt, 1 kg;8.8;8.8;0.2288;7610632976814;0;0;1;0;
90032154;174;2026-06-03;Bern;Früchte + Gemüse;;044410;3;;Bd;Spargeln weiss, 18 mm+, 1 kg;9.7;29.1;0.7566;7640147136458;0;0;1;0;
90032154;174;2026-06-03;Bern;Früchte + Gemüse;;044610;10;;kg;Rüebli / Karotten Gastro, gewaschen, Inland, 10 kg;1.6;16;0.416;7610253595111;0;0;1;0;
90032154;174;2026-06-03;Bern;Früchte + Gemüse;;044980;2;;Bd;Spargeln grün, Europa, 1 kg;9.8;19.6;0.5096;8410405000154;0;0;1;0;
90032154;174;2026-06-03;Bern;Früchte + Gemüse;;045037;6;;Bt;Spinat, 500 g;3.1;18.6;0.4836;7610632997857;0;0;1;0;
90032154;174;2026-06-03;Bern;Früchte + Gemüse;;047106;4;;Sc;Erdbeeren, Inland, 500 g;4.45;17.8;0.4628;7610632035320;0;1;1;0;
90032154;174;2026-06-03;Bern;Food;;345330;2;;Sa;Mangini Noccioletto, Haselnüsse mit Milchschokolade überzogen, 1 kg;25.25;50.5;1.313;8004203103393;0;0;1;0;
90032154;174;2026-06-03;Bern;Nonfood;;902275;2;;Pk;Trinkhalm Papier, schwarz, 21 cm, Ø 6 mm, Pack zu 150 Stück;3.9;7.8;0.6318;7610588101964;0;0;3;0;
90032154;174;2026-06-03;Bern;Nonfood;;989799;17;;St;BonBistro Cirro Teller tief 26 cm;7.7;130.9;10.6029;5410595708031;0;1;3;0;
90032154;174;2026-06-03;Bern;Nonfood;;993038;8;;St;Leerdam Crystal After Dinner Whisky- / Rumkelch 4cl geeicht 26 cl, Pack zu 4 Stück;2.8;22.4;1.8144;048343071103;0;1;8;0;
90032154;174;2026-06-03;Bern;Nonfood;;993039;4;;St;Leerdam Crystal After Grappakelch 2 cl geeicht 9 cl, Pack zu 4 Stück;2.8;11.2;0.9072;048344070105;0;1;8;0;
90032154;174;2026-06-03;Bern;Nonfood;;994101;2;;St;Peugeot Pfeffermühle 30 cm braun;37.99;75.98;6.15438;4006950090425;0;1;2;0;
90032154;172;2026-05-28;Bern;Früchte + Gemüse;;000079;1;;St;Ifco LiftLock;3.2;3.2;0;2000007960008;0;0;0;0;
90032154;172;2026-05-28;Bern;Molkerei/Backwaren;;016601;3;;kg;Quality Grana Padano DOP, gerieben, 1 kg;13.9;41.7;1.0842;4388040340352;0;1;7;0;
90032154;172;2026-05-28;Bern;Molkerei/Backwaren;;024320;12;;Tp;Quality Vollrahm 35% UHT, 12 x 1 l;5.65;67.8;1.7628;7610034525832;0;0;1;0;
90032154;172;2026-05-28;Bern;Früchte + Gemüse;;044300;2;;kg;Economy Randen Würfel gekocht, 2 kg;3.9;7.8;0.2028;7610034523234;0;0;1;0;
90032154;172;2026-05-28;Bern;Früchte + Gemüse;;047106;5;;Sc;Erdbeeren, Inland, 500 g;5.7;28.5;0.741;7610632035320;0;0;1;0;
90032154;172;2026-05-28;Bern;Metzgerei;;086713;1;1.902;kg;Bell Schwarzwald Rohschinken 1/2 ca. 1,5 kg;19.4;36.8988;0.9593688;2992423019029;0;0;1;0;
90032154;172;2026-05-28;Bern;Molkerei/Backwaren;;096271;1;;Pk;Quality Eigelb flüssig Import, Bodenhaltung, pasteurisiert, 1 kg;9.95;9.95;0.2587;7610034508835;0;1;1;0;
90032154;172;2026-05-28;Bern;Food;;209170;5;;kg;Quality Tagliatelle, 4-Ei, 6 mm, 5 kg;5.4;27;0.702;7610034522718;0;0;1;0;
90032154;172;2026-05-28;Bern;Food;;391241;1;;Ke;Economy Senf mild, 5,25 kg;9.45;9.45;0.2457;7610034512641;0;0;1;0;
90032154;168;2026-02-13;Bern;Metzgerei;;059934;1;1.1;kg;Bell Poulet Innenfilet ca. 30 g, ca. 1 kg;15.69;17.259;0.448734;2910411011008;0;1;1;0;
90032154;168;2026-02-13;Bern;Metzgerei;;059934;1;1.04;kg;Bell Poulet Innenfilet ca. 30 g, ca. 1 kg;15.69;16.3176;0.4242576;2910411010407;0;1;1;0;
90032154;167;2026-02-13;Bern;Food;;320360;2;;St;Felchlin Couverture Lord dunkel, 2 kg;30.65;61.3;1.5938;32036060;0;0;1;0;
90032154;167;2026-02-13;Bern;Nonfood;;962175;2;;St;APS Abtropfmatte Kunststoff schwarz 33 x 33 cm;7.5;15;1.215;4004133933033;0;0;2;0;
90032154;167;2026-02-13;Bern;Nonfood;;971057;2;;St;Stronghold Eisenpfanne Induktion Ø 20 cm;34.9;69.8;5.6538;7612192089621;0;0;3;0;
90032154;143;2026-05-30;Bern;Metzgerei;;051661;18;;St;Swiss Prime Angus Burger, tiefgekühlt, 6 x 200 g;4.6;82.8;2.1528;7610162374623;0;0;1;0;
90032154;143;2026-05-30;Bern;Früchte + Gemüse;;094762;16;;kg;Ice-Würfel Premium, 8 x 2 kg;2.05;32.8;0.8528;7640109210240;0;0;1;0;
90032154;128;2026-04-18;Moosseedorf;Nonfood;;930305;5;;St;Doppler Sonnenschirm Alu Wood Ultra, natur, Ø 350 cm, Gestell aus Aluminium, mit Kurbel, LSF 50+;159;795;64.395;9003034288025;0;1;3;0;
90032154;102;2026-06-17;Bern;Molkerei/Backwaren;;018111;2;;kg;Economy Mozzarella 42%, gerieben, 2 kg;5.98;11.96;0.31096;7610034506497;0;0;7;0;
90032154;102;2026-06-17;Bern;Früchte + Gemüse;;047139;10;;Sc;Erdbeeren Import, 10 x 500 g;4.75;47.5;1.235;7610632320631;0;0;1;0;
90032154;102;2026-06-17;Bern;Nearfood;;813141;1;;Bi;Topmatic Plus Geschirrspülmittel, 25 kg;327.2;327.2;26.5032;4028159012190;0;0;2;0;
90032154;93;2026-04-07;Bern;Molkerei/Backwaren;;022600;12;;Tp;Quality Vollmilch 3,5%, UHT, 12 x 1 l;1.27;15.24;0.39624;7610034507807;0;0;1;0;
90032154;93;2026-04-07;Bern;Metzgerei;;053941;1;0.77;kg;Lamm Racks RR, Australien/Neuseeland, ca. 800 g;49.9;38.423;0.998998;2955553007700;0;0;1;0;
90032154;93;2026-04-07;Bern;Metzgerei;;053941;1;0.735;kg;Lamm Racks RR, Australien/Neuseeland, ca. 800 g;49.9;36.6765;0.953589;2955553007359;0;0;1;0;
90032154;93;2026-04-07;Bern;Metzgerei;;053941;1;0.76;kg;Lamm Racks RR, Australien/Neuseeland, ca. 800 g;49.9;37.924;0.986024;2955553007601;0;0;1;0;
90032154;93;2026-04-07;Bern;Metzgerei;;053941;1;0.69;kg;Lamm Racks RR, Australien/Neuseeland, ca. 800 g;49.9;34.431;0.895206;2955553006901;0;0;1;0;
90032154;93;2026-04-07;Bern;Metzgerei;;053941;1;0.94;kg;Lamm Racks RR, Australien/Neuseeland, ca. 800 g;49.9;46.906;1.219556;2955553009407;0;0;1;0;
90032154;91;2026-06-08;Bern;Früchte + Gemüse;;000079;2;;St;Ifco LiftLock;3.2;6.4;0;2000007960008;0;0;0;0;
90032154;91;2026-06-08;Bern;Früchte + Gemüse;;000079;1;;St;Ifco LiftLock;3.2;3.2;0;;0;0;0;0;
90032154;91;2026-06-08;Bern;Molkerei/Backwaren;;005961;2;;kg;Hilcona Rondelli Fina Limone Basilico, tiefgekühlt, 2 kg;13.6;27.2;0.7072;7610227952889;0;0;7;0;
90032154;91;2026-06-08;Bern;Molkerei/Backwaren;;019710;2;;Be;Granarolo Ricotta, 1,5 kg;9.3;18.6;0.4836;80344353;0;0;1;0;
90032154;91;2026-06-08;Bern;Früchte + Gemüse;;043597;2;;Bt;Minze, 50 g;2.95;5.9;0.1534;7611532992881;0;0;1;0;
90032154;91;2026-06-08;Bern;Früchte + Gemüse;;045037;2;;Bt;Spinat, 500 g;3.1;6.2;0.1612;7610632997857;0;0;1;0;
90032154;91;2026-06-08;Bern;Früchte + Gemüse;;046508;5;;kg;Aprikosen, Import, Klasse I, 5 kg;2.68;13.4;0.3484;7610632320440;0;1;1;0;
90032154;91;2026-06-08;Bern;Früchte + Gemüse;;046577;16;;St;Avocados essreif, 16 St;1.25;20;0.52;7610632001950;0;1;1;0;
90032154;91;2026-06-08;Bern;Früchte + Gemüse;;047108;10;;Sc;Erdbeeren, Inland, 10 x 500 g;5.35;53.5;1.391;7610632290095;0;0;1;0;
90032154;91;2026-06-08;Bern;Früchte + Gemüse;;047753;1;1;kg;Limetten / Limes, ca. 1 kg;2.4;2.4;0.0624;2905053010007;0;1;1;0;
90032154;91;2026-06-08;Bern;Früchte + Gemüse;;047821;6;;St;Melonen Charentais, Frankreich, 6 St;2.98;17.88;0.46488;7610632077498;0;1;1;0;
90032154;91;2026-06-08;Bern;Früchte + Gemüse;;047972;1;11.725;kg;Wassermelone Dumara, ca. 9 kg;1.7;19.9325;0.518245;2917234117252;0;0;1;0;
90032154;91;2026-06-08;Bern;Metzgerei;;073346;6;;Pa;Quality Cervelas, 6 x 200 g;2.05;12.3;0.3198;7610162216091;0;0;1;0;
90032154;91;2026-06-08;Bern;Metzgerei;;073352;5;;Pa;Quality Grill Cervelas, 5 x 300 g;2.85;14.25;0.3705;7610162216077;0;0;1;0;
90032154;91;2026-06-08;Bern;Food;;100431;2;;Fl;Blaze Balsamicosauce, dickflüssig, 380 ml;8.2;16.4;0.4264;8015352303909;0;0;1;0;
90032154;91;2026-06-08;Bern;Food;;102950;5;;kg;Quality Suisse Garantie Paniermehl hell, 5 kg;4.25;21.25;0.5525;7610034519701;0;0;1;0;
90032154;91;2026-06-08;Bern;Food;;391421;6;;Ds;Economy Thon Skipjack, Thunfischstücke in Sonnenblumenöl, 1,88 kg;13.5;81;2.106;7610034528901;0;0;1;0;
90032154;91;2026-06-08;Bern;Food;;512420;1;;Ds;Quality Sternanis ganz, 150 g;9.8;9.8;0.2548;7610034519541;0;0;1;0;
90032154;91;2026-06-08;Bern;Food;;560100;1;;Fl;Kikkoman Poke Sauce, 975 ml;16.95;16.95;0.4407;8715035450806;0;0;1;0;
90032154;88;2026-03-19;Bern;Früchte + Gemüse;;000079;2;;St;Ifco LiftLock;3.2;6.4;0;2000007960008;0;0;0;0;
90032154;88;2026-03-19;Bern;Früchte + Gemüse;;000079;8;;St;Ifco LiftLock;3.2;25.6;0;;0;0;0;0;
90032154;88;2026-03-19;Bern;Molkerei/Backwaren;;016650;4;;Bt;Emmi Mozzarella, Mini, 20 Stück zu ca. 7,25 g, 145 g;2.25;9;0.234;7610900114443;0;0;1;0;
90032154;88;2026-03-19;Bern;Molkerei/Backwaren;;018901;4;;kg;Züger Mascarpone, laktosefrei, 2 kg;8.7;34.8;0.9048;7640166794103;0;0;1;0;
90032154;88;2026-03-19;Bern;Molkerei/Backwaren;;019372;4;;St;Soignon Bûche de chèvre, Weichkäse, 1 kg;16.2;64.8;1.6848;3523230038584;0;0;1;0;
90032154;88;2026-03-19;Bern;Molkerei/Backwaren;;028070;10;;St;Economy Butter,  10 x 1 kg;12.51;125.1;3.2526;7610034529816;0;0;7;0;
90032154;88;2026-03-19;Bern;Früchte + Gemüse;;040454;1;7.07;kg;Blumenkohl, ca. 7,5 kg;2.4;16.968;0.441168;2903704070707;0;0;1;0;
90032154;88;2026-03-19;Bern;Früchte + Gemüse;;040673;1;3.11;kg;Broccoli, ca. 3,5kg;2.98;9.2678;0.2409628;2903733031106;0;0;1;0;
90032154;88;2026-03-19;Bern;Früchte + Gemüse;;040673;1;3.45;kg;Broccoli, ca. 3,5kg;2.98;10.281;0.267306;2903733034503;0;0;1;0;
90032154;88;2026-03-19;Bern;Früchte + Gemüse;;044107;5;;kg;Peperoni Tricolor, Import, 5 kg;4.25;21.25;0.5525;7610632977132;0;1;1;0;
90032154;88;2026-03-19;Bern;Früchte + Gemüse;;044327;3;;kg;Quality Randen ganz geschält, pasteurisiert, 3 kg;3.45;10.35;0.2691;7610034527584;0;0;1;0;
90032154;88;2026-03-19;Bern;Früchte + Gemüse;;044643;4;;Bt;Quality Rüebli- Karotten Julienne, 1,6 mm, 1 kg;4.75;19;0.494;7610034507050;0;0;1;0;
90032154;88;2026-03-19;Bern;Früchte + Gemüse;;044717;2;;Bt;Salbei, Beutel zu 50 g netto;2.99;5.98;0.15548;7610632994511;0;0;1;0;
90032154;88;2026-03-19;Bern;Früchte + Gemüse;;044794;1;3.5;kg;Blattsalate assortiert spez. 3 Saisonblattsalate, 3,5 kg;4.4;15.4;0.4004;2984134035009;0;1;1;0;
90032154;88;2026-03-19;Bern;Früchte + Gemüse;;044794;1;3.5;kg;Blattsalate assortiert spez. 3 Saisonblattsalate, 3,5 kg;4.4;15.4;0.4004;2984134035009;0;1;1;0;
90032154;88;2026-03-19;Bern;Früchte + Gemüse;;044794;1;3.5;kg;Blattsalate assortiert spez. 3 Saisonblattsalate, 3,5 kg;4.4;15.4;0.4004;2984134035009;0;1;1;0;
90032154;88;2026-03-19;Bern;Früchte + Gemüse;;044794;1;3.5;kg;Blattsalate assortiert spez. 3 Saisonblattsalate, 3,5 kg;4.4;15.4;0.4004;2984134035009;0;1;1;0;
90032154;88;2026-03-19;Bern;Früchte + Gemüse;;044990;3;;Bd;Spargeln grün, Import, 1 kg;7.15;21.45;0.5577;04499080;0;1;1;0;
90032154;88;2026-03-19;Bern;Früchte + Gemüse;;045707;5;;kg;Zucchetti, 5 kg;2.7;13.5;0.351;7610632980545;0;0;1;0;
90032154;88;2026-03-19;Bern;Früchte + Gemüse;;045870;10;;kg;Zwiebeln gross, 5 kg;1.5;15;0.39;7613399003113;0;0;7;0;
90032154;88;2026-03-19;Bern;Metzgerei;;055610;1;1.904;kg;Kalbs-Nuss enthäutet, ca. 1,4 kg;35.99;68.525;1.78165;2907611019040;0;1;1;0;
90032154;88;2026-03-19;Bern;Metzgerei;;055610;1;1.543;kg;Kalbs-Nuss enthäutet, ca. 1,4 kg;35.99;55.5326;1.4438476;2907611015431;0;1;1;0;
90032154;88;2026-03-19;Bern;Food;;114402;4;;Pk;De Cecco Rigatoni n° 24, 500 g;2.85;11.4;0.2964;8001250120243;0;0;1;0;
90032154;88;2026-03-19;Bern;Food;;341892;3;;Pk;Lorenz Saltletts Sticks classic, 250 g;2.52;7.56;0.19656;4017100706004;0;0;1;0;
90032154;88;2026-03-19;Bern;Food;;345181;6;;Sc;Griss d'Or Rosmarin, 6 x 100 g;1.99;11.94;0.31044;8002333010178;0;0;1;0;
90032154;88;2026-03-19;Bern;Food;;366100;1;;Bt;Economy Erdnüsse, gesalzen, geröstet, 2,5 kg;9.99;9.99;0.25974;7610815092102;0;0;1;0;
90032154;74;2026-06-19;Bern;Früchte + Gemüse;;000079;2;;St;Ifco LiftLock;3.2;6.4;0;2000007960008;0;0;0;0;
90032154;74;2026-06-19;Bern;Früchte + Gemüse;;000079;3;;St;Ifco LiftLock;3.2;9.6;0;;0;0;0;0;
90032154;74;2026-06-19;Bern;Molkerei/Backwaren;;016781;2;;Sc;Quality Grana Padano DOP, Flocken, 500 g;9.2;18.4;0.4784;4388040340345;0;0;7;0;
90032154;74;2026-06-19;Bern;Molkerei/Backwaren;;019372;5;;St;Soignon Bûche de chèvre, Weichkäse, 1 kg;16.2;81;2.106;3523230038584;0;0;1;0;
90032154;74;2026-06-19;Bern;Molkerei/Backwaren;;022250;10;;St;Greco Halloumi Grillkäse aus Zypern, 10 x 200 g;2.75;27.5;0.715;4005096127415;0;0;1;0;
90032154;74;2026-06-19;Bern;Molkerei/Backwaren;;022251;4;;St;Greco Halloumi Grillkäse aus Zypern, 200 g;2.95;11.8;0.3068;4005096027418;0;0;1;0;
90032154;74;2026-06-19;Bern;Molkerei/Backwaren;;022600;12;;Tp;Quality Vollmilch 3,5%, UHT, 12 x 1 l;1.15;13.8;0.3588;7610034507807;0;1;1;0;
90032154;74;2026-06-19;Bern;Molkerei/Backwaren;;024320;12;;Tp;Quality Vollrahm 35% UHT, 12 x 1 l;5.65;67.8;1.7628;7610034525832;0;0;1;0;
90032154;74;2026-06-19;Bern;Früchte + Gemüse;;040173;6;;kg;Kartoffeln ganz, roh, geschält, festkochend, 2 kg;3.15;18.9;0.4914;7613399037224;0;0;1;0;
90032154;74;2026-06-19;Bern;Früchte + Gemüse;;044537;2;;Bt;Rosmarin, 50 g;2.95;5.9;0.1534;7610632994498;0;0;1;0;
90032154;74;2026-06-19;Bern;Früchte + Gemüse;;044715;8;;St;Salanova Multiblatt assortiert, 8 St;1.85;14.8;0.3848;7610632963678;0;0;1;0;
90032154;74;2026-06-19;Bern;Früchte + Gemüse;;044794;1;3.5;kg;Blattsalate assortiert spez. 3 Saisonblattsalate, 3,5 kg;5.9;20.65;0.5369;2984134035009;0;0;1;0;
90032154;74;2026-06-19;Bern;Früchte + Gemüse;;044794;1;3.5;kg;Blattsalate assortiert spez. 3 Saisonblattsalate, 3,5 kg;5.9;20.65;0.5369;2984134035009;0;0;1;0;
90032154;74;2026-06-19;Bern;Früchte + Gemüse;;047972;1;9.35;kg;Wassermelone Dumara, ca. 9 kg;1.7;15.895;0.41327;2917234093501;0;0;1;0;
90032154;74;2026-06-19;Bern;Food;;345770;4;;Bt;American Sandwich Toast nature, 825 g;2.92;11.68;0.30368;3228850000590;0;1;1;0;
90032154;74;2026-06-19;Bern;Food;;565650;2;;Kt;Heinz Tomato Ketchup, Beutel Cube, 100 x 20 g;17.45;34.9;0.9074;5000157104885;0;0;1;0;
90032154;67;2026-05-22;Bern;Früchte + Gemüse;;000079;1;;St;Ifco LiftLock;3.2;3.2;0;;0;0;0;0;
90032154;67;2026-05-22;Bern;Früchte + Gemüse;;047108;10;;Sc;Erdbeeren, Inland, 10 x 500 g;4.3;43;1.118;7610632290095;0;1;1;0;
90032154;67;2026-05-22;Bern;Nearfood;;882290;1;;St;ipuro Raumduft Essentials, Flower Bowl, 100 ml;14.6;14.6;1.1826;4051281967489;0;0;3;0;
90032154;67;2026-05-22;Bern;Nearfood;;882300;1;;St;ipuro Raumduft Essentials, Cedar Wood, 100 ml;14.6;14.6;1.1826;4051281967533;0;0;3;0;
90032154;67;2026-05-22;Bern;Nonfood;;990451;2;;St;Kiboni Sektflaschenverschluss silber;6.25;12.5;1.0125;4250985800126;0;0;2;0;
90032154;66;2026-05-22;Bern;Metzgerei;;050151;1;0.705;kg;Metzger Kotelette (Schwein), 2 x ca. 340 g;13.99;9.863;0.256438;2905415007058;0;1;1;0;
90032154;66;2026-05-22;Bern;Metzgerei;;050151;1;0.875;kg;Metzger Kotelette (Schwein), 2 x ca. 340 g;13.99;12.2413;0.3182738;2905415008758;0;1;1;0;
90032154;66;2026-05-22;Bern;Metzgerei;;050151;1;0.8;kg;Metzger Kotelette (Schwein), 2 x ca. 340 g;13.99;11.192;0.290992;2905415008000;0;1;1;0;
90032154;66;2026-05-22;Bern;Metzgerei;;055211;1;1.282;kg;Schweins-Spare Ribs, ca. 1 kg;20.9;26.7938;0.6966388;2934109012825;0;0;7;0;
90032154;66;2026-05-22;Bern;Metzgerei;;055211;1;1.36;kg;Schweins-Spare Ribs, ca. 1 kg;20.9;28.424;0.739024;2934109013600;0;0;7;0;
90032154;66;2026-05-22;Bern;Getränke;;692120;24;;Fl;Birra Moretti, 24 x 33 cl;0.89;21.36;1.73016;7610055652418;0;1;3;0;
90032154;66;2026-05-22;Bern;Getränke;;694560;20;;Fl;Eptinger Still 50 cl Mehrweg;0.72;14.4;0.3744;7614400006024;0;0;1;0;
90032154;66;2026-05-22;Bern;Getränke;;698340;-20;;St;Eptinger Blau/Rot/Grün MW 50cl;0.3;-6;0;69834060;0;0;0;0;
90032154;66;2026-05-22;Bern;Getränke;;698340;20;;St;Eptinger Blau/Rot/Grün MW 50cl;0.3;6;0;;0;0;0;0;
90032154;66;2026-05-22;Bern;Getränke;;698343;-1;;St;Eptinger Harasse leer;5;-5;0;69834370;0;0;0;0;
90032154;66;2026-05-22;Bern;Getränke;;698343;1;;St;Eptinger Harasse leer;5;5;0;;0;0;0;0;
90032154;64;2026-04-27;Bern;Metzgerei;;072151;20;;St;Quality Poulet Cordon bleu, geformt, paniert, frittiert, tiefgekühlt, 20 x 150 g;2.29;45.8;1.1908;7610162372810;0;1;1;0;
90032154;64;2026-04-27;Bern;Früchte + Gemüse;;091602;4;;Bt;Kadi Rösti fixfertig im Alubeutel, frisch, Suisse Garantie,  4 x 2,5 kg;13.1;52.4;1.3624;7610314204006;0;0;1;0;
90032154;64;2026-04-27;Bern;Spirituosen;;652361;2;;Fl;Honorable Porto Rot 19%, 1 l;9.99;19.98;1.61838;7614101461108;0;1;3;0;
90032154;63;2026-05-29;Bern;Früchte + Gemüse;;000079;1;;St;Ifco LiftLock;3.2;3.2;0;;0;0;0;0;
90032154;63;2026-05-29;Bern;Früchte + Gemüse;;047753;1;1;kg;Limetten / Limes, ca. 1 kg;3.1;3.1;0.0806;2905053010007;0;0;1;0;
90032154;63;2026-05-29;Bern;Früchte + Gemüse;;047753;1;1;kg;Limetten / Limes, ca. 1 kg;3.1;3.1;0.0806;2905053010007;0;0;1;0;
90032154;63;2026-05-29;Bern;Früchte + Gemüse;;048827;6;;kg;Zitronen, 6 kg;2.95;17.7;0.4602;7610632320723;0;0;1;0;
90032154;63;2026-05-29;Bern;Früchte + Gemüse;;090732;5;;kg;Quality Beerenmischung, TK, 2 x 2,5 kg;8.7;43.5;1.131;7610034512443;0;0;1;0;
90032154;63;2026-05-29;Bern;Food;;106470;12;;St;Chiefs Protein Bar Crispy Cookie, 55 g;2.19;26.28;0.68328;01076401517101561527011910L202102;0;0;1;0;
90032154;63;2026-05-29;Bern;Food;;116420;25;;St;Ovomaltine Crisp Müesli Snack, 25 x 25 g;1.06;26.5;0.689;7612100908044;0;0;1;0;
90032154;63;2026-05-29;Bern;Food;;123070;2;;Pk;Country Riegel Milch, 6 x 28 g;2.99;5.98;0.15548;7627534189457;0;0;7;0;
90032154;63;2026-05-29;Bern;Food;;123080;2;;Pk;Country Riegel Choco Apfel zuckerfrei,   9 x 28 g;3.79;7.58;0.19708;7627534459710;0;0;7;0;
90032154;63;2026-05-29;Bern;Food;;187190;18;;St;Snickers Protein, 18 x 47 g;2.69;48.42;1.25892;05000159516204;0;0;1;0;
90032154;63;2026-05-29;Bern;Getränke;;627361;12;;Fl;Schweppes Bitter Lemon PET, 50 cl;1.49;17.88;0.46488;7617500199184;0;0;7;0;
90032154;63;2026-05-29;Bern;Getränke;;627470;18;;Fl;Schweppes Indian Tonic PET, 1 l;2.35;42.3;1.0998;7617500199146;0;0;1;0;
90032154;63;2026-05-29;Bern;Getränke;;629181;24;;Fl;Corona Bier Extra Mexico, 4 x 6 x 33 cl;1.42;34.08;2.76048;5410228309079;0;0;8;0;
90032154;63;2026-05-29;Bern;Getränke;;641780;6;;Fl;Valais Prickelnd 6 x 1,5 l;1.09;6.54;0.17004;7617500195193;0;0;7;0;
90032154;63;2026-05-29;Bern;Getränke;;682151;72;;Fl;Henniez blau ohne Kohlensäure, 4 x 6 x 50 cl;0.79;56.88;1.47888;7610235240336;0;0;1;0;
90032154;63;2026-05-29;Bern;Getränke;;682291;24;;Fl;Henniez grün, leicht Prickelnd, 4 x 6 x 50 cl;0.79;18.96;0.49296;7610235240565;0;0;1;0;
90032154;63;2026-05-29;Bern;Getränke;;682950;48;;Fl;Coca-Cola Zero 24 x 50 cl;1.35;64.8;1.6848;5449000134493;0;0;1;0;
90032154;63;2026-05-29;Bern;Getränke;;683800;24;;Fl;Coca-Cola 24 x 50 cl;1.35;32.4;0.8424;5449000017673;0;0;1;0;
90032154;63;2026-05-29;Bern;Getränke;;691061;1;;Fl;Monin Sirup Grenadine, Flasche zu 70 cl;9.4;9.4;0.2444;3052910056254;0;0;1;0;
90032154;63;2026-05-29;Bern;Nonfood;;928166;4;;St;Freezy Kühltasche Prodega, 54 x 34 x 28 cm;12.9;51.6;4.1796;7610034562790;0;0;2;0;
90032154;59;2026-07-03;Bern;Früchte + Gemüse;;000079;1;;St;Ifco LiftLock;3.2;3.2;0;2000007960008;0;0;0;0;
90032154;59;2026-07-03;Bern;Molkerei/Backwaren;;019171;13;;Bt;Züger Burrata, 2 x 125 g;4.75;61.75;1.6055;7640166799818;0;0;7;0;
90032154;59;2026-07-03;Bern;Molkerei/Backwaren;;019372;2;;St;Soignon Bûche de chèvre, Weichkäse, 1 kg;16.2;32.4;0.8424;3523230038584;0;0;1;0;
90032154;59;2026-07-03;Bern;Früchte + Gemüse;;047139;10;;Sc;Erdbeeren Import, 10 x 500 g;4.75;47.5;1.235;7610632320631;0;0;1;0;
90032154;59;2026-07-03;Bern;Metzgerei;;086713;1;1.876;kg;Bell Schwarzwald Rohschinken 1/2 ca. 1,5 kg;19.4;36.3944;0.9462544;2992423018763;0;0;1;0;
90032154;59;2026-07-03;Bern;Früchte + Gemüse;;094780;15;;kg;Ice Factory Eiswürfel, 3 x 5 kg;1.9;28.5;0.741;7640109210110;0;0;1;0;
90032154;59;2026-07-03;Bern;Food;;102950;10;;kg;Quality Suisse Garantie Paniermehl hell, 5 kg;4.25;42.5;1.105;7610034519701;0;0;1;0;
90032154;59;2026-07-03;Bern;Nonfood;;901190;1;;Pk;VC999 Vakuumbeutel kochfest 90 µm, 300 x 400 mm, Pack zu 100 Stück;30.99;30.99;2.51019;7640144910082;0;1;2;0;
90032154;58;2026-07-03;Bern;Nearfood;;882291;2;;Ds;Syoss Haar-Spray Max Hold, 400 ml;6.1;12.2;0.9882;4015100817867;0;0;2;0;
90032154;58;2026-07-03;Bern;Nearfood;;892907;1;;St;L'Oréal Men Expert Hydra Energy Anti-Glanz Gel, 50 ml;9.1;9.1;0.7371;3600524071004;0;0;2;0;
90032154;58;2026-02-21;Bern;Früchte + Gemüse;;091020;4;;Bt;Kadi Elite Rösti frisch, 2 Beutel à 2,5 kg;15.9;63.6;1.6536;7610314140502;0;0;1;0;
90032154;58;2026-02-21;Bern;Früchte + Gemüse;;091602;4;;Bt;Kadi Rösti fixfertig im Alubeutel, frisch, Suisse Garantie,  4 x 2,5 kg;13.1;52.4;1.3624;7610314204006;0;0;1;0;
90032154;58;2026-02-21;Bern;Nonfood;;989030;2;;Rl;Vakuumbeutel-Etiketten +2° grün ablösbar, 2 Rollen zu 500 Stück;7.4;14.8;1.1988;7610034563872;0;0;2;0;
90032154;58;2026-02-21;Bern;Nonfood;;989380;2;;Rl;Vakuumbeutel Etiketten -18° tiefgekühlt am blau 2 Rollen zu 500 Stück;7.4;14.8;1.1988;7640141940013;0;0;2;0;
